/*
SQLyog Professional v12.09 (64 bit)
MySQL - 8.0.13 : Database - ttms
*********************************************************************
*/

/*!40101 SET NAMES utf8 */;

/*!40101 SET SQL_MODE=''*/;

/*!40014 SET @OLD_UNIQUE_CHECKS=@@UNIQUE_CHECKS, UNIQUE_CHECKS=0 */;
/*!40014 SET @OLD_FOREIGN_KEY_CHECKS=@@FOREIGN_KEY_CHECKS, FOREIGN_KEY_CHECKS=0 */;
/*!40101 SET @OLD_SQL_MODE=@@SQL_MODE, SQL_MODE='NO_AUTO_VALUE_ON_ZERO' */;
/*!40111 SET @OLD_SQL_NOTES=@@SQL_NOTES, SQL_NOTES=0 */;
CREATE DATABASE /*!32312 IF NOT EXISTS*/`ttms` /*!40100 DEFAULT CHARACTER SET utf8 */;

USE `ttms`;

/*Table structure for table `employee` */

DROP TABLE IF EXISTS `employee`;

CREATE TABLE `employee` (
  `emp_id` int(11) NOT NULL AUTO_INCREMENT COMMENT '员工id',
  `emp_no` char(20) NOT NULL COMMENT '员工账号',
  `emp_pwd` char(20) NOT NULL COMMENT '账号密码',
  `emp_role` int(1) NOT NULL COMMENT '权限：1-售票员，2-经理， 3-影院管理员',
  `emp_name` char(20) CHARACTER SET utf8 COLLATE utf8_general_ci DEFAULT NULL COMMENT '员工姓名',
  `emp_gender` int(1) DEFAULT NULL COMMENT '0 女; 1 男',
  `emp_telnum` char(11) DEFAULT NULL COMMENT '员工电话',
  `emp_email` varchar(100) DEFAULT NULL COMMENT '员工邮箱',
  `emp_status` int(1) DEFAULT '1' COMMENT '1 启用；0 禁用',
  PRIMARY KEY (`emp_id`),
  UNIQUE KEY `emp_no` (`emp_no`)
) ENGINE=InnoDB AUTO_INCREMENT=41 DEFAULT CHARSET=utf8;

/*Data for the table `employee` */

insert  into `employee`(`emp_id`,`emp_no`,`emp_pwd`,`emp_role`,`emp_name`,`emp_gender`,`emp_telnum`,`emp_email`,`emp_status`) values (1,'root','654321',3,'超级管理员',NULL,NULL,NULL,1),(28,'malihe','mahe2002429',2,NULL,NULL,NULL,NULL,1),(29,'itsmerjw','87654321',3,NULL,NULL,NULL,NULL,1),(32,'itsmepcy','pcy123456789',3,NULL,NULL,NULL,NULL,1),(33,'slwslw','12345678',2,NULL,NULL,NULL,NULL,1),(34,'Summerice','cdmmsws23456879',2,NULL,NULL,NULL,NULL,1),(35,'testsaler','12345678',1,NULL,NULL,NULL,NULL,1),(36,'testjingli','12345678',2,NULL,NULL,NULL,NULL,1),(37,'zwd0210','12345678',3,NULL,NULL,NULL,NULL,1),(38,'sq1234','12345678',3,NULL,NULL,NULL,NULL,1),(39,'zzn123','12345678',3,NULL,NULL,NULL,NULL,1),(40,'wangxuan','12345678',2,NULL,NULL,NULL,NULL,1);

/*Table structure for table `movie` */

DROP TABLE IF EXISTS `movie`;

CREATE TABLE `movie` (
  `mid` int(11) NOT NULL AUTO_INCREMENT,
  `title` char(20) NOT NULL COMMENT '电影名',
  `actor` blob NOT NULL COMMENT '演员表',
  `type` char(100) CHARACTER SET utf8 COLLATE utf8_general_ci NOT NULL COMMENT '电影类型',
  `area` char(100) CHARACTER SET utf8 COLLATE utf8_general_ci NOT NULL COMMENT '制片地区',
  `language` char(100) CHARACTER SET utf8 COLLATE utf8_general_ci NOT NULL COMMENT '语言',
  `releaseDate` bigint(20) NOT NULL COMMENT '时间戳,上映日期',
  `filmlen` int(11) NOT NULL COMMENT '片长',
  `introduction` blob NOT NULL COMMENT '简介',
  `rate` float NOT NULL COMMENT '豆瓣评分',
  `cover` char(25) CHARACTER SET utf8 COLLATE utf8_general_ci NOT NULL COMMENT '图片',
  PRIMARY KEY (`mid`)
) ENGINE=InnoDB AUTO_INCREMENT=391 DEFAULT CHARSET=utf8;

/*Data for the table `movie` */

insert  into `movie`(`mid`,`title`,`actor`,`type`,`area`,`language`,`releaseDate`,`filmlen`,`introduction`,`rate`,`cover`) values (156,'金刚川','张译;吴京;李九霄;魏晨;邓超;欧豪;邱天;周思羽;刘显达;石昊正;','剧情;战争;','中国大陆;','汉语普通话;英语;',1623175908160,122,'1953年，抗美援朝战争进入最终阶段，志愿军在金城发动最后一场大型战役。为在指定时间到达，向金城前线投放更多战力，志愿军战士们在物资匮乏、武装悬殊的情况下，不断抵御敌机狂轰滥炸，以血肉之躯一次次修补战火中的木桥。一段鲜为人知的历史，在暗流涌动的金刚川上徐徐展开......',6.5,'1623175908202332236.jpg'),(157,'黑白魔女库伊拉','艾玛·斯通;艾玛·汤普森;乔尔·弗莱;保罗·沃尔特·豪泽;约翰·麦克雷;艾米丽·比查姆;马克·斯特朗;凯万·诺瓦克;柯尔比·豪威尔-巴普蒂斯特;詹米·德米特鲁;尼亚姆·林奇;安德鲁·梁;艾德·伯奇;迪伦·洛;保罗·巴泽利;亚伯拉罕·波波拉;里奥·比尔;妮妮特·芬奇;莎拉·克劳登;阿斯玛拉·加布里埃;汤姆·特纳;托马斯·派登;克里斯·雷曼;安部春香;珍妮特·亨弗瑞;杰奎琳·陈;赫梅尔妮·加利福德;彼得·辛格;保罗·乔杜里;蒂姆·斯蒂德;乔舒亚·希尔;简·豪;杰拉丁·菲茨杰拉德;蒂珀·塞弗特·克利夫兰;吉安尼·卡尔切蒂;贝恩·科拉科;妮科尔·亨布拉;','喜剧;犯罪;','美国;','英语;',1623176005847,134,'影片改编自道迪·史密斯的小说，故事设定在20世纪70年代朋克摇滚革命时期的伦敦，讲述了一个名叫艾丝黛拉（艾玛·斯通饰）的年轻骗子的故事。艾丝黛拉是一个聪明又有创意的女孩，她决心用自己的设计让自己出名。她和一对欣赏她的恶作剧嗜好的小偷交上了朋友，并能够一起在伦敦的街道上建立自己的生活。有一天，艾丝黛拉的时尚品味吸引了冯·赫尔曼男爵夫人（艾玛·汤普森饰）的眼球，她是一位时尚界的传奇人物，拥有毁灭性的时尚和可怕的高雅，但他们的关系引发了一系列事件，导致艾丝黛拉去拥抱她的邪恶一面，成为了兼具疯狂、时尚和报复心的库伊拉。',6.9,'1623176005887538606.jpg'),(158,'我啊，走自己的路','田中裕子;苍井优;东出昌大;滨田岳;青木崇高;宫藤官九郎;','剧情;','日本;','日语;',1623176055929,138,'75岁的桃子独自生活在东京郊外。20岁时为避免包办婚姻逃到东京以来，桃子凭自己意愿组建家庭并幸福生活了55年。在丈夫猝死之后，和平度过暮年的计划遭到挫败，成为独居老人的桃子却意外收获了三个精神伙伴，于是重拾昔日活力，伴随相互交织的回忆和现实，重新审视过往的一生。日本名导冲田修一的新作改编自63岁出道的日本女作家若竹千佐子的同名自传体小说，老戏骨田中裕子饰演主人公桃子，苍井优饰演20-34岁的桃子。',7.3,'1623176055968507141.jpg'),(159,'剧场版 美少女战士Eternal 前篇','三石琴乃;金元寿子;佐藤利奈;小清水亚美;伊藤静;福圆美里;野岛健儿;渡边直美;菜菜绪;','爱情;动画;奇幻;','日本;','日语;',1623176076153,160,'2017年6月30日，在东映丸之内剧院举办的“美少女战士25周年：月野兔庆生活动”中，官方发表了《美少女战士Crystal》系列动画的最新情报，将以两部剧场版（前、后篇）的形式推出第四期“DeadMoon死亡之月”篇动画，同时第三季的导演今千秋也将继续执导。2018年美国时间6月30日，在月野兔庆生event中，官方确认在90年代版动画中担当人设师并深受大家喜爱的只野和子老师，将回归负责第四季剧场版的人设工作。',6.8,'1623176076194713573.jpg'),(160,'461个便当','井之原快彦;道枝骏佑;森七菜;若林时英;阿部纯子;映美藏良;野间口彻;KREVA;やついいちろう;坂井真纪;倍赏千惠子;','家庭;','日本;','日语;',1623176076667,0,'铃木一树（井之原快彦饰)与妻子离婚后带着儿子虹辉（道枝骏佑饰)一起生活，儿子正处于多愁善感的十五岁，一树感觉很对不起孩子，虹辉高中考试失败，第二年春天才合格，孩子希望中午能吃爸爸亲手做的便当，于是两人有了一个约定，一树三年每天给儿子做便当，儿子三年间风雨无阻去上学，为了心爱的儿子，一树开始了制作便当的历程。',6.6,'1623176076705381884.jpg'),(161,'老友记重聚特辑','詹妮弗·安妮斯顿;柯特妮·考克斯;马修·派瑞;大卫·休默;丽莎·库卓;马特·勒布朗;瑞茜·威瑟斯彭;Lady Gaga;大卫·贝克汉姆;贾斯汀·比伯;詹姆斯·柯登;辛迪·克劳馥;卡拉·迪瓦伊;埃利奥特·古尔德;基特·哈灵顿;拉里·哈金;敏迪·卡灵;托马斯·列农;克里斯蒂娜·皮克勒斯;汤姆·塞立克;詹姆斯·迈克尔·泰勒;玛姬·惠勒;马拉拉·尤萨夫扎伊;BTS;','喜剧;爱情;','美国;','英语;',1623176077481,104,'《老友记Friends》主创之一MartaKauffman早前在Tribeca电视节的《老友记》25周年活动上指，他们绝对不会拍重聚剧或重启作，另一位主创DavidCrane则表示他们已经把剧拍好了，所以这就是完结了。不过呢……今天HBOMax指在计划弄一个重聚特辑，而且目前尚在谈判阶段中。目前这部94-04年的喜剧仍然有巨大影响力，单是JenniferAniston在进驻Instagram首日放出六名主演新合照就令她迅速增加了1000万以上追随者。',9.4,'1623176077520570330.jpg'),(162,'电锯惊魂9：漩涡','克里斯·洛克;塞缪尔·杰克逊;麦克思·明格拉;马利索·妮可;摩根·大卫·琼斯;阿莉·约翰逊;弗兰克·利卡里;约翰·托卡特利迪斯;佐伊·帕尔默;丹·皮特隆杰维奇;理查德·泽皮里;伊迪·英克斯特;莱拉·丽;克里斯托弗·泰;盖内尔·威廉姆斯;莱昂尼达斯·卡斯特罗尼斯;克里斯·柯林斯;纳齐恩·康特拉科特;卢克·加洛;乔什·斯托博格;','悬疑;惊悚;恐怖;','美国;加拿大;','英语;',1623176078332,93,'老鸟警探（塞缪尔·杰克逊SamuelL.Jackson饰）带领警探（克里斯·洛克ChrisRock饰）调查惨绝人寰的连环杀警案，“拼图杀人魔”重出江湖的传言，再度勾起所有人心中的恐惧。这次新的游戏规则，似乎直冲警察而来。每个命案现场留下的“死亡漩涡”，将把他们卷进难以抽身的血腥深渊之中……《电锯惊魂》第九部由第8部的两位编剧皮特·古德芬格和乔什·斯托伯格撰写剧本。执导了《电锯惊魂234》的达伦·林恩·鲍斯曼此番回归执导。',5.1,'1623176078369243102.jpg'),(163,'哆啦A梦：伴我同行2','水田山葵;大原惠美;嘉数由美;木村昴;关智一;妻夫木聪;宫本信子;三石琴乃;松本保典;笨蛋节奏;羽鸟慎一;','剧情;动画;','日本;','日语;',1623176078966,96,'某天，大雄（大原惠美配音）偶然发现了童年时奶奶为自己缝制的玩偶熊，于是央求哆啦A梦（水田山葵配音）去往过去看望已不再人世的奶奶（宫本信子配音），大雄与奶奶重逢之后，奶奶希望能看到大雄长大结婚时的样子，答应奶奶的大雄与哆啦A梦则再一次的返回了未来，婚礼如期举行的那天，所有人都到了场，但最重要的新郎成年大雄（妻夫木聪配音）居然不在现场，情急之下，哆啦A梦让大雄假扮成年时的自己与静香结婚（嘉数由美配音），然而真正的成年大雄究竟去了哪里呢？',7.4,'1623176079005569370.jpg'),(164,'扫黑·决战','姜武;张颂文;金世佳;李倩;赵毅;焦刚;尤勇智;刘琳;白志迪;王丽云;钱波;王佳佳;董博睿;徐可珑;张康乐;阿如那;蒋雪鸣;陈进;宗俊涛;涂圣成;王浩丞;吴双;范诗然;柳俊岐;秦海;钱漪;张天舒;王欣嘉;贾凤柱;王若溪;顾语涵;王峰;王建龙;张海怡;王静宇;','剧情;动作;犯罪;','中国大陆;','汉语普通话;',1623176079914,112,'该片是国内首部以“扫黑除恶”行动为题材、展现全国扫黑办督办案件的影视化作品，讲述某扫黑专案组组长宋一锐带领组员由一起征地案深入调查，突破层层阻挠，与幕后的黑恶势力展开激烈斗争，最终揭开腐败官员利用公职权力充当犯罪保护伞的虚伪面具，将犯罪分子绳之以法的故事。',6.2,'1623176079952932118.jpg'),(165,'人之怒','杰森·斯坦森;霍特·麦克卡兰尼;罗奇·威廉姆斯;乔什·哈奈特;杰弗里·多诺万;斯科特·伊斯特伍德;安迪·加西亚;道比·欧帕瑞;拉兹·阿隆索;劳尔·卡斯提洛;克里斯·雷利;埃迪·马森;尼芙·阿尔格;塔格·墨菲;马克·阿诺德;亚历克斯·费恩斯;乔什·柯德雷;杰森·王;罗伯·德兰尼;伊莱·布朗;凯瑞·莎勒;卡梅伦·杰克;达雷尔·席尔瓦;巴布斯·奥卢桑莫昆;多米尼克·托马斯;琳·勒内;蕾贝卡·卡尔德;伊芙·麦凯林;詹姆斯·沃伦;史蒂威·戴维斯;蒙塔娜·曼宁;安东尼·莫利纳利;','动作;犯罪;','美国;英国;','英语;',1623176080533,118,'在一次全副武装的运钞车劫案中，梅斯先生（杰森·斯坦森饰）的儿子作为案发目击者被劫匪杀害。怒火中烧的梅斯为报丧子之仇，化身H卧底成为运钞车安保，试图找出杀害他儿子的劫匪以及与劫匪暗中勾结的安保公司内鬼。',6.8,'1623176080571737561.jpg'),(166,'活死人军团','戴夫·巴蒂斯塔;艾拉·珀内尔;安娜·德拉·雷古拉;马提亚斯·施维赫夫;诺拉·阿娜泽德尔;真田广之;劳尔·卡斯提洛;迈克尔·卡西迪;加瑞特·迪拉胡特;萨曼莎·乔;西奥·罗西;欧玛瑞·哈德威克;泰格·诺塔洛;洛拉·玛汀内斯-康宁安;里昂·贝克维思;萨拉·明妮奇;切尔西·埃德蒙森;迈克尔·雷德·麦基;胡玛·库雷希;理查德·赛特伦;丹尼埃尔·布鲁吉奥;瑞恩·沃森;韦恩·达格利什;莎伊娜·瑞恩;戴维·鲍尔斯;乔恩·道格拉斯·雷尼;加里·A·赫克;斯蒂芬妮·希尔;罗比·德拉费勒;詹姆斯·凯迪;雅各布·布朗;大卫·冯·罗姆;费尔南多·劳拉;蒂莫西·奥蒂斯;','动作;科幻;恐怖;','美国;','英语;',1623176081109,148,'影片的故事发生在丧尸危机爆发的拉斯维加斯，在此期间，一名男子集结一群雇佣兵进行最终的赌博，冒险进入隔离区，以进行有史以来最大的劫案。',5.3,'1623176081145255718.jpg'),(167,'我的姐姐','张子枫;肖央;朱媛媛;段博文;梁靖康;金遥源;王圣迪;孙嘉灵;陈永胜;朴松日;','剧情;家庭;','中国大陆;','汉语普通话;四川话;',1623176081741,127,'影片围绕失去父母的姐姐在面对追求个人独立生活还是抚养弟弟的问题上展开了一段细腻感人的亲情故事。',7,'1623176081777226008.jpg'),(168,'明天会好的','姜逸磊;张超;吴玉芳;白客;周奇墨;小鹿;许歌;陆忠;','喜剧;爱情;','中国大陆;','汉语普通话;',1623176082389,101,'这是一部非常真实的爱情喜剧电影，每个人都能从中找到自己的影子。年近30岁但一事无成的女生萧渝（papi酱饰）在经历被炒鱿鱼、合租闺蜜突然宣布要抛弃她住进男友房子后，搬进了五环外一个简陋的出租屋内，这是她在这个大城市第九次搬家。迫于生计的萧渝决定去剧组看看机会，为了省钱把房子短租给了一个同样潦倒的小歌手季野（张超饰）。可是很快萧渝又被剧组辞退，只能提前回京可季野的租期未满，萧渝竟成了沙发客。两人从窘迫到搭伙过日子，生活越来越甜蜜，发生了许多啼笑皆非的事情……生活总是一地鸡毛，但水逆总会过去，相信明天会好的！',5,'1623176082425702154.jpg'),(169,'第十一回','陈建斌;周迅;大鹏;窦靖童;春夏;王学兵;宋佳;牛犇;刘金山;于谦;贾冰;黄建新;史航;方龄;李九霄;','剧情;喜剧;','中国大陆;','汉语普通话;',1623176083044,117,'30年前一桩杀人案，被市话剧团拿来改编成舞台剧，马福礼（陈建斌饰）作为杀人案的当事人，旧事重提让他的生活再起波澜。马福礼一边忙着和话剧团导演胡昆汀（大鹏饰）纠缠掰理，一边找律师翻案寻求真相还自己清白，还要忙着调和妻子金财铃（周迅饰）和女儿金多多（窦靖童饰）剑拔弩张的关系，生活给了他多记重锤……时隔多年，马福礼能否重新翻案？真相到底有几个？人生如戏，请君入席。',7.4,'1623176083085939421.jpg'),(170,'兹山鱼谱','薛景求;卞约汉;李姃垠;敏度希;柳承龙;','剧情;历史;古装;','韩国;','韩语;',1623176083721,126,'纯祖一年，丁若铨（薛景求饰）因受辛酉迫害事件影响被发配到遥远的黑山岛。来到岛上后，丁若铨对这里的海洋生物产生了浓厚的兴趣，并决定写一本关于海洋生物的书籍。他向在这里土生土长、熟识各种海洋生物的青年渔夫昌大（卞耀汉饰）寻求帮助，但最初昌大因丁若铨是戴罪之身而拒绝。后丁若铨了解到昌大在自学识字的过程中常遇到困难，于是提议将各自擅长的知识教授对方，昌大最终同意，两人也在相互碰撞中成为了彼此的良师益友。然而，丁若铨在得知昌大学习的目的是为仕途后大失所望，昌大也明白两人各有志向，亦师亦友的二人决定分道扬镳……',8.5,'1623176083759726009.jpg'),(171,'鬼灭之刃 剧场版 无限列车篇','花江夏树;鬼头明里;下野纮;松冈祯丞;日野聪;平川大辅;石田彰;樱井孝宏;小西克幸;早见沙织;铃村健一;关智一;杉田智和;森川智之;佐藤利奈;三木真一郎;桑岛法子;本渡枫;大地叶;小原好美;古贺葵;小山力也;丰口惠美;榎木淳弥;伊濑茉莉也;笠间淳;千本木彩花;江口拓也;山村响;广濑裕也;高桥伸也;秋保佐永子;仲村宗悟;中惠光城;','动画;','日本;','日语;',1623176084366,117,'该片基于吾峠呼世所著漫画《鬼灭之刃》创作而成，是2019年播出的TV动画的续篇，讲述灶门炭治郎和炼狱杏寿郎与下弦之壹魇梦作战的故事。',8.1,'1623176084405978509.jpg'),(172,'鬼吹灯之黄皮子坟','周澄奥;杨冬麒;孙雅丽;赵梓冲;刘超;','悬疑;奇幻;','中国大陆;','汉语普通话;',1623176085251,103,'地下阴宅戏腔绕梁，邪祟横行怪象不穷。胡八一、王胖子、燕子为求中邪真相，竟入吃人怪楼，纸人夺命、黄仙儿迷魂、活人献祭、死而复生......',6,'1623176085287824474.jpg'),(173,'夏目友人帐：石起和可疑来访者','神谷浩史;井上和彦;堀江一真;黑田崇矢;冈村明美;长岛雄一;松山鹰志;下崎纮史;','动画;奇幻;','日本;','日语;',1623176086073,51,'以短篇集的形式，推出两篇人气故事“唤石”与“可疑访客”。讲述天生拥有能够看见妖怪能力的夏目，和强大妖怪“斑”组成跨越人与妖怪的组合，为夏目崭新的高中生涯带来众多不同的邂逅…《唤石》篇夏目在森林中遇见小妖怪－「三美」，据它说，它身负著名为「唤石」的职责，负责将具备神格名叫「岩铁」的妖怪从沉睡中唤醒。不过猫咪老师和妖怪们垂涎任务完成后能得到的美酒奖赏，计画要夺取唤石一职。夏目担心三美，决心出手相助――。《可疑的访客》篇田沼身边出现一位不可思议的客人。每天都会出现在他身边，只跟他说了一些话便离去。夏目得知该位客人的真实身分是妖怪后虽然很担心田沼，但田沼本人却对跟妖怪的交流乐在其中。虽然这妖怪似乎无意作恶，但田沼的身体却日渐虚弱。',9,'1623176086111448797.jpg'),(174,'酒精计划','麦斯·米科尔森;托玛斯·博·拉森;马格努斯·米兰;拉斯·兰特;玛利亚·邦妮薇;海伦娜·赖因科德·纳曼;苏西·沃德;艾伯特·鲁德贝克·林哈特;弗莱德瑞克·温瑟·拉斯穆森;多尔特·回斯特德;莫滕·桑博;奥勒·杜邦;比尔·克林顿;列昂尼德·伊里奇·勃列日涅夫;让-克洛德·容克;安格拉·默克尔;欧尔班·维克托;尼古拉·萨科齐;鲍里斯·尼古拉耶维奇·叶利钦;Silas Cornelius Van;Martin Greis-Rosenthal;Magnus Sjørup;Aksel Vedsegaard;Gustav Sigurth Jeppesen;Aya Grann;','剧情;喜剧;','丹麦;瑞典;荷兰;','丹麦语;瑞典语;',1623176086746,117,'本片将围绕马丁(米科尔森饰)和他三个朋友展开，这四个高中老师为了摆脱日常的循规蹈矩，开始了一项持续醉酒的实验。虽然计划最初很成功，但最终失败了。',7.7,'1623176086782619663.jpg'),(175,'小人物','鲍勃·奥登科克;阿列克谢·谢列布里亚科夫;康妮·尼尔森;克里斯托弗·洛伊德;迈克尔·艾恩塞德;科林·萨蒙;罗伯特·菲茨杰拉德·迪格斯;比利·麦克莱伦;阿拉亚·门格沙;盖奇·芒罗;佩斯利·卡多拉思;亚历山大·帕里;亨伯利·冈萨雷斯;爱德森·莫拉莱斯;J·P·马诺克斯;伊利亚·奈舒勒;谢尔盖·希纳罗维;斯蒂芬妮·西;鲁斯兰·鲁辛;Bj·韦罗;达雅·查库莎;亚当·哈蒂格;克里斯汀·哈里斯;埃里克·阿塔瓦尔;沙龙·巴杰;鲍里斯·古利亚林;丹尼尔·伯哈特;阿兰·莫西;泰瑞·威瑟斯庞;吉姆·科比;','动作;犯罪;','美国;日本;','西班牙语;俄语;英语;',1623176087355,92,'一天晚上，Hutch（鲍勃·奥登科克BobOdenkirk饰）位于郊区的家中遭两名小偷闯入。为了避免暴力冲突，Hutch没有为自己或是家人反击。他的儿子Blake（盖奇·芒罗GageMunroe饰）对他感到很失望，他的老婆Becca（康妮·尼尔森ConnieNielsen饰）似乎也因此更加疏远他。这起事件激发了Hutch心中压抑许久的情绪和本能，促使他走上残酷的道路，将揭露他黑暗的秘密和致命的能力。在拳头、枪弹和急速行驶的车阵中，Hutch必须从危险的敌人（阿列克谢·谢列布里亚科夫AlexeySerebryakov饰）手中救出自己的家人，并确保别人不会再把他视作无名小卒。',7.9,'1623176087392724763.jpg'),(176,'寻汉计','任素汐;李保田;王子川;张本煜;李勤勤;董博;仁龙;史航;柳小海;刘丹;曹征;赵晓苏;','喜剧;','中国大陆;中国香港;','汉语普通话;',1623176088043,106,'2016年伊始，大龄女青年王招（任素汐饰）离婚后发现自己怀了前夫的孩子，然而此时非婚生子女尚不能登记户口，千方百计想留下这个孩子的她，在姥爷（李保田饰）的热心“帮助”下，开启了一段阴差阳错的“寻汉”之旅……',6.2,'1623176088079755745.jpg'),(177,'普吉岛的最后黄昏','普提蓬·阿萨拉塔纳功;克里特·安努艾德奇康;','剧情;喜剧;同性;','泰国;','泰语;',1623176088590,0,'德与欧儿即将迎接曼谷的大学生活，离开普吉岛之前的一天，德要给欧儿一个特别的一天……',9.5,'1623176088627912447.jpg'),(178,'窗里的女人','艾米·亚当斯;加里·奥德曼;安东尼·麦凯;朱丽安·摩尔;詹妮弗·杰森·李;怀亚特·罗素;弗莱德·赫钦格;布莱恩·泰里·亨利;珍妮·塞拉尔斯;莉莎·科伦-扎亚斯;安娜‧卡梅隆;本杰明·杰伊·戴维斯;阿曼达·拉比诺维茨;崔西·莱茨;马塞拉·伦茨·波普;黛安·德恩;Donat Balaj;Rand Guerrero;Mariah Bozeman;','剧情;惊悚;犯罪;','美国;','英语;',1623176089156,101,'乔·赖特(《至暗时刻》《赎罪》《傲慢与偏见》)将执导悬疑惊悚新片《窗里的女人》(TheWomanintheWindow)，根据A.J.Finn所著同名畅销小说改编，崔西·莱茨(《八月:奥色治郡》《伯德小姐》)操刀剧本。讲述女主角AnnaFox隐居在纽约家中，酗酒、看老电影、回忆曾经的美好，以及暗中监视她的邻居们。当罗素一家三口搬来后，Anna某晚透过窗户看到了不该看的东西，她的世界开始支离破碎，令人震惊的秘密开始显露出来。',6,'1623176089198739065.jpg'),(179,'酸酸甜甜','张基永;蔡秀彬;郑秀晶;赵汉哲;吴素贤;','爱情;','韩国;','韩语;',1623176089802,102,'因一见钟情而开始恋爱，但因就业问题而身心疏远的情侣的爱情电影。',7,'1623176089838853590.jpg'),(180,'非常保镖','邵庄;安宁;大牛;包志强;','喜剧;悬疑;','中国大陆;','汉语普通话;',1623176090441,103,'故事讲述了因为一场车祸失去双腿的童松（邵庄饰）与技术顾问安宁（安宁饰）、安全顾问梁猛（大牛饰）合伙开办保镖公司。不料保镖团的第一单任务就遭遇不少意外，在各方势力暗流涌动之下，童松抽丝剥茧与罪犯展开斗智斗勇……',6.8,'1623176090478626591.jpg'),(181,'唐人街探案3','王宝强;刘昊然;妻夫木聪;托尼·贾;长泽雅美;染谷将太;铃木保奈美;浅野忠信;三浦友和;尚语贤;肖央;张子枫;邱泽;张钧甯;马伯骞;程潇;陈哲远;李明轩;崔雨鑫;张一白;文咏珊;张熙然;克拉拉;树林伸;刘德华;陈思诚;平山日和;奥田瑛二;六平直政;酒向芳;秋山成勋;桥本爱实;长井短;宇治清高;张国强;大鹏;陈祉希;林沐然;','喜剧;悬疑;','中国大陆;中国香港;日本;','汉语普通话;日语;英语;泰语;',1623176091447,136,'继曼谷、纽约之后，东京再出大案。唐人街神探唐仁（王宝强饰）、秦风（刘昊然饰）受侦探野田昊（妻夫木聪饰）的邀请前往破案。“CRIMASTER世界侦探排行榜”中的侦探们闻讯后也齐聚东京，加入挑战，而排名第一Q的现身，让这个大案更加扑朔迷离，一场亚洲最强神探之间的较量即将爆笑展开……',5.4,'1623176091483861610.jpg'),(182,'无依之地','弗兰西斯·麦克多蒙德;大卫·斯特雷泽恩;德里克·贾尼斯;泰·斯特雷泽恩;卡特·克利福德;彼得·斯皮尔斯;盖伊·德福雷斯特;帕特里夏·格里尔;琳达·梅;安吉拉·雷耶斯;卡尔·R·休斯;道格拉斯·G·苏尔;瑞安·阿基诺;特蕾莎·布坎南;凯莉·林恩·麦克德莫特·怀尔德;布兰迪·威尔伯;马克西·埃切维里;鲍勃·威尔斯;安妮特·威尔斯;瑞秋·班农;夏琳·斯旺基;','剧情;','美国;德国;','英语;',1623176092405,108,'基于JessicaBruder所著书籍《Nomadland:SurvivingAmericaintheTwenty-FirstCentury》，讲述一个60多岁的女人在经济大萧条中失去了一切，她作为一个居住在货车里的现代游牧民，开始了穿越美国西部的旅程。',8.3,'1623176092441598366.jpg'),(183,'奇花记','茅子俊;徐沐婵;吴佩柔;蔡宜达;洪剑涛;','奇幻;古装;','中国大陆;','汉语普通话;',1623176093055,82,'改编自《聊斋志异·葛巾》。入赘相府数年的常在田,衣冠光鲜地带着随从魏新突然回到了七年未归的故乡鹿韭村。发现当年的恋人曹玉在自己进京赶考后不久便惨遭山匪杀害,全家人亦无一幸免。见此惨状,常在田心中悲痛但却又暗自侥幸。回乡当晚,常在田在曹府旧宅离奇地遇到一位与曹小姐相貌一致的姑娘阿玉。短暂相处中,常在田觉得她举手投足间都是曹小姐当年的影子。与此同时,村庄不断发生离奇怪事,降妖术士桑道人,更口口声声说鹿韭村怨气深重,有妖怪作祟。如世外桃源的小山村里,诡异的氛围顿时弥漫开来。眼前的阿玉究竟是谁?村民的讳莫如深又隐藏了什么秘密?看似不起眼的随从魏新又怀揣着什么秘密?面对错综复杂的局面,暗藏在鹿韭村的妖异也向常在田伸出了魔爪…',4.6,'1623176093093243217.jpg'),(184,'剧场版 情色小说家~playback~','竹财辉之助;猪塚健太;吉田宗洋;大石吾朗;松本若菜;奥野壮;小林凉子;前野朋哉;','剧情;爱情;同性;','日本;','日语;',1623176093732,107,'电视剧《官能小说家》、《靛蓝色的心情》系列的第三部，也是最终章。故事描绘了竹财饰演的木岛理生，和猪冢饰演的久住春彦，两人怀抱着对彼此的心意却还是产生了隔阂，为共同的未来而纠结苦恼的身影。',6.8,'1623176093769129680.jpg'),(185,'黑道与家族','绫野刚;馆博;北村有起哉;尾野真千子;市原隼人;岩松了;丰原功补;矶村勇斗;寺岛忍;','剧情;犯罪;','日本;','日语;',1623176094391,136,'凭借《新闻记者》荣获2019年日本电影学院奖最佳影片的藤井道人导演，其最新力作转而呈现黑帮家族史诗，以1999，2005，2019三个年份为切入点，故事线跨越平成与令和时代的风云变迁，以极度压迫性的镜头语言诠释现代社会中的黑社会真相以及黑道族人的生存准则。绫野刚再度贡献影帝级别的表演，实力演绎年少漂泊被黑帮收留的主人公贤治，自此一生陷入残酷恶斗与亲情挚爱的两难之中。',7.7,'1623176094432663320.jpg'),(186,'扎克·施奈德版正义联盟','本·阿弗莱克;亨利·卡维尔;盖尔·加朵;杰森·莫玛;埃兹拉·米勒;雷·费舍尔;艾米·亚当斯;威廉·达福;杰西·艾森伯格;杰瑞米·艾恩斯;戴安·琳恩;康妮·尼尔森;J·K·西蒙斯;塞伦·希德;郑恺;艾梅柏·希尔德;乔·莫顿;丽莎·洛文·孔斯利;大卫·休里斯;安·奥戈博莫;奥古斯塔·艾娃·艾伦德斯杜提尔;克里斯特比约格·凯尔德;英格瓦·埃盖特·西古德松;马克·麦克卢尔;迈克尔·麦克埃尔哈顿;约翰·达格尔什;拉腊·德坎罗;罗比·基;吉姆·斯图格恩;杜晨·科洛斯;埃莉诺·松浦;萨曼莎·乔;布鲁克恩斯;杰罗姆·普拉顿;理查德·克里弗特;文森特·里奥特;马克·阿诺德;彼得·吉尼斯;赛吉·康斯坦斯;奥萝尔·劳泽瑞尔;朱利安·刘易斯·琼斯;雷·波特;弗朗西斯·麦基;科雷西·克莱门斯;露西·布莱尔斯;威尔·柯班;凯伦·布莱森;克里斯蒂·梅尔;吉安皮罗·科格诺利;寇布勒·霍尔德布鲁克-史密斯;凯文·马图林;泰勒·詹姆斯;布鲁斯·钟;奥赖恩·李;奥利弗·加茨;凯莉·波尔克;奥利弗·鲍威尔;哈里·伦尼克斯;欧米·罗斯;萨姆·本杰明;卡拉·古奇诺;罗素·克劳;扎克·施奈德;','动作;科幻;奇幻;冒险;','美国;','英语;',1623176095228,242,'布鲁斯·韦恩（本·阿弗莱克饰）为了确保不让超人（亨利·卡维尔饰）白白牺牲，他决定与戴安娜·普林斯（盖尔·加朵饰）联手并计划招募一支超能力者团队来保护世界免遭即将到来的灾难性威胁。但这项任务比布鲁斯想象中要困难，因为每位成员都必须面对并跨越自己过去的心魔，团结起来，最终形成一个前所未有的英雄联盟。蝙蝠侠、神奇女侠、海王（杰森·莫玛饰）、钢骨（雷·费舍饰）、闪电侠（埃兹拉·米勒饰）现在必须联合起来，否则就无法阻止荒原狼（塞伦·希德饰）、狄萨德（彼得·吉尼斯饰）以及达克赛德（雷·波特饰）毁灭地球的可怕计划。',8.2,'1623176095268370836.jpg'),(187,'正义骑士','麦斯·米科尔森;尼古拉·雷·卡斯;罗兰·默勒;古斯塔夫·林德;尼可拉斯·布若;拉尔斯·博格曼;雅各布·乌尔里克·罗曼;艾伯特·鲁德贝克·林哈特;蒙坦·瑟贝尔;Jesper Groth;丽克·路易丝·安德森;Jesper Ole Feit Andersen;古斯塔夫·代克尔吉塞;Andrea Heick Gadeberg;Rigmor Ranthe;Henrik Noël Olesen;卡斯帕·威尔伯格;克劳斯·赫朱勒;赖沃·特拉斯;Anne Fletting;','剧情;喜剧;动作;','丹麦;','丹麦语;',1623176095924,116,'故事讲述马库斯的妻子在一场悲剧的火车事故中身亡，马库斯要赶回家陪女儿玛蒂尔德。这场事故似乎是一场意外，但一位数学极客，也是火车中的一位乘客，与他的两个同事现身，说出他们确信这场事故背后另有隐情。',7.2,'1623176095965283348.jpg'),(188,'那些希望我死的人','安吉丽娜·朱莉;芬恩·利特;乔·博恩瑟;艾丹·吉伦;尼古拉斯·霍尔特;杰克·韦伯;梅迪纳·森戈尔;泰勒·派瑞;布兹·萨瑟兰德;托利·基特尔斯;詹姆斯·乔丹;洛拉·玛汀内斯-康宁安;小霍华德·弗格森;瑞安·杰森·库克;劳拉·尼米;迪兰·科宁;劳伦·波特;雅各布·布朗;斯蒂芬妮·希尔;马特·梅德拉诺;阿尔玛·西斯内罗斯;卢·伍德曼;','剧情;动作;惊悚;','加拿大;美国;','英语;',1623176096629,100,'一名十几岁的凶案证人发现自己在蒙大拿州的荒野中被两名暗杀者追杀，一名求生专家负责保护他-——而一场森林大火正危及他们所有人。',6.2,'1623176096670142314.jpg'),(189,'你好，李焕英','贾玲;张小斐;沈腾;陈赫;刘佳;丁嘉丽;王琳;杜源;何翯;何欢;韩云云;包文婧;葛珊珊;史策;黄小猫;许君聪;卜钰;刘宏禄;魏翔;孙集斌;泰维;郭宇鹏;朱天福;王宇;冯巩;乔杉;王小利;宋晓峰;董若溪;曹贺军;赵婷婷;姬晴;郭祥鹏;李一峰;潘斌龙;','剧情;喜剧;奇幻;','中国大陆;','汉语普通话;',1623176097266,128,'2001年的某一天，刚刚考上大学的贾晓玲（贾玲饰）经历了人生中的一次大起大落。一心想要成为母亲骄傲的她却因母亲突遭严重意外，而悲痛万分。在贾晓玲情绪崩溃的状态下，竟意外的回到了1981年，并与年轻的母亲李焕英（张小斐饰）相遇，二人形影不离，宛如闺蜜。与此同时，也结识了一群天真善良的好朋友。晓玲以为来到了这片“广阔天地”，她可以凭借自己超前的思维，让母亲“大有作为”，但结果却让晓玲感到意外......',8,'1623176097307878015.jpg'),(190,'奥斯陆','露丝·威尔森;安德鲁·斯科特;耶夫·威尔布什;萨利·姆道;瓦利德·祖伊特;艾格尔·纳尔;多瓦勒·格利克曼;罗坦·凯南;Itzik Cohen;托比亚斯·齐哈库斯;塞森·加布埃;杰拉尔丁·亚力山大;亚当·瓦库拉;约阿希姆·保罗·阿斯波克;山姆·费尔;','剧情;惊悚;历史;','美国;','英语;',1623176097891,118,'Recountsthetrue-life,previouslysecret,back-channelnegotiationsinthedevelopmentofthepivotal1990sOsloPeaceAccordsbetweenIsraelandthePalestinianLiberationOrganization.影片叙述了以色列和巴勒斯坦解放组织在制定1990年代奥斯陆关键和平协定过程中的真实生活，以前是秘密的后通道谈判。',7.5,'1623176097932654366.jpg'),(191,'猛鬼实验室','朋抔·里拉塔纳卡邹;帕瑞斯·因塔拉科玛亚苏特;娜塔妮查·纳瓦塔纳瓦尼;','剧情;惊悚;恐怖;','泰国;','泰语;',1623176098458,117,'两位医生朋友格拉和阿威在进行一项关于来世的研究实验，结果他们亲眼看到“鬼魂”，并由此一发不可收拾，决心要为幽灵和来世的存在寻找科学解释。他们的狂热和对未知不计后果的追求如同一个无底洞，将危及他们的友谊和至亲之人。',5.7,'1623176098497855560.jpg'),(192,'人潮汹涌','刘德华;肖央;万茜;程怡;黄小蕾;国义骞;狄志杰;郭京飞;刘天佐;路阳;郭帆;刘浩良;饶晓志;雷佳音;史航;魏之皓;王学兵;林海;隋凯;卫莱;','喜剧;犯罪;','中国大陆;中国香港;','汉语普通话;',1623176099199,119,'陈小萌（肖央饰）一直渴望成为一名演员，但残酷的现实令他至今扔在龙套的位置上苦苦挣扎。没钱没工作没恋人没朋友还欠了一大笔钱的陈小萌想到了死，可是就连死神都抛弃了他，他数次自杀都以失败告终。一天，陈小萌去澡堂泡澡，意外邂逅了一位神秘且富有的男子（刘德华饰），该男子在澡堂里意外摔倒昏迷被送进了医院，拾得了他的储物室手环的陈小萌决定顶替他的身份，享受一下富人的生活。头部的撞击令男子失忆了，凭借着零星的线索，他认定自己是陈小萌，并且顺藤摸瓜来到了陈小萌的出租屋，希望熟悉的环境能够令他更快的恢复记忆。在此过程中，男子邂逅了名为李想（万茜饰）的自媒体人，两人之间碰撞出了火花。©豆瓣',6.8,'1623176099240353918.jpg'),(193,'新神榜：哪吒重生','杨天翔;张赫;宣晓鸣;李诗萌;朱可儿;凌振赫;刘若班;张遥函;张喆;高增志;郭浩然;','动作;动画;奇幻;','中国大陆;','汉语普通话;',1623176099866,116,'三千年前，天下动荡，人神共遇大劫，不想哪吒的一缕魂魄逃脱天罗地网，世世转世投胎，这一世与东海市酷爱机车的热血青年李云祥人神共生。然而龙族对哪吒恩怨并未善罢甘休，有着哪吒元神的李云祥，亦无法逃脱被龙族赶尽杀绝的宿命。东海危在旦夕，李云祥是否能够与哪吒元神并肩作战，成为抵抗龙族的英雄？东海市的子民能否得到拯救？',7.1,'1623176099909376135.jpg'),(194,'寻龙传说','凯莉·玛丽·陈;奥卡菲娜;嘉玛·陈;金大贤;吴珊卓;本尼迪克特·王;伊扎克·王;塔莉娅·陈;艾伦·图代克;迪辰·拉克曼;帕蒂·哈里森;姜成镐;罗斯·巴特勒;乔娜·肖;宋静秀;弗朗克西斯·周;保罗·扬;丽莎·德尔·门多;塔妮亚·古纳迪;珍妮·关;卢锡安·佩雷兹;文森特·罗德里格兹三世;','动画;奇幻;冒险;','美国;','英语;',1623176100511,108,'很久以前，在充满奇幻色彩的龙佑之邦，人类和龙和谐地生活在一起。但当一股邪恶的力量袭来，龙牺牲了自己来拯救人类。500年后，同样的邪恶力量卷土重来，只有一个孤独的战士拉雅（凯莉·玛丽·陈配音）承担重任，追踪传说中的最后一条龙，以修复这块破碎的土地，团结分裂的人民。在她的旅程中，她也会逐渐了解到拯救世界不仅仅需要一条龙，还需要信任和团队合作。',7.2,'1623176100551694726.jpg'),(195,'秘密访客','郭富城;段奕宏;张子枫;许玮甯;荣梓杉;王圣迪;吕聿来;张柏嘉;孔雁;','悬疑;惊悚;','中国大陆;','汉语普通话;',1623176101154,111,'校车司机于困樵（段奕宏饰）因失职酿成了一起重大的校车车祸，困樵拼死救出了似与车祸背后真相息息相关的汪楚祺（荣梓杉饰），校车上的其他学生无人生还。得知此事家境显赫的汪父（郭富城饰）为了隐藏这个秘密，不得不把困樵藏在自己家的地下室里长达三年，却处处暗示困樵何时自首。随着访客的到来，这个原本温馨和睦的四口之家变得越来越诡异，母亲（许玮甯饰）整日惴惴不安，姐姐（张子枫饰）举止一反常态，家人个个心怀鬼胎，怪事频出，这个家背后不可告人的秘密似乎即将浮出水面……',5.6,'1623176101193963275.jpg'),(196,'刺杀小说家','雷佳音;杨幂;董子健;于和伟;郭京飞;佟丽娅;董洁;王圣迪;杨轶;刘天佐;李柄辉;萧子墨;双雪涛;徐建;','动作;奇幻;冒险;','中国大陆;','汉语普通话;',1623176101838,130,'异世界皇都，天神赤发鬼残暴统治，滥杀无辜。少年空文因被赤发鬼追杀，决定奋起反击。在黑甲（郭京飞饰）的指引下，踏上了凡人弑神之路。这是小说家路空文（董子健饰）笔下的奇幻世界。没想到小说的进程，竟然影响着现实世界。这时一名男子（雷佳音饰）接下了刺杀他的任务……',6.7,'1623176101880858979.jpg'),(197,'孤味','陈淑芳;谢盈萱;徐若瑄;孙可芳;丁宁;陈姸霏;张钧甯;杨一展;张翰;龙劭华;洪胜德;琇琴;杨闵;许怀民 ;庄心瑜;蔡海殷;陈家逵;','剧情;家庭;','中国台湾;','汉语普通话;闽南话;',1623176102530,123,'林秀英（陈淑芳饰）是台南赫赫有名的餐厅老板，在丈夫（龙劭华饰）无声无息地离家后，便靠著卖虾卷独自抚养三个女儿长大成人，不仅把虾卷从路边摊卖到开餐厅，三个女儿更是成就非凡，大女儿阿青（谢盈萱饰）是国际舞者，二女儿阿瑜（徐若瑄饰）在台北当整形医生，小女儿佳佳（孙可芳饰）则接手自己的餐厅事业。眼看就要苦尽甘来，秀英却在70大寿当天接到丈夫离世的噩耗，在替这位有名无实的丈夫筹办丧礼的同时，竟意外迎来了另一位陪伴丈夫度过晚年的女人，令她不得不再次面对内心埋藏已久的怨怼……',8,'1623176102572533753.jpg'),(198,'氧气危机','梅拉尼·罗兰;马修·阿马立克;马立克·兹迪;Marc Saez;Laura Boujenah;Lyah Valade;Cathy Cerda;Marie Lemiale;Pascal Germain;Eric Herson-Macarel;','科幻;惊悚;','法国;美国;','法语;',1623176103156,101,'《氧气》是一部求生题材法国惊悚片，由亚历山大·阿嘉执导。这部电影讲述了一名年轻女子（梅拉尼·罗兰饰，《鬼影特攻：以暴制暴》《无耻混蛋》）在低温舱中醒来，她不记得自己是谁，为何出现在这里。由于氧气即将耗尽，她必须重建自己的记忆，以逃离这噩梦般的场景。',6.4,'1623176103196563771.jpg'),(199,'智能大反攻','奥利维娅·科尔曼;埃里克·安德烈;玛娅·鲁道夫;查琳·易;丹尼·麦克布莱德;艾比·雅各布森;弗莱德·阿米森;克莉丝汀·泰根;玛德琳·麦格劳;亚历克斯·赫什;柯南·奥布莱恩;萨西尔·扎玛塔;约翰·传奇;贝克·班尼特;Griffin McElroy;杰·费罗尔;布雷克·格里芬;迈克尔·里安达;丝凯拉·格雷;','喜剧;科幻;动画;冒险;','美国;加拿大;中国香港;','英语;',1623176104059,113,'《智能大反攻》是由美国索尼哥伦比亚影片公司和索尼动画联合出品的原创喜剧冒险动画电影。该片由荣获奥斯卡最佳动画长片大奖的《蜘蛛侠：平行宇宙》金牌制作团队重磅打造，可谓2020年最值得期待的动画巨制。迈克尔·里安达（《怪诞小镇》）担任导演、菲尔·罗德和克里斯托弗·米勒（《蜘蛛侠：平行宇宙》《乐高大电影》）担任制片人。特立独行又充满创意的凯蒂·米切尔考上了她梦寐以求的电影学院。她本打算坐飞机前往学校，但热爱大自然的父亲瑞克却决定开车载全家人一起送凯蒂上大学，在她离开之前增进家人感情。除了凯蒂和瑞克，米切尔一家还包括乐天派的母亲琳达和性格古怪的弟弟艾伦，以及胖乎乎的可爱八哥犬蒙奇，他们展开了一段刺激的家庭公路自驾游。但意外发生了，智能科技突如其来地向人类发起反攻，彻底打乱了米切尔一家的计划。人们最常用的电子设备，从手机到家用电器，乃至一系列最新的私人机器人，...(展开全部)《智能大反攻》是由美国索尼哥伦比亚影片公司和索尼动画联合出品的原创喜剧冒险动画电影。该片由荣获奥斯卡最佳动画长片大奖的《蜘蛛侠：平行宇宙》金牌制作团队重磅打造，可谓2020年最值得期待的动画巨制。迈克尔·里安达（《怪诞小镇》）担任导演、菲尔·罗德和克里斯托弗·米勒（《蜘蛛侠：平行宇宙》《乐高大电影》）担任制片人。特立独行又充满创意的凯蒂·米切尔考上了她梦寐以求的电影学院。她本打算坐飞机前往学校，但热爱大自然的父亲瑞克却决定开车载全家人一起送凯蒂上大学，在她离开之前增进家人感情。除了凯蒂和瑞克，米切尔一家还包括乐天派的母亲琳达和性格古怪的弟弟艾伦，以及胖乎乎的可爱八哥犬蒙奇，他们展开了一段刺激的家庭公路自驾游。但意外发生了，智能科技突如其来地向人类发起反攻，彻底打乱了米切尔一家的计划。人们最常用的电子设备，从手机到家用电器，乃至一系列最新的私人机器人，决定在全球范围内向人类进攻。在两台友好的故障机器人帮助下，米切尔一家齐心协力互相帮助，共同面对这次非同寻常的挑战！',7.5,'1623176104100750742.jpg'),(200,'猫和老鼠','科洛·莫瑞兹;迈克尔·佩纳;郑肯;科林·乔斯特;乔丹·博尔格;罗伯·德兰尼;克里斯蒂娜·钟;布赖恩·斯特帕尼克;帕拉维·沙尔达;卡米拉·阿维森;克丽·麦克莱恩;卡米拉·拉瑟福德;泰·赫尔利;丹尼尔·阿德博伊加;乔蕾·科斯;丹尼尔·厄根;伯纳多·桑托斯;乔·伯恩;乔基姆·斯卡利;','喜剧;动画;冒险;','英国;美国;','英语;',1623176104741,101,'“超杀女”科洛·莫瑞兹饰演的少女凯拉刚刚入职豪华大酒店，就碰上了叫人头疼的难题——杰瑞竟然想在酒店里定居，令酒店最近承接的世纪婚礼岌岌可危。于是，汤姆被凯拉雇佣成为酒店员工，目的是赶走杰瑞，这对欢喜冤家就此展开了一场你追我赶的爆笑喜剧。',5.3,'1623176104783671173.jpg'),(201,'芝加哥七君子审判','埃迪·雷德梅恩;艾利克斯·夏普;萨莎·拜伦·科恩;杰瑞米·斯特朗;约翰·卡洛·林奇;叶海亚·阿卜杜勒-迈丁;马克·里朗斯;约瑟夫·高登-莱维特;本·申克曼;J.C.麦肯泽;弗兰克·兰格拉;丹尼尔·弗莱厄蒂;诺亚·罗宾斯;约翰·道曼;迈克尔·基顿;小凯文·哈里森;凯特琳·菲茨杰拉德;茱丽叶·安吉洛;布伦丹·伯克;凯文·奥多奈尔;爱丽丝·克雷梅尔堡;拉里·米切尔;韦恩·杜瓦尔;迈克尔·布鲁里布;达米安·杨;米歇尔·赫斯特;马修·勒弗沃;克里斯蒂安·利特克;马克斯·阿德勒;肖恩·帕森;爱德华德·弗莱彻;C·J·威尔逊;史蒂文· 加斯沃思;大卫·菲耶罗;伊恩·邦兹;莱克斯·艾尔;','剧情;历史;','美国;英国;印度;','英语;',1623176105609,129,'1968年民主党全国代表大会上的和平抗议演变成了与警察和国民警卫队的暴力冲突。抗议活动的组织者包括艾比·霍夫曼、杰里·鲁宾、汤姆·海登和鲍勃·席勒，他们被指控阴谋煽动暴乱，随之而来的审判是历史上最臭名昭著的几场审判之一。',8.6,'1623176105650825980.jpg'),(202,'信条','约翰·大卫·华盛顿;罗伯特·帕丁森;伊丽莎白·德比茨基;肯尼思·布拉纳;亚伦·泰勒-约翰逊;迪宝·卡帕蒂娅;克蕾曼丝·波西;希米什·帕特尔;安德鲁·霍华德;尤里·科洛科利尼科夫;迈克尔·凯恩;马丁·唐文;卡里娜·韦尔瓦;乔纳森·坎普;凯蒂·麦克凯布;贝恩·科拉科;安东尼·莫利纳利;特伦特·布克斯顿;英格丽·玛格斯;瑞奇·切劳洛;劳里·谢泼德;马克·克雷尼克;亚历克斯·威克索;丹兹尔·史密斯;马塞尔·萨巴特;','剧情;动作;科幻;','美国;英国;','英语;俄语;乌克兰语;爱沙尼亚语;印地语;挪威语;',1623176106459,150,'世界存亡危在旦夕，“信条”一词是唯一的线索与武器。主人公穿梭于全球各地，开展特工活动，力求揭示“信条”之谜，并完成一项超越了真实时间的神秘任务。这项任务并非时间之旅，而是【时空逆转】。',7.7,'1623176106499467782.jpg'),(203,'浅田家！','二宫和也;妻夫木聪;黑木华;菅田将晖;风吹淳;平田满;渡边真起子;北村有起哉;野波麻帆;','剧情;家庭;','日本;','日语;',1623176107128,127,'热爱拍照的父亲，年末都会替全家拍摄新年合照。父亲知道小儿子立志成为摄影师，所以在他12岁生日当天，将自己最珍爱的相机送给了他。由小儿子所拍下的第一张照片，就是他们的全家福。如今，这位小儿子浅田政志（二宫和也饰演），已经从专科学校毕业，并持续与父母及哥哥四人，拍摄一系列别具特色的全家福，其中包括消防员、黑道、赛车手、选举、战队、乐队等不同主题，并以《浅田家》为名出版了摄影集。由于风格独特并让人会心一笑，让他获得摄影大奖肯定，从此踏上专业摄影师之路。不过随之而来的一场灾难，却让他逐渐失去人生目标。他自愿成为灾后重建义工，并在海啸过后的泥泞中，找到一本本已经失去主人的相簿。在这些充满故事的照片背后，他能否从中领悟到摄影的真正意义呢？',8.3,'1623176107170924394.jpg'),(204,'一秒钟','张译;刘浩存;范伟;余皑磊;张邵勃 ;李延;于洋;刘云龙;常海军;曹瑞;唐孜悦;李晓川;于滨;王敏萱;宋家琦;杨铁城;王兵;','剧情;','中国大陆;','汉语普通话;',1623176108003,104,'影片讲述了没赶上电影场次的张九声与刘闺女因一场电影结下了不解之缘的故事。故事灵感来源于张艺谋导演早期经历，是其一贯对文化展开追忆和寻根的风格。',7.8,'1623176108044792712.jpg'),(205,'徐福','孔刘;朴宝剑;赵宇镇;张荣男;朴秉恩;金在健;延济旭;金弘波;李言廷;韩智贤;车智媛;安德烈亚斯·弗龙克;罗光旭;','剧情;动作;科幻;','韩国;','韩语;',1623176108992,114,'濒临死亡的前情报局特工闵基宪（孔刘饰），偶然遇见拥有人类不死秘密的「永生人」徐福（朴宝剑饰），闵基宪的最后一场任务是誓死守护徐福到安全之地，途中想占有永生人的庞大财团与各方恶势力展开大规模猎杀，让他们的逃亡过程卷入惊天动地的危险局面....',5.9,'1623176109031221029.jpg'),(206,'心灵奇旅','杰米·福克斯;蒂娜·菲;菲利西亚·拉斯海德;阿米尔-卡利布·汤普森;戴维德·迪格斯;格拉汉姆·诺顿;瑞切尔·豪斯;艾莉丝·布拉加;理查德·艾欧阿德;唐尼尔·罗林斯;安吉拉·贝塞特;马戈·霍尔;罗德莎·琼斯;韦斯·斯塔迪;沙基纳·贾弗里;福琼·费姆斯特;卡鲁姆·格兰特;泽诺比娅·谢罗夫;朱恩·斯奎布;凯茜·卡瓦蒂妮;罗纳尔多·德尔·卡门;Elisapie Isaac;杰森·佩斯;科拉·尚波米耶;','动画;音乐;奇幻;','美国;','英语;',1623176109863,101,'究竟是什么塑造了真正的你？电影将聚焦乔伊·高纳（杰米·福克斯配音）。这位中学音乐老师获得了梦寐以求的机会——在纽约最好的爵士俱乐部演奏。但一个小失误把他从纽约的街道带到了一个奇幻的地方“生之来处”（theGreatBefore）。在那里，灵魂们获得培训，在前往地球之前将获得他们的个性特点和兴趣。决心要回到地球生活的乔伊认识了一个早熟的灵魂“二十二”（蒂娜·菲配音），二十二一直找不到自己对于人类生活的兴趣。随着乔伊不断试图向二十二展示生命的精彩之处，他也将领悟一些人生终极问题的答案。',8.8,'1623176109902465300.jpg'),(207,'同学麦娜丝','施名帅;郑人硕;纳豆;刘冠廷;陈以文;王彩桦;潘慧如;洪小玲;朱芷莹;郑宇彤;汤志伟;蓝苇华;林义雄;加藤鹰;陈俊成;黄信尧;庄益增;安乙荞;萧鸿文;韩亚熙;金美满;吴茵茵;','剧情;喜剧;','中国台湾;','闽南语;汉语普通话;日语;',1623176110500,122,'四个高中同学毕业后常常聚在泡沫红茶店刁牌、唬烂三小，但聚会后他们还是要继续面对生活的艰难：电风（郑人硕饰）是保险业务员，领着微薄薪水省吃俭用买了新房，因为女友怀孕将步入婚姻的人生阶段；从事纸扎屋行业又有阴阳眼的闭结（刘冠廷饰），因长期照顾卧病在床的阿嬷错过婚姻，想寻求婚姻介绍所找一个好女人结婚；罐头（纳豆饰）在一次吞药自杀后洗心革面，接下了户政所的工作，因此与他心目中的女神校花麦娜丝重逢；添仔（施名帅饰）是怀才不遇的导演，却在机缘下被政客（陈以文饰）相中开始选举之路…',7.9,'1623176110541213251.jpg'),(208,'新秩序','迪耶戈·博内塔;达里奥·亚斯贝克·贝纳尔;奈安·诺温德;莫妮卡·德尔·卡门;罗伯托·梅迪纳;埃利希奥·梅兰德斯;莉萨·欧文;恩里克·辛格;古斯塔沃·桑切斯·帕拉;Samantha Yazareth Anaya;Patricia Bernal;Analy Castro;Fernando Cuautle;Zamira Franco;Ximena García;Claudia Lobo;Eli Nassau;亚历杭德罗·桑切斯·德拉佩尼亚;','剧情;','墨西哥;','西班牙语;',1623176111147,88,'墨西哥导演米歇尔·弗兰克在参加马拉喀什电影节时确认他执导的第六部影片[少数人的梦想](TheDreamsofaFew，暂译)将于明年4月开机拍摄。弗兰克的上一部影片[艾普尔的女儿]于去年戛纳电影节“一种关注单元”首映并荣获评审团奖。弗兰克表示新片将是一部大制作影片，影片风格有别于他以往作品，将采用全墨西哥演员阵容，墨西哥取景拍摄。据悉新片故事将设定在一个不远未来的反乌托邦世界，影片主题涉及墨西哥城的贫富鸿沟。',7.1,'1623176111188297491.jpg'),(209,'又见奈良','吴彦姝;英泽;国村隼;永濑正敏;鹏飞;张巍;秋山真太郎;','剧情;','中国大陆;日本;','汉语普通话;日语;',1623176112446,100,'电影讲述了一段跨越60年的异国无血缘母女情。年近八十的老奶奶陈慧明（吴彦姝饰）孤身奔赴奈良，寻找失去联系的养女陈丽华。在遗孤二代小泽（英泽饰）和退休警察一雄（國村隼饰）的帮助下，找到了许多接触过、帮助过丽华的人们。在这个过程中，陈慧明如同亲历丽华到达日本之后的人生，她与小泽、一雄之间的关系，也在这段旅程中更加贴近了。',7.5,'1623176112487871351.jpg'),(210,'侍神令','陈坤;周迅;陈伟霆;屈楚萧;王丽坤;沈月;王紫璇;王悦伊;孙红雷;艾米;','奇幻;','中国大陆;','汉语普通话;',1623176113143,120,'穿行于人妖两界的阴阳师晴明（陈坤饰），因与一众妖怪缔结契约，酿成大祸，深陷危机。而与此同时，妖皇势力正卷土重来，一场恶战一触即发。在风云突变、局势动荡的危急时刻，晴明恍然发现，自己人妖混血的身份，竟是这一切灾祸的关键......',5.5,'1623176113184505367.jpg'),(211,'无声','陈姸霏;刘子铨;刘冠廷;杨贵媚;太保;张本渝;陈雪甄;金玄彬;范睿修;王士豪;潘亲御;廖钧纬;郑维奕;汪建民;','剧情;','中国台湾;','汉语普通话;',1623176113742,104,'失聪少年张诚准备转到启聪学校就读。聋人的世界，却不比听人的世界宁静。当他发现校车最后一排的「游戏」，融入新生活的欣喜之情，瞬间成为恐惧⋯⋯。眼见心仪的女孩贝贝在游戏中遍体鳞伤、学长小光气势狂妄不可质疑，一群同学们又天真无害，张诚忖度着是否该揭开游戏的残忍真相，或加入游戏的行列？当加害者与受害者的界线越趋模糊，盘根错节的苦痛、无可倾诉的怨怼，种种困惑与不安在无声的校园蔓延。新锐导演柯贞年的首部长片大胆将真实事件搬上银幕，在直面残酷的同时，不失温柔的眼光。犀利刻画人物之间复杂与纠结的情感，呈现声嘶力竭却仍仿若无声的残忍。贝贝一句「他们只是在玩」轻描淡写，却惊悚、沉痛，更是真实无比的哀叹。',7.7,'1623176113783514958.jpg'),(212,'有答案的男子','瓦西里斯·马古里奥蒂斯;安东·威尔;皮尔·安德里亚·波斯尼亚;瓦西里斯·迪米特鲁利亚;里尼奥·德拉崎;罗尼·恩维;斯特拉·热罗尼;安东尼·卡萨里斯;玛丽亚·卢斯·拉托雷;弗朗兹斯科·洛佩兹;安妮塔·洛鲁索;索佐罗斯·米霍普洛斯;马克·皮斯托诺;艾丽莎·普林西比;毛罗·拉坎蒂;','剧情;同性;','塞浦路斯;希腊;意大利;','英语;希腊语;德语;意大利语;',1623176114557,80,'维克多自幼和奶奶生活在希腊的海边小镇，奶奶去世后，他决定开车去往德国，开始一段公路旅行。在前往意大利的船上，维克多偶遇英俊、自由、奔放的德国男人马蒂亚斯，二人相互吸引，越走越近。在驱车北上的过程中，马蒂亚斯逼迫维克多走出舒适区，二人因此发生激烈的冲突。当旅行临近结束，他们各自的问题是否能找到答案？',7.8,'1623176114598287058.jpg'),(213,'打开心世界','凯瑟琳·沃特斯顿;凡妮莎·柯比;克里斯托弗·阿波特;卡西·阿弗莱克;卡丽娜·齐安娜·格拉西姆;丹尼尔·布拉姆博格;约阿希姆·乔巴努;詹姆斯·朗肖尔;桑德拉·泼萨内科豪斯;安德烈娅·瓦西里;','剧情;爱情;同性;','美国;','英语;',1623176115233,105,'故事发生在19世纪的美国东北部，艾比盖尔（凯瑟琳·沃特森KatherineWaterston饰）和丈夫戴亚（卡西·阿弗莱克CaseyAffleck饰）在这里经营着一座农场，繁重的农活让艾比盖尔和丈夫之间没有任何的交流，不久之前两人的女儿因病去世的事件也让这对夫妻之间的感情更加的疏离。某日，农场里来了一对小夫妻——塔利（凡妮莎·柯比VanessaKirby饰）和芬妮（克里斯托弗·阿波特ChristopherAbbott饰），塔利的处境和艾比盖尔差不过，在家庭中也处于弱势的地位，她因为无法怀孕而遭到丈夫的冷待。两个内心里伤痕累累的女人一拍即合，很快就培养出了真挚的友谊，这友谊随着时间渐渐发酵，散发出了爱情的醇香。©豆瓣',8.2,'1623176115274906828.jpg'),(214,'追虎擒龙','古天乐;梁家辉;吴镇宇;林家栋;姜皓文;胡然;郑则仕;蔡洁;林子善;刘浩龙;何浩文;黄浩然;龚慈恩;李天翔;','剧情;动作;犯罪;','中国香港;中国大陆;','粤语;汉语普通话;',1623176115919,105,'影片讲述1973年，香港警黑勾结，在英国人指使下贪污巨利，荼毒市民。港督成立廉政公署，最先两位检察官为黑白双煞（古天乐、林家栋饰）历尽千辛万苦调查权倾黑白两道的总华探长徐乐（吴镇宇饰）及跛豪（梁家辉饰），终把二人绳之以法的故事。',5.5,'1623176115957116880.jpg'),(215,'倒霉性爱，发狂黄片','克劳迪娅·耶利米亚;奥林匹娅·马莱;尼科丁·恩古里亚努;亚历山德鲁·波托切安;安迪·瓦斯卢亚努;','剧情;喜剧;','罗马尼亚;卢森堡;捷克;克罗地亚;','罗马尼亚语;',1623176116734,106,'一段视频被病毒式传播，视频中，一男一女戴着面具做爱。不过，这名女子还是被认出来了。更糟的是，她是一名教师，本应当是一个榜样。而且这是在一个后社会主义社会，即将迷失在一个社会网络话语中，其中有治愈洁癖的态度，有伪政治万事通，有神圣沙文主义，有怪诞阴谋论。每个人都有自己的意见。辩论变成了一个法庭，关于双方同意的性、色情等等。拉杜·裘德（RaduJude）一如既往地致力于创新的电影实验，在这个星座中精心制作了一个聪明的、讽刺性的三部曲：第一部分以不紧不慢的精准镜头对准布加勒斯特街头日常熙攘生活中的疯狂幽默，向我们展示纪录-虚构界面的当代电影的样子。第二部分是一系列平淡无奇的静态影像，旨在作为我们这个时代符号的百科全书。影片的大结局（虽然是开放式的）是在学校举行的讨论，对女主角的存在的理由作出裁决。',7.2,'1623176116776401111.jpg'),(216,'冷血悍将','迈克尔·B·乔丹;朱迪·特纳-史密斯;杰米·贝尔;盖·皮尔斯;劳伦·伦敦;雅各布·西皮奥;托德·拉桑斯;杰克·凯西;露西·拉塞尔;凯姆·吉甘戴;卢克·米切尔;亚特乔姆·吉尔茨;布伦特·吉尔曼;梅拉布·尼尼泽;亚历山大·梅尔库里;科尔曼·多明戈;德里克·梅森堡;梅尔·法尔;乔治·阿斯普雷;卡兹·陶吉纳斯;汤姆·科利;玛丽索尔·科雷亚;里奇·格拉夫;希妮·拉芙尔;罗伯特‧马瑟;阿德里安·罗林斯;凯特·萨普特;亚历山大·雅辛;','动作;惊悚;','美国;','英语;',1623176117524,109,'本片由斯特法诺·索利马执导，泰勒·谢里丹担任编剧，根据汤姆·克兰西创作同名小说改编，讲述前特种兵约翰·克拉克(乔丹饰)女友被贩毒组织杀害，可就在他决定复仇时，华盛顿高管要求他完成解救高级军官的秘密任务。杰米·贝尔仍在就加盟本片进行最后谈判。',5.6,'1623176117564962842.jpg'),(217,'无声','刘亚仁;刘在明;文胜雅;林姜成;李海云;俞成柱;金子英;金汉娜;','惊悚;犯罪;','韩国;','韩语;',1623176118631,99,'昌福(刘在明饰)和泰仁(刘亚仁饰)表面上以卖菜为生，实际上两人还有另一个活计，就是为黑道组织提供杀人场所以及处理尸体，一日像往常一样在处理尸体的两人被组织中的金室长(林姜成饰)胁迫，去接管一个被绑架的11岁女孩初喜(文胜雅饰)，两人平静的生活随即被打破，事情开始向着他们无法控制的方向发展…',7.4,'1623176118672335160.jpg'),(218,'夺冠','巩俐;黄渤;吴刚;彭昱畅;白浪;朱婷;徐云丽;张常宁;姚迪;林莉;刘晓彤;颜妮;惠若琪;丁霞;袁心玥;龚翔宇;李现;刘敏涛;陈展;罗慧;毛雯;李紫微;李冬徐;马雪纯;刘畅;刘贞宏;凌敏;李阳一;刘晨曦;','剧情;运动;','中国大陆;中国香港;','汉语普通话;英语;日语;葡萄牙语;',1623176119547,135,'2008年8月15日，北京奥运会女排比赛，中国VS美国。戴着金丝框眼镜的郎平（巩俐饰）坐在美国队教练席上，大气沉稳，目光如电；中国队教练（黄渤饰）站在场边，全神贯注，面带笑容。中国队教练望向郎平，目光充满深意，不断经过的人影遮蔽了他的视线，中国女排三十余年的沉浮图景被缓缓打开……',7.3,'1623176119588392904.jpg'),(219,'紫罗兰永恒花园 剧场版','石川由依;子安武人;','剧情;动画;','日本;','日语;',1623176120243,140,'延续TV版的主线剧情，继续讲述从战场回来的少女薇尔莉特·伊芙加登为了理解“爱”的含义而从事为有需要的人们写信传情的工作。薇妹一直挂念的少佐的下落大概率会在这部剧场版中讲述。',8.2,'1623176120282685125.jpg'),(220,'玫瑰岛的不可思议的历史','埃利奥·杰曼诺;莱昂纳多·利迪;马蒂尔达·德·安杰利斯;汤姆·拉斯齐哈;卢卡·津加雷蒂;法布里齐奥·本蒂沃利奥;弗朗索瓦·克鲁塞;布鲁诺·格里;阿斯卡尼奥·巴尔博;法布里齐奥·隆吉奥内;马尔科·潘克拉齐;克里斯蒂安·斯塔姆;特科·切里奥;费德里科·帕西菲奇;克里斯蒂安·吉内普;','喜剧;','意大利;','意大利语;法语;德语;',1623176121116,119,'有天赋却被人误解的工程师乔治奥跌入了人生谷底，他被解雇了，父母也不和他讲话，并且在他意外令自己和女友被捕后（说来话长…），女友抛弃了他。厌倦了60年代末沉闷的意大利社会，乔治奥制定了一个不可能的计划；他要在海中建造自己的岛。在一群革命者和被驱逐者的加入下，玫瑰岛共和国成立并宣布独立，乔治奥被任命为总统。然而，他们的团队价值观和应变能力将受到考验，因为意大利总理认为乔治奥的理想岛是意大利的头号敌人。《玫瑰岛》由希德尼·希比利亚（《玩命毒师》三部曲）执导，由Grøenlandia（《TheFirstKing》）出品，是一部基于真实故事改编的滑稽喜剧，剧中充斥着反叛精神。',8,'1623176121156356466.jpg'),(221,'送你一朵小红花','易烊千玺;刘浩存;朱媛媛;高亚麟;夏雨;岳云鹏;陈祉希;李晓川;孔琳;吴晓亮;张绍刚;孙强;安笑歌;李增辉;姚未平;张浩天;柴陆;','剧情;','中国大陆;','汉语普通话;',1623176121812,128,'两个抗癌家庭，两组生活轨迹。影片讲述了一个温情的现实故事，思考和直面了每一个普通人都会面临的终极问题——想象死亡随时可能到来，我们唯一要做的就是爱和珍惜。',7.4,'1623176121854178715.jpg'),(222,'八佰','王千源;张译;姜武;黄志忠;张俊一;欧豪;杜淳;魏晨;张宥浩;唐艺昕;李九霄;李晨;梁静;侯勇;辛柏青;俞灏明;刘晓庆;姚晨;郑恺;余皑磊;黄晓明;徐嘉雯;张承;马精武;胡晓光;陆思宇;白恩;曹璐;刘云龙;杨嘉华;中泉英雄;高爽;郑伟;高冬平;黄米依;曹卫宇;宋洋;徐乐同;徐幸;','剧情;历史;战争;','中国大陆;','汉语普通话;日语;英语;',1623176122660,147,'1937年淞沪会战的最后一役，“八百壮士”奉命坚守上海四行仓库，以少敌多顽强抵抗四天四夜。电影《八佰》由管虎导演，是亚洲首部全片使用IMAX摄影机拍摄的商业电影，将于2020年8月21日全国影院上映。',7.6,'1623176122700544565.jpg'),(223,'命运理发师','约吉·巴布;Sheela Rajkumar;Sangili Murugan;G.M. Sundar;Kanna Ravi;Douglas Kumaramoorthy;George Maryan;Aaru Bala;Deepa Shankar;Subadhini Subramanian;Saranya Ravichandran;森西库马里;','喜剧;','印度;','泰米尔语;',1623176123299,140,'在一场当地选举中，两名参选人都不择手段想要获胜，一名理发师意外掌握重权，成为决定选举结果的关键一票。',7.5,'1623176123338140139.jpg'),(224,'名侦探柯南：绯色的子弹','高山南;山崎和佳奈;小山力也;林原惠美;日高法子;田中敦子;森川智之;池田秀一;一城美由希;梁田清之;土师孝也;杉本优;滨边美波;','动作;动画;悬疑;冒险;','日本;','日语;英语;',1623176123977,110,'故事发生于东京，在全球最大体育盛事WSG即将召开之际，知名企业的高官却接连在赞助商酒会现场遭到绑架，而自新名古屋站至东京的最高时速1000km的真空超导磁悬浮列车也被卷入其中，一场牵动国际目光的重大案件就此展开。',5.9,'1623176124017875699.jpg'),(225,'小镇缉凶','艾瑞克·巴纳;吉娜薇·欧瑞丽;基尔·奥唐纳;约翰·波尔森;朱丽娅·布莱克;布鲁斯·斯宾斯;威廉·扎帕;马特·纳夫莱;詹姆斯·弗兰切威勒;杰里米·林赛·泰勒;乔·克洛塞克;碧比·贝登科特;克劳德·斯科特-米歇尔;山姆·科利特;Miranda Tapsell;','剧情;','美国;','英语;',1623176124494,117,'艾瑞克·巴纳加盟澳大利亚新片[小镇缉凶](TheDry，暂译)。影片改编自简·哈珀同名畅销小说，罗伯特·康诺利(《深暗势力》)自编自导，巴纳、康诺利共同担任监制。影片围绕一个警察回到老家侦破凶案展开，明年二月开机。这也是巴纳自2007年的[我的父亲,罗穆卢斯]后再度拍摄澳大利亚影片。',6.9,'1623176124533120972.jpg'),(226,'混沌行走','汤姆·赫兰德;黛西·雷德利;德米安·比齐尔;大卫·奥伊罗;科特·萨特;辛西娅·艾莉佛;贝瑟妮·安妮·林德;麦斯·米科尔森;尼克·乔纳斯;雷·迈克金农;文森特·莱克莱尔;布兰·克洛卡雷尔;蒂龙·本斯金;弗兰克·方丹;帕特里克·加洛;玛丽莲·迪恩-罗比齐;朱利安·瑞钦斯;迈克尔·戴森;马克斯韦尔·麦卡比-洛克斯;迈克尔·亚穆什;布莱恩·亚历山大;奥妮克·阿德莉;克劳迪娅·贝索;奥斯卡·贾恩那达;塔拉·尼科迪莫;哈里森·奥斯特菲尔德;','动作;科幻;冒险;','美国;加拿大;','英语;',1623176125103,109,'人类在与地球相似的遥远外星建立了新家园，但这个星球上却有一种病毒，男人感染后可以听到其他人和动物的心声，每个男人脑子里的想法都能被他人听到，人与人之间不存在隐私，新星球上的普伦提司镇的男人们就不堪忍受自己的想法被人听见。托德·赫维特（汤姆·赫兰德饰）是出生于这座小镇的男孩，他的认知中小镇没有女人是因为该星球土著居民蓝光兽家园被人类侵犯时故意让人类感染了噪音病毒，他们还杀光了所有女性。托德对此深信不疑，直到他遇到一个女孩。托德在小镇附近的森林里遇到了一个叫维奥拉（黛西·雷德利饰）的女孩，她来自遥远的地球，她的飞船因故坠毁在森林里，普伦提司镇的镇长在得知这个消息后立刻展开对他俩的追杀，托德为了保护女孩维奥拉只好一起出逃，开始了一段他意想不到且危机重重的星球冒险。',5.2,'1623176125144958735.jpg'),(227,'电话','朴信惠;全钟瑞;金成铃;李艾;李东辉;朴浩山;吴政世;','剧情;悬疑;惊悚;','韩国;','韩语;',1623176125694,112,'一通电话让来自过去和现在的两个女人产生了奇妙的联系，并引发了一场改变未来的危险游戏...她们将渐渐难以自拔。',7.6,'1623176125733538500.jpg'),(228,'明天的记忆','徐睿知;金康宇;朴相旭;廉惠兰;裴侑蓝;金嫝勋;','悬疑;惊悚;','韩国;','韩语;',1623176126254,99,'我看见的明日，你就是杀人凶手！在一次创伤后失去记忆的秀珍（徐睿知饰），常常反覆梦到一个没有脸的人紧追著她不放，秀珍好不容易在丈夫（金康宇饰）陪伴下慢慢回复正常生活。但秀珍却开始有了预见未来的能力，她在看见未来的画面后，一次次帮助别人度过难关，而她也渐渐发现丈夫似乎隐瞒了天大的秘密，甚至还看到了丈夫杀人的影像，但现实中却似乎什麽事都没发生。医生认为秀珍看到的幻象只是创伤后遗症，而此时一位警探（朴相旭饰）怀疑秀珍的丈夫捲入了一件窃盗案，起疑的秀珍开始寻找真相，却让她脑中的记忆越来越混乱……',6.4,'1623176126292652827.jpg'),(229,'罪之声','小栗旬;星野源;松重丰;古馆宽治;市川实日子;火野正平;宇崎龙童;梶芽衣子;宇野祥平;','悬疑;犯罪;','日本;','日语;',1623176126884,142,'影片改编自塩田武士的同名推理小说，以昭和年间最大的未解决事件为主题，讲述新闻记者阿久津英士（小栗旬饰）和少年时期与该事件有关联的男人曾根俊也（星野源）之间的故事。',7.1,'1623176126926111594.jpg'),(230,'我和我的家乡','葛优;黄渤;范伟;邓超;沈腾;张占义;王宝强;徐峥;闫妮;马丽;刘敏涛;刘昊然;卢靖姗;王子文;魏翔;章宇;王砚辉;张译;王源;张一鸣;杨新鸣;王迅;于和伟;苗阜;辣目洋子;张子贤;董子健;陶虹;吴京;韩彦博;吕行;佟丽娅;李晨;孙俪;赵铁人;郝云;彭昱畅;杨紫;岳云鹏;赵海燕;岳小军;王俊凯;贾玲;潘斌龙;高睿菲儿;陈数;代乐乐;黄才伦;雷佳音;梁超;孙贵权;韩昊霖;岳红;陶亮;李易峰;许猛;郭帆;卫莱;栗坤;薇娅;李佳琦;白泽泽;','剧情;喜剧;','中国大陆;','汉语普通话;',1623176127928,153,'电影《我和我的家乡》定档2020年国庆，延续《我和我的祖国》集体创作的方式，由张艺谋担当总监制，宁浩担任总导演，张一白担任总策划，宁浩、徐峥、陈思诚、闫非&彭大魔、邓超&俞白眉分别执导五个故事。',7.2,'1623176127967826595.jpg'),(231,'吉祥如意','王吉祥;大鹏;刘陆;','剧情;家庭;','中国大陆;','汉语普通话;',1623176128556,80,'大鹏首次执导现实题材文艺片，故事讲述一位喜剧片导演突发奇想，回到东北农村老家，希望将一家人如何过年拍成一部文艺电影，结果遭遇一系列意外。因拍电影而聚齐的家庭成员们，完成了最后的聚会。',7.8,'1623176128597676004.jpg'),(232,'菊石','凯特·温丝莱特;西尔莎·罗南;费奥纳·肖;杰玛·琼斯;詹姆斯·麦卡德尔;亚力克·塞克雷亚努;克莱尔·拉什布鲁克;哈维·斯克林肖;温迪·诺丁汉;利亚姆·托马斯;莎拉·怀特;比阿特丽斯·克纽;','剧情;爱情;同性;','英国;澳大利亚;美国;','英语;法语;',1623176129289,117,'故事发生在19世纪20年代的英国，玛丽（凯特·温丝莱特KateWinslet饰）是一名古生物学家，然而，这个行当显然无法让她过上优渥的生活，所以玛丽至今仍然在贫困线上挣扎，为了给病重的母亲治病，玛丽靠着在沙滩上捡化石卖给游客来维生。某日，一个名叫罗德里克（詹姆斯·麦卡德尔JamesMcArdle饰）的男人找到了玛丽，开出了很高的薪酬，希望玛丽能够去照料他病重的妻子夏洛特（西尔莎·罗南SaoirseRonan饰），经受不住金钱的诱惑，玛丽答应了。可是，就在玛丽刚刚见到夏洛特没多久，两人之间差异巨大的思想就碰撞出了火花，但随着时间的推移，她们都在彼此的身上看到了自己未曾经历过的世界。©豆瓣',7.1,'1623176129329923579.jpg'),(233,'缉魂','张震;张钧甯;孙安可;李铭顺;张柏嘉;林晖闵;古斌;吕雪凤;林鹤轩;吴志庆;张哲豪;','科幻;悬疑;惊悚;犯罪;','中国大陆;中国台湾;','汉语普通话;闽南语;英语;',1623176130076,130,'著名集团董事长王世聪惨死家中，负责此案的检察官梁文超（张震饰）与妻子刑警阿爆（张钧甯饰）在调查中得知：死者的儿子王天佑（林晖闵饰），年轻的新婚妻子李燕（孙安可饰），多年合伙人万宇凡（李铭顺饰），甚至死去的前妻唐素贞（张柏嘉饰），每个人之间都有着错综复杂的关联。阿爆更是发现隐藏在案件背后的惊人秘密……电影根据江波小说《移魂有术》改编。',6.9,'1623176130114616616.jpg'),(234,'哥斯拉大战金刚','亚历山大·斯卡斯加德;米莉·波比·布朗;丽贝卡·豪尔;凯莉·霍特尔;布莱恩·泰里·亨利;小栗旬;艾莎·冈萨雷斯;朱利安·迪尼森;兰斯·莱迪克;凯尔·钱德勒;德米安·比齐尔;哈基姆·凯-卡西姆;钱信伊;约翰·皮鲁切洛;克里斯·乔克;康兰·卡萨尔;布拉德·麦克默里;本杰明·里格比;普里西拉·道伊西;戴维·卡斯蒂洛;吉姆·帕尔默;柯蒂斯·布什;皮拉·福德;爱丽丝·兰斯伯里;肖恩·麦克布莱德;乔尔·皮尔斯;乔恩·奎斯蒂德;塔斯尼姆·罗克;艾梅伯·瓦尔斯;迪索·拉莫斯;','动作;科幻;冒险;','美国;澳大利亚;加拿大;印度;','英语;美国手语;',1623176130841,113,'这两位宛如神衹一般强大的对手于一场壮观的战争中相遇，彼时世界命运正悬于一线。为了找到真正的家园，金刚与他的保护者们踏上了一次艰难的旅程。与他们一道前行的还有一个年轻的孤儿女孩——吉雅，这个女孩与金刚之间存在着一种独特而强大的紧密联系。但意想不到的是，他们在前行的航道上与愤怒的哥斯拉狭路相逢，也由此在全球引起了一系列破坏。一股无形的力量造成了这两只巨兽之间的巨大冲突，深藏在地心深处的奥秘也由此揭开。',6.4,'1623176130883798875.jpg'),(235,'疯狂原始人2','尼古拉斯·凯奇;艾玛·斯通;瑞恩·雷诺兹;凯瑟琳·基纳;莱斯利·曼恩;彼特·丁拉基;克拉克·杜克;克萝丽丝·利奇曼;乔安娜·林莉;凯莉·玛丽·陈;','喜剧;动画;冒险;','美国;','英语;',1623176131596,95,'经历了逃离洞穴、挺过末日危机之后的原始人咕噜家族，咕噜一家决定寻找新家园。中途盖（瑞恩·雷诺兹RyanReynolds配音）已成了咕噜一家中的一员，但让瓜哥（尼古拉斯·凯奇NicolasCage配音）头疼的是，盖跟女儿小伊（艾玛·斯通EmmaStone配音）每天你侬我侬，还妄想组成只属于两人的小家庭。就在咕噜一家人饥肠辘辘之际，他们发现了一片高墙内隐藏着食物丰饶的沃土，原来开辟这片世外桃源的文明人夫妇霍普和菲尔是已经去世的盖的父母的朋友。在最初的热情款待后，一心想要撮合盖和女儿晓晓的霍普和菲尔，发现咕噜一家成了绊脚石，为了把盖抢过来，他们用上了攻心计。两家人闹得不可开交，盖和小伊也产生了裂痕，却浑然不知危险正慢慢靠近……',7.9,'1623176131637124001.jpg'),(236,'命运之夜——天之杯Ⅲ：春之歌','杉山纪彰;下屋则子;川澄绫子;植田佳奈;门胁舞以;伊藤美纪;中田让治;津嘉山正种;浅川悠;诹访部顺一;稻田彻;七绪春日;宫川美保;西前忠久;水泽史绘;泽木郁也;上田耀司;立花慎之介;大原沙耶香;茅野爱衣;打田政志;','剧情;动画;奇幻;','日本;','日语;',1623176132226,122,'本片改编自TYPE-MOON出品的文字冒险类游戏《Fate/staynight》，是该游戏的Heaven\'sFeel路线，简称“HF”或“樱线”，是该系列作品动画剧场版全三部作品中的最终章。在剧场版作品第二章黑化之后的樱吸收了众多Servant的灵魂后，被世间所有的恶控制，成为黑色圣杯的化身。最终，得知一切的士郎放弃了成为正义的伙伴，选择了保护樱...',8.5,'1623176132267901400.jpg'),(237,'神奇女侠1984','盖尔·加朵;克里斯·派恩;克里斯汀·韦格;佩德罗·帕斯卡;康妮·尼尔森;罗宾·怀特;莉莉·阿斯佩尔;加布瑞拉·王尔德;杜晨·科洛斯;琳达·卡特;克里斯托弗·普拉哈;里昂·贝克维思;拉维·帕特尔;娜塔莎·罗斯韦尔;泰莎·波纳姆·琼斯;艾拉·沃克;游朝敏;谢恩·阿特沃尔;艾德·伯奇;帕特里克·利斯特;奥克莉·布尔;科莎·恩格勒;小田部阿基;康斯坦丁·格雷戈里;文森·德·保罗;朱利安·费罗;罗莎娜·沃尔斯;丹尼·摩根;克里斯·西尔科克;伯纳多·桑托斯;菲利普·菲尔玛;尼克·欧文福特;乔尔·莫里斯;贾格·帕特尔;温迪·阿尔比斯顿;马诺伊·阿南德;约翰·盖蒂尔;佩内洛普·卡普迪雅;莎拉·卢娜;','动作;奇幻;冒险;','美国;英国;西班牙;','英语;',1623176133022,151,'故事背景设定在五光十色、充满诱惑的80年代，神奇女侠戴安娜在华盛顿的自然历史博物馆过着与普通人无异的生活，然而在阻止了一场看似平常的劫案后，身边的一切都发生了变化。在强大的神力诱惑下，两位全新劲敌悄然出现——与神奇女侠“相爱相杀”的顶级掠食者豹女，以及掌控着能改变世界力量的麦克斯·洛德，一场惊天大战在所难免。另外一边，旧爱史蒂夫突然“死而复生”，与戴安娜再续前缘，然而浪漫感动之余，史蒂夫的回归也疑窦丛生。新时代大幕开启，面对两位强大的邪恶反派和神秘归来的史蒂夫，神奇女侠要如何才能再次拯救世界？',6.2,'1623176133063920982.jpg'),(238,'哆啦A梦：大雄的新恐龙','水田山葵;大原惠美;嘉数由美;木村昴;关智一;三石琴乃;松本保典;高木涉;荻野志保子;庆长佑香;矢口麻美;远藤绫;钉宫理惠;间宫康弘;下和田裕贵;小野大辅;悠木碧;渡边直美;木村拓哉;神木隆之介;','动画;奇幻;冒险;','日本;','日语;',1623176133675,110,'大雄把恐龙展发现的化石带回家，借助哆啦A梦的时光包袱竟然成功孵化出两只从未被发现过的长着翅膀的新恐龙。大雄和小伙伴们决定将小恐龙们带回到属于它们的时代，一场惊心动魄的白垩纪大冒险即将上演。本片是《哆啦A梦》漫画连载50周年纪念作品，同时也是《哆啦A梦》系列电影的第40部作品。全新的故事，全新的大雄，全新的冒险，全新出发！',7.3,'1623176133714495485.jpg'),(239,'紧急救援','彭于晏;王彦霖;辛芷蕾;蓝盈莹;王雨甜;徐洋;陈家乐;李岷城;张景祎;李欣蕊;郭晓东;张国强;魏大勋;连凯;','动作;灾难;','中国大陆;中国香港;','汉语普通话;英语;',1623176134390,134,'倾覆沉没的钻井平台，顺流直冲的运油车头，直坠入海的满载客机。交通海上应急反应特勤队队长高谦（彭于晏饰）、机长方宇凌（辛芷蕾饰）和绞车手赵呈（王彦霖饰）一次次带领队伍第一时间抵达，站在水火咆哮的最前面，守在危急撤离的最后面，用生命对抗天灾人祸。但在自然面前，特勤员毕竟没有超能力，血肉之躯踩在死亡边缘，真实的恐惧无数次让这些斗士颤抖、无助和气馁。而海上救援的字典里没有“退缩”。当你听见旋翼的轰鸣、洪亮的汽笛、马达的飞驰，那是他们无惧艰难险阻，舍己为人，谱写的一曲英雄之歌。',6.1,'1623176134429773254.jpg'),(240,'拆弹专家2','刘德华;刘青云;倪妮;谢君豪;姜皓文;吴卓羲;马浴柯;黄德斌;郑子诚;洪天明;袁富华;刘浩龙;凌文龙;赵永洪;蔡瀚亿;张竣杰;张扬;','动作;犯罪;','中国大陆;中国香港;','汉语普通话;粤语;英语;',1623176135331,121,'香港某处发生爆炸案，前拆弹专家潘乘风（刘德华饰）因昏迷于现场，被警方怀疑牵涉其中。苏醒后的潘乘风只能一边逃亡一边查明真相，然而，他的好友董卓文（刘青云饰）和他的前女友庞玲（倪妮饰）却给他讲述了两段截然不同的经历。有计划的爆炸案接二连三发生，真相却越来越扑朔迷离……',7.6,'1623176135369709890.jpg'),(241,'发掘','凯瑞·穆里根;拉尔夫·费因斯;莉莉·詹姆斯;强尼·弗林;本·卓别林;肯·斯托特;莫妮卡·杜兰;阿舍尔·阿里;乔·赫斯特;伊莲恩·戴维斯;詹姆斯·德莱顿;埃利·皮尔西;杰克·班尼特;Chris Wilson;Grant Crookes;Jane Fowler;','剧情;传记;历史;','英国;','英语;',1623176136007,112,'第二次世界大战即将爆发时，一个富有的寡妇雇用了一名业余考古学家在她的庄园内挖掘墓冢。当他们做出历史性发现时，英国的过去和不确定的未来将遥相呼应。',7.8,'1623176136047984254.jpg'),(242,'除暴','王千源;吴彦祖;春夏;卫诗雅;大力;于笑;胡子程;李晓川;洪浚嘉;纪焕博;庞雨浓;答有为;鲍起静;尤勇智;王超北;胡晨曦;','剧情;动作;犯罪;','中国香港;中国大陆;','粤语;汉语普通话;',1623176136709,95,'上世纪90年代，刑警钟诚受命追捕悍匪集团“老鹰帮”。这群悍匪犯下惊天连环劫案，训练有素且纪律严明，首领张隼更屡次恶意挑衅，矛头直指钟诚。为将“老鹰帮”捉拿归案，钟诚带领刑警小队咬死不放，誓与恶势力斗争到底。数年间，警匪上演了一次次紧张刺激的较量，悍匪愈加猖獗，警方步步逼近，双方展开殊死对决……',6.2,'1623176136748201362.jpg'),(243,'地窖奇劫','弗莱迪·海默;阿斯特丽德·伯格斯-弗瑞斯贝;萨姆·赖利;利亚姆·坎宁安;何塞·科罗纳多;路易斯·托萨尔;埃米利奥·古铁雷斯·卡巴;阿克塞尔·施泰因;法米克·詹森;弗兰克·费斯;维森特·希尔;雷格·威尔森;克雷格·史蒂文森;亨特·特里梅恩;大卫·切弗斯;贾格布·迪森塔;托马斯·德尔·伊思塔;胡利奥·维莱斯;Simon Cohen;费兰·特拉萨;哈维尔·加里多·加西亚;','动作;犯罪;','西班牙;','英语;',1623176137499,118,'西班牙银行是无与伦比的，绝对没有人能闯得进去，也不可能被人抢劫，没有蓝图、没有资料，世上没有人知道一百多年前用来建造金库的历史性工法。这个充满刺激的挑战激起了汤姆的好奇心：这个天才决心找出金库的秘密，闯进银行的最深处。目标是遗失已久的宝藏，将在这家银行内保管仅仅十天。在极具领袖风范的艺术鉴赏家华特的带领之下，汤姆和他的团队要在短短十天内准备好这次的抢案，事成后还要拟好千载难逢的逃跑计划。计划十天，但执行这个计划却只有90分钟：这90分钟是世界杯足球决赛的时间，届时将吸引成千上万的球迷来到西班牙银行的门口。',7,'1623176137539799219.jpg'),(244,'女人的碎片','凡妮莎·柯比;希亚·拉博夫;艾伦·伯斯汀;埃莱扎·施莱辛格;本·萨弗迪;莎拉·斯努克;莫莉·帕克;史蒂文·麦卡锡;蒂龙·本斯金;弗兰克·萧宾;哈里·斯坦德乔夫斯基;多梅尼克·迪罗萨;吉米·费尔斯;朱丽叶特·卡萨格兰德;盖尔·加芬克尔;肖恩·塔克;埃里克·戴维斯;','剧情;','加拿大;匈牙利;美国;','英语;',1623176138347,128,'西恩（希亚·拉博夫ShiaLaBeouf饰）和玛莎（凡妮莎·柯比VanessaKirby饰）正在充满期待的等待着两人爱情结晶的诞生，根据玛莎的要求，他们决定将助产士请到家里来，在家中分娩。然而，当玛莎开始了分娩过程后，她原先选中的助产士却因事无法前来，换成了另一个名叫艾娃（莫莉·帕克MollyParker饰）助产士来接生。悲剧就这样发生了，玛莎的孩子在出世短短几分钟后便因为窒息而死亡了。当命运的重锤砸下时，人们只能选择咬紧牙关默默承受，为了替自己死去的孩子讨回一个公道，玛莎的母亲找来了律师苏姗妮（莎拉·斯努克SarahSnook饰），将艾娃告上法庭。在面对自己支离破碎的内心的同时，玛莎还必须处理她和西恩之间濒临崩溃的夫妻关系，而控制欲极强的母亲的步步紧逼，更是夺走了玛莎得以呼吸的最后一丝空气。©豆瓣',7.7,'1623176138386661233.jpg'),(245,'狼行者','肖恩·宾;霍纳·妮芙茜;伊娃·惠塔克;西蒙·迈克伯尼;汤米·蒂尔南;玛丽亚·多耶·肯尼迪;乔·肯尼;约翰·莫顿;诺拉·托梅;保罗·杨;奥利弗·麦克格拉斯;Niamh Moyles;','动画;奇幻;冒险;','爱尔兰;卢森堡;法国;丹麦;美国;英国;','英语;',1623176139125,100,'讲述了11岁女孩罗芬的神奇经历。罗芬作为一个年轻的学徒猎人，她和父亲一起来到爱尔兰，准备消灭最后一批在那里的狼，但是改变她的事情来了，她发现了狼行者，此后一连串的古怪故事就发生了……',7.8,'1623176139164349506.jpg'),(246,'白虎','阿达什·古拉夫;佩丽冉卡·曹帕拉;拉吉·库玛;马赫什·曼杰瑞卡;维杰·莫里亚;斯瓦普·桑帕特;纳尼什·尼尔;凯姆利什·吉尔;Paras Gola;Ansuman Bhagat;Lokesh Mittal;Perrie Kapernaros;Vedant Sinha;Trupti Khamkar;Abhishek Khandekar;','剧情;犯罪;','印度;美国;','英语;',1623176140046,125,'巴尔朗·哈勒维（阿达什·古拉夫饰）讲述了他从贫穷村民成长为当代印度成功企业家的史诗般、充满黑色幽默的人生历程。我们年轻的主人公足智多谋而又雄心勃勃，设法成为了刚从美国回来的阿肖克（拉吉·库玛饰）和粉红夫人（朴雅卡·乔普拉饰）的司机。社会将巴尔朗训练成一名仆人，他便努力将自己打造成富有主人的得力帮手。但经过一夜之间的背叛，他意识到主人们会不择手段地陷害他以进行自救。在失去一切的边缘，巴尔朗决心反抗被操纵的人生和不平等的制度，奋起成为新型的主人。该影片改编自《纽约时报》畅销书和2008年曼布克奖获奖小说。',7.6,'1623176140086656466.jpg'),(247,'许愿神龙','成龙;牛骏峰;薇薇安;苏柏丽;','喜剧;动画;奇幻;','中国大陆;美国;中国香港;','汉语普通话;英语;',1623176141356,99,'你知道这世上仅存一条粉红色的许愿神龙吗？他能够实现许愿者任何逆天改命的愿望。这样的神力引得不少人在暗中寻找神龙的踪迹，然而普普通通的上海小青年丁思齐误打误撞打开了神龙的封印。千年代沟引发连串爆笑经历，被绑定的一人一龙踏上了一段妙想天开又惊险万分的旅途…',6.6,'1623176141395361314.jpg'),(248,'犹大与黑弥赛亚','丹尼尔·卡卢亚;勒凯斯·斯坦菲尔德;杰西·普莱蒙;多米尼克·菲什巴克;艾什顿·桑德斯;阿尔吉·史密斯;达里尔·布里特-吉布森;里尔·莱尔·哈瓦瑞;多米尼克·索恩;马丁·辛;阿马里·切托姆;克里斯·戴维斯;伊恩·达夫;卡勒布·埃伯哈特;罗伯特·朗斯特里特;汤米·拉菲特;特雷勒·希尔;齐纳·萨维尔斯;迈克尔·哈瑞蒂;迈克尔·博诺莫;布莱恩·鲍曼;杰梅因·福勒;洛根·弗莱;泰拉·乔伊·史密斯;','剧情;传记;历史;','美国;','英语;',1623176142022,126,'影片改编自真人真事。讲述了1960年代美国黑人社团黑豹党历史上的真实事件，故事聚焦于Hampton之死，他于1969年被杀，死于芝加哥警察局和FBI组织的一次突袭行动。警方开了80枪，而“黑豹党”成员一共只开了一枪，这一枪还是来自于一位成员被警方打死后的肌肉收缩。Hampton与怀孕的未婚妻正在睡觉时，头部被近距离射杀2枪，他当晚被下了药，根本没听见任何警方的动静，死后尸体被拖进小巷中，年仅21岁。经过审讯，他的死被判定为“正当杀人”，后来在1982年，以185万美元的赔偿数额，达到了民事诉讼的庭外和解。',7.2,'1623176142060793876.jpg'),(249,'760号犯人','塔哈·拉希姆;朱迪·福斯特;本尼迪克特·康伯巴奇;扎克瑞·莱维;谢琳·伍德蕾;沙莫·阿斯玛尼;克里·约翰逊;马修·马什;大卫·芬恩;安德烈·雅各布斯;兰利·柯克伍德;史蒂夫·马克;罗伯特·霍布斯;梅丽莎·海登;阿拉·萨菲;埃文·亨斯特;达伦-迈耶;弗朗西斯·乔勒;克莱顿·博伊德;南希·霍兰德;Meena Rayann;Arthur Falko;','剧情;惊悚;','英国;美国;','法语;阿拉伯语;英语;',1623176142653,129,'影片改编自MohamedouOuldSlahi的回忆录《关塔那摩日记》，讲述Slahi(塔哈饰)被美国政府俘虏，在毫无指控与判决的情况下被关进了监狱，他失去了希望。Slahi寻得辩护律师南希·霍兰德(福斯特饰)与助手特里·邓肯(伍德蕾饰)的帮助，他们在面对无数障碍的情况下，一同追求正义。在富有争议的主张及斯图尔特·库什中尉(康伯巴奇饰)揭露的证据下，一个令人震惊的阴谋露出水面。',7.3,'1623176142691991095.jpg'),(250,'风平浪静','章宇;宋佳;王砚辉;李鸿其;邓恩熙;周政杰;陈瑾;张建亚;叶青;高宇航;赵龙豪;丁冠中;林津锋;','剧情;爱情;犯罪;','中国大陆;','汉语普通话;',1623176143316,119,'十五年前的一次意外，成绩优异高中生宋浩离开了家乡，也离开了原本的人生轨迹。十五年后，他回到家乡，一切仿佛都已风平浪静。与老同学潘晓霜的重逢，给了他人生久违的光亮。他决定揭开那个十五年来不敢触碰的伤疤，重新掌控人生，完成一场似乎不可能的自我救赎。',6.2,'1623176143354918844.jpg'),(251,'鬼灭之刃 那田蜘蛛山篇','花江夏树;鬼头明里;下野纮;松冈祯丞;','剧情;动作;奇幻;','日本;','日语;',1623176143845,138,'炭治郎，伊之助还有我妻善逸在打败响凯，并得到休整后，《鬼灭之刃》的故事也将进入新的篇章，那就是“那田蜘蛛山篇”。在这一篇章，真正有着十二鬼月实力的角色，也将会出现',9.2,'1623176143885629254.jpg'),(252,'我是大哥大 电影版','贺来贤人;伊藤健太郎;清野菜名;桥本环奈;仲野太贺;柳乐优弥;山本舞香;矢本悠马;若月佑美;柾木玲弥;铃木伸之;猪塚健太;矶村勇斗;佐藤二朗;吉田钢太郎;泉泽祐希;荣信;爱原实花;','喜剧;','日本;','日语;',1623176144465,114,'三桥贵志以转校为契机，决定在新学校“嚣张”一把，从此做个不良少年。为了能在同学中获得存在感，他还特地去发廊弄了一头金色卷发。而和他转到同一所学校的伊藤也有同样的想法。在开学第一天，伊藤和三桥就发现了彼此的秘密，也因此结成盟友。三桥的信条是“无论用多么卑鄙的手段，只要能赢就行”，所以，在和别人打架的时候只要能玩阴的就绝对不正面对抗，但他真正的实力也不容小觑。伊藤为人处世相对正经，有时候甚至会慢半拍，也因此常常被三桥利用且被蒙在鼓里，而在打架方面，他战斗力超群，有着不服输的信念。两个人一起挑战校内校外的不良少年，引发了一连串爆笑事件。',7.9,'1623176144510767133.jpg'),(253,'姜子牙','郑希;杨凝;图特哈蒙;阎么么;季冠霖;姜广涛;','剧情;动画;奇幻;','中国大陆;','汉语普通话;',1623176145190,110,'故事发生于封神大战后。姜子牙率领众神伐纣，赢得封神大战胜利，以为可以唤回世间安宁。然而，一切并未结束。一个偶然，姜子牙发现了原来“封神大战”之下酝酿着更大的阴谋。姜子牙开始踏上探寻真相的旅途......',6.7,'1623176145231692901.jpg'),(254,'消失的情人节','刘冠廷;李霈瑜;黑嘉嘉;周群达;林美秀;马志翔;陈竹昇;庄益增;','喜剧;爱情;奇幻;','中国台湾;','汉语普通话;闽南语;',1623176145849,119,'公车司机阿泰（刘冠廷/饰），是一个动作慢吞吞、连手表的时间、地震的感应都比别人慢的奇葩。他每天都会去邮局，找柜员杨晓淇（李霈瑜/饰）寄一封不知道给谁的平信。柜员杨晓淇和阿泰完全相反，是个凡事抢拍的超级急性子，唯独感情生活毫无进展，年近三十还是母胎单身。情人节前夕，杨晓淇被天菜阳光男刘老师（周群达Duncan/饰）搭讪，终于情窦初开的晓淇和刘老师天雷勾动地火；想不到一觉醒来，刘老师再无音讯、而且情人节居然已经过了？！每天来寄信的阿泰也再也没出现过...毫无记忆的杨晓淇，开始了一趟寻找真相的奇幻旅程...',7.2,'1623176145889340791.jpg'),(255,'女生要革命','哈德莉·罗宾逊;劳伦·蔡;尼科·希拉加;帕特里克·施瓦辛格;西德尼·帕克;安杰利卡·华盛顿;J·J·托塔;艾米·波勒;伊克·巴里霍尔兹;马西娅·盖伊·哈登;约瑟芬·兰福德;Joshua Walker;克拉克·格雷格;罗恩·帕金斯;亚伦·霍利戴;维克托·沃尔夫;格雷格·波勒;凯文·多尔夫;柯瑞·福格尔玛尼斯;布兰迪·赖特;','剧情;喜剧;','美国;','英语;',1623176146502,111,'高中校园里的性别歧视和价值扭曲，让这位害羞的16岁女孩再也受不了了！妈妈的叛逆过往让她灵机一动，匿名发行一份小报，继而引爆风靡全校的成长变革。本片改编自珍妮佛·马修的小说，由艾米·波勒执导。',7.6,'1623176146540893940.jpg'),(256,'消失的情人节','刘冠廷;李霈瑜;黑嘉嘉;周群达;林美秀;马志翔;陈竹昇;庄益增;','喜剧;爱情;奇幻;','中国台湾;','汉语普通话;闽南语;',1623229699813,119,'公车司机阿泰（刘冠廷/饰），是一个动作慢吞吞、连手表的时间、地震的感应都比别人慢的奇葩。他每天都会去邮局，找柜员杨晓淇（李霈瑜/饰）寄一封不知道给谁的平信。柜员杨晓淇和阿泰完全相反，是个凡事抢拍的超级急性子，唯独感情生活毫无进展，年近三十还是母胎单身。情人节前夕，杨晓淇被天菜阳光男刘老师（周群达Duncan/饰）搭讪，终于情窦初开的晓淇和刘老师天雷勾动地火；想不到一觉醒来，刘老师再无音讯、而且情人节居然已经过了？！每天来寄信的阿泰也再也没出现过...毫无记忆的杨晓淇，开始了一趟寻找真相的奇幻旅程...',7.2,'1623229699897851037.jpg'),(257,'从邪恶中拯救我','黄政民;李政宰;朴正民;朴昭怡;崔嬉序; 沈英恩;朴明勋;吴代焕;宋永彰;李书焕;李泰剑;池炫俊;朴宰弘;文正秀 ;金敏植;宋宥弦;林成宰;丰原功补;白龙;水野智则;藏原健;','动作;悬疑;犯罪;','韩国;','韩语;日语;泰语;英语;汉语普通话;',1623229701117,108,'泰国发生震惊人心的绑架事件，完成最后杀人任务的杀手仁南（黄政民饰演），在得知这事件与自己有关之后，随即前往泰国，并与助手开始追查这起事件。另一方面，得知自己兄弟被仁南杀害的雷（李政宰饰演），为了复仇，也前往了泰国。惨烈的暗杀者与无情的追击者，展开了一场没有底线的猛烈追击。',7.2,'1623229701173927984.jpg'),(258,'发财日记','宋小宝;马丽;沙溢;张一山;肖央;艾伦;王祖蓝;魏翔;韩彦博;马汉毅;黄小蕾;肖添仁;','剧情;喜剧;','中国大陆;','汉语普通话;',1623229701981,128,'故事讲述上世纪90年代初，穷小子小宝追随同村“发小儿”二哥，一路从贫穷朴实的东北农村来到了经济飞速发展的深圳。期间，两人无意中收留了一个嗷嗷待哺的婴儿，生活困窘的小宝和二哥该如何将孩子抚养长大？当小宝和二哥与同在深圳打拼的创业女青年马露“狭路相逢”，三人之间又将发生哪些令人捧腹的爆笑故事？一段笑泪参半、起伏跌宕的小人物奋斗史就此展开……',5.9,'1623229702026879054.jpg'),(259,'艾达，怎么了？','贾丝娜·德尤里奇克;伊兹丁·巴乔维奇;Dino Bajrovic;约翰·海尔登贝格;雷蒙德·提哈瑞;波利斯·伊萨科维奇;埃米尔·哈齐哈夫茨比哥维奇;雷豪特·比瑟马克;特恩·吕伊克斯;Juda Goslinga;耶琳娜·科迪奇·库雷特;厄明·布拉沃;伊迪塔·马洛维奇;米哈·赫尔肖夫;桑内·丹·哈托格;艾莉娜·梅尔彻尔;Emina Muftic;玛利洛·尼佐维奇;露娜·米乔维克;乔万·齐瓦诺维奇;埃尔敏·西贾米贾;Boris Ler;Alban Ukaj;','剧情;历史;战争;','波黑;奥地利;罗马尼亚;荷兰;德国;波兰;法国;挪威;土耳其;','塞尔维亚克罗地亚语;波斯尼亚语;英语;荷兰语;塞尔维亚语;',1623229703039,101,'1995年7月，斯雷布雷尼察。艾达是联合国的一名翻译。当塞尔维亚军队入侵波什尼亚克飞地并接管那里的权力时，她和她的家人和其他成千上万的人一样，在联合国营地寻求保护。激烈的政治谈判开始了，阿伊达不得不进行翻译，通过翻译她得知了致命而残酷的信息。但尽管信息的爆炸性极强，她还是坚持着逃脱迫在眉睫的命运的希望。',7.8,'1623229703092437148.jpg'),(260,'温暖的抱抱','常远;李沁;沈腾;乔杉;马丽;艾伦;田雨;王智;魏翔;王宁;黄才伦;张一鸣;王成思;张子栋;陈昊明;吴莫愁;','喜剧;','中国大陆;','汉语普通话;',1623229703809,112,'对整洁和计划有着超乎常人执念的鲍抱（常远饰），本以为自己是一个友情爱情的绝缘体，但在遇到个性率真宋温暖（李沁饰）、妙手“神经”贾医生（沈腾饰）和假仁假义王为仁（乔杉饰）之后，上演了一段阴差阳错的喜剧故事……影片根据韩国电影《计划男》改编。',5.4,'1623229703850251970.jpg'),(261,'大师','安东尼·霍普金斯;艾比·考尼什;安松·蒙特;迪奥拉·拜尔德;埃迪·马森;大卫·摩斯;理查德·布雷克;克里斯·佩尔费蒂;布莱斯·科里根;Jenna Hellmuth;Shay Guthrie;Ryan Jonze;Estelle Girard Parks;Lory Molino;Basil Kershner;','动作;惊悚;犯罪;','美国;','英语;',1623229704625,0,'安东尼·霍普金斯、安森·蒙特(《异人族》《星际迷航：发现号》)、艾比·考尼什(《三块广告牌》《明亮的星》)将主演黑色惊悚片《大师》(TheVirtuoso，暂译)，NickStagliano(《美好的一天》)执导。蒙特饰一个职业杀手，欠下他的导师(霍普金斯)很多，为此他得杀掉最新接受的一个任务目标。但没有任何这个目标的照片和具体描述，他只知道目标会在下午5点，出现在一个死气沉沉的小镇的餐厅里。那么餐厅里任何顾客都可能是这个杀手要杀的人，还有那个神秘的女招待(考尼什)，就算她不是目标，也是一个足够威胁这项任务的存在，她甚至可能危害杀手的生命。该片也即将在#戛纳电影节#卖片。',6.1,'1623229704665117158.jpg'),(262,'蜡笔小新：激战！涂鸦王国和约四位勇士','小林由美子;楢桥美纪;森川智之;兴梠里美;真柴摩利;林玉绪;一龙斋贞友;佐藤智惠;神谷浩史;伊藤静;富永美伊奈;黑泽朋世;森田顺平;七绪春日;富泽美智惠;三石琴乃;玉川纱己子;铃木玲子;大塚瑞惠;伊仓一惠;星野千寿子;山田秋子;大冢智子;茶风林;辻亲八;中田让治;平田广明;玄田哲章;三矢雄二;飞田展男;井上喜久子;小杉十郎太;诹访部顺一;能登麻美子;麻生智久;大西健晴;泷本富士子;山本格;松本健太;田岛章宽;桂一雅;后藤光祐;花藤莲;岩桥由佳;河村梨惠;井之上润;古贺明;安田陆矢;八幡谅;桥本结;小泉濑奈;久保田光;今泉里绪奈;前田晴香;凯莉葩缪葩缪;池田贵史;苹果酱;山田裕贵;','动画;家庭;','日本;','日语;',1623229705449,103,'《蜡笔小新》第28部电影，日本于2020年4月24日上映，本作并为蜡笔小新漫画连载30周年纪念作品。宣传标语有[世界拯救！蜡笔！，本作以涂鸦王国为舞台，讲述小新等四位勇士拯救世界的故事。',8.6,'1623229705493634954.jpg'),(263,'三国志新解','大泉洋;贺来贤人;桥本环奈;山本美月;冈田健史;桥本哲;高桥努;岩田刚典;渡边直美;矶村勇斗;矢本悠马;阿部进之介;半海一晃;室毅;山田孝之;城田优;佐藤二朗;西田敏行;小栗旬;','历史;','日本;','日语;',1623229706262,113,'《三国志》，是围绕公元200年左右，中国后汉时期，魏蜀吴三国争夺天下霸权、群雄割据的相关史实整理而成。这次的电影则是同时担任剧本工作的福田导演，在《三国志》的基础上，增添了新解释的作品。',5.3,'1623229706302929936.jpg'),(264,'沐浴之王','彭昱畅;乔杉;卜冠今;苇青;金世佳;洪剑涛;房子斌;张本煜;黄垲翔;朱时茂;沈南;桑平;白客;柯达;刘循子墨;巴多;孔连顺;李建义;','喜剧;','中国大陆;','汉语普通话;',1623229707080,103,'在一次搓澡服务中，富二代肖翔（彭昱畅饰）和搓澡工周东海（乔杉饰）发生矛盾，让周东海面临生活困境。肖翔因跳伞事故被送到医院记忆全失，周东海恰巧撞见，心生一计，骗肖翔是自己的弟弟并骗回周家澡堂当搓澡工，于是一个富二代开始了一段终身难忘的搓澡生涯……',6.1,'1623229707120587435.jpg'),(265,'穷途鼠的奶酪梦','大仓忠义;成田凌;吉田志织;咲妃美悠;佐藤穗奈美;小原德子;','剧情;同性;','日本;','日语;',1623229708146,131,'大伴恭一（大仓忠义饰），从学生时代起就只与“喜爱自己的女性”交往，不断重复着被动的恋爱，也因为优柔寡断的性格而不断地出轨。大学后辈今之濑涉（成田凌饰）作为出轨调查员在接受主人公妻子的委托后，某日与前辈大伴恭一时隔7年再次相遇，突然向其告白「从很早以前就一直喜欢你了」，并用为其隐瞒出轨事实作为代价要求前辈以身体来交换。在被今之濑死缠烂打地靠近和追求下，最终恭一也体会到了如胸口揪心般的恋爱之痛…',7.6,'1623229708186123496.jpg'),(266,'亲爱的房客','莫子仪;陈淑芳;白润音;吴朋奉;谢琼煖;姚淳耀;是元介;沈威年;王可元;陈雪甄;胡广雯;朱宥丞;林欣怡;','剧情;同性;','中国台湾;','汉语普通话;',1623229709177,106,'林健一（莫子仪饰）是住在顶楼的房客，但他不只照顾年迈患病的房东周秀玉（陈淑芳饰），还收养了她9岁的孙子王悠宇（白润音饰），这一切看似超出普通房客的行为动机，在周秀玉去世后受到质疑，很多人怀疑他是为了顺理成章的获得遗产，他百口莫辩，因为这些举动背后隐藏着一段不被承认的感情，也更是他思念一个人的方式，而那个人正是房东已经过世的儿子…',7.5,'1623229709226391112.jpg'),(267,'兴安岭猎人传说','尚铁龙;林枫烨;','悬疑;恐怖;冒险;','中国大陆;','汉语普通话;',1623229709986,83,'东北民间流传着关于“皇围猎人”的神秘传说，他们世代生存于深山，为帝王守护兴安岭这片龙兴之地的气脉运转。传闻猎人除了精通狩猎之法，更知晓驱鬼通神之术。在东北一处偏僻的山村里，悄然发生一起灭门惨案，在村民们的恳求下，最后一代皇围猎人刘二爷（尚铁龙饰）决定出山调查真相，不想过程中怪事屡现，老林子里的秘密也被渐渐揭开....',6.1,'1623229710027398086.jpg'),(268,'女巫','安妮·海瑟薇;奥克塔维亚·斯宾瑟;斯坦利·图齐;克里斯汀·肯诺恩斯;克里斯·洛克;查尔斯·爱德华兹;尤吉尼亚·克鲁索;西蒙·曼永达;菲利普·斯波;安格斯·瑞特;奥尔拉·欧鲁尔克;吉米·斯达;','喜剧;奇幻;冒险;','美国;墨西哥;英国;','英语;',1623229710813,106,'该片基于罗尔德·达尔（《查理和巧克力工厂》原著作者）所著同名儿童小说，部分设定在挪威，部分设定在英国，讲述一个7岁小男孩和祖母住在一起，这个世界中存在着邪恶女巫，某次他偶遇女巫，被变成了老鼠，他必须尽力阻止她们破坏世界。',5.8,'1623229710855625073.jpg'),(269,'海边的异邦人','村田太志;松冈祯丞;岛村侑;伊藤加奈惠;仲谷明香;佐藤花;坂木孝辅;竹内惠美子;樱井优辉;稻川英里;鸣海龙明;橘龙丸;熊谷健太郎;仪武祐子;天海由梨奈;水野朔;上西哲平;白石兼斗;加藤涉;','爱情;动画;同性;','日本;','日语;',1623229711841,59,'故事讲述住在冲绳离岛上的桥本骏(村田配音)，结识了失去父母的孤独高中生知花实央(松冈配音)，两位少年成了好友。实央为了快点成长为大人，决定离开本岛，两人渐渐断了联系。3年后，实央却再次出现在骏的面前，还大胆告白。',7.2,'1623229711880662171.jpg'),(270,'85年盛夏','菲利克斯·勒费弗尔;本杰明·沃辛;菲莉皮娜·维莱芝;瓦莱丽亚·布鲁尼·泰德斯基;梅尔维尔·珀波;伊莎贝尔·南蒂;洛朗·费尔南德斯;奥罗拉·布鲁坦;布鲁诺·洛歇;约恩·齐默;安托万·西蒙尼;帕特里克·齐默尔曼;塞缪尔·博拉夫曼-芒蒂尔;','剧情;同性;','法国;比利时;','法语;',1623229712689,100,'亚历克西斯（菲利克斯·勒费弗尔FélixLefebvre饰）是一位精力旺盛，向往自由的少年。一天，在独自出海的过程中，亚历克西斯遭遇了意外，所幸得到了大卫（本杰明·沃辛BenjaminVoisin饰）的出手相救才逃过了一劫。这次事件让两个少年迅速建立了深厚的友谊，他们一个放荡不羁古灵精怪，一个沉着稳重心思细腻，简直就是天作之合。然而，当一个名叫凯特（菲莉皮娜·维莱芝PhilippineVelge饰）的女孩出现在两人的生活中时，亚历克西斯和大卫之间的关系开始慢慢出现裂痕。在一次激烈的争吵中，亚历克西斯负气出走，不放心他的大卫驱车在后面追赶，哪知道因此遭遇了车祸命丧黄泉。©豆瓣',6.9,'1623229712733882685.jpg'),(271,'担保','成东日;河智苑;朴昭怡;金熙元;','剧情;','韩国;','韩语;',1623229714284,113,'1993年，仁川，高利贷追讨者头石（成东日饰）和宗培（金熙元饰）想从明子（金允珍饰）处拿回欠款，却因为明子的窘迫只得将她的女儿承利（朴昭怡饰）带走作为担保。因为被人举报，作为非法滞留者的明子遭到驱逐，临行前拜托头石将承利送至其大伯处。本以为承利会被有钱人家收养的头石却发现承利被送到了不该她待的地方，他毅然决定把承利夺回…此去经年，正在中国作为中韩外交事务翻译的承利接到宗培的电话，得知了失踪已久的头石的讯息…',7.8,'1623229714331882725.jpg'),(272,'剧场','山崎贤人;松冈茉优;宽一郎;伊藤沙莉;井口理;浅香航大;上川周作;大友律;三浦诚己;','剧情;爱情;','日本;','日语;',1623229715312,136,'永田从高中开始和朋友建立了一个剧团，他兼任编剧和导演，但剧作由于太过前卫收到了很多差评，剧团面临着即将解散的状态。直到一天，永田在路上向穿着同样鞋子的沙希搭话。梦想成为演员的沙希和永田就这么谈起了恋爱。身无分文的永田搬进了沙希的家里，两人开始了同居生活。沙希无条件地支持着永田追逐梦想，永田也渐渐重新拾起对戏剧的热爱。',7.9,'1623229715357815924.jpg'),(273,'进击的巨人：编年史','梶裕贵;石川由依;井上麻里奈;下野纮;小林优;三上枝织;藤田咲;细谷佳正;桥诘知久;谷山纪章;岛村侑;津田健次郎;朴璐美;小野大辅;神谷浩史;子安武人;','动画;','日本;','日语;',1623229716208,120,'随著上周《进击的巨人》系列动画最终章首回宣传片正式发布之后，稍早官方宣布将以前三季的动画工作室WITSTUDIO所制作共计59话的内容为基础，重新精华编译《进击的巨人》动画版，推出《进击的巨人》系列编年史剧场版《进击的巨人CHRONICLE》，供所有粉丝一次饱览《进击的巨人》动画前三季内容，复习《进击的巨人》早先的剧情并期待最终季的正式推出。',8.6,'1623229716253140810.jpg'),(274,'你的眼睛在追问','吉高由里子;横滨流星;矢部享祐;田山凉成;野间口彻;奥野瑛太;町田启太;风吹淳;般若;坂之上茜;森宽和;','爱情;','日本;','日语;',1623229717320,123,'柏木明香里（吉高由里子饰）是一位个性非常开朗的女孩，曾经，因为一场可怕的交通事故，明香里失去了双亲，虽然自己捡回了一条命，但她失去了大部分的视力。实际上，明香里一直生活在深深的自责之中，将父母的死因归结到自己身上，但平日里，她还是竭力表现出非常乐观的一面，总是给身边的人带去积极的能量。一次偶然中，明香里结识了名为筱崎垒（横滨流星饰）的男孩，垒曾经梦想着成为一名拳击手，却因为种种意外而就此告别拳坛，现在靠着打零工度日。明香里的快乐影响了垒，当垒得知了明香里悲惨的过去和内心的阴暗面后，他决定再度走上擂台，靠打拳赢取奖金来给明香里治眼睛。©豆瓣',7.2,'1623229717376468855.jpg'),(275,'曼克','加里·奥德曼;阿曼达·塞弗里德;莉莉·柯林斯;查尔斯·丹斯;艾利斯·霍华德;汤姆·派福瑞;塔彭丝·米德尔顿;汤姆·伯克;杰米·麦克沙恩;莱文·兰宾;托比·莱昂纳德·摩尔;山姆·特劳顿;约瑟夫·克罗斯;艾维·约斯特;亚当·沙皮罗;费迪南德·金斯利;保罗·福克斯;娜塔莉·丹尼斯·斯皮尔;里克·帕斯夸隆;保罗·卡拉夫特斯;克里斯蒂安·普伦蒂斯;约翰·李·艾姆斯;金斯顿·凡尔内斯;克莱格·罗伯特·扬;贾可琳·贝瑟尼;卡米尔·蒙哥马利;克雷格·韦茨巴赫尔;乔安妮·汤姆森;达娜·林恩·拜伦;斯图瓦特·斯科尔顿;克里斯蒂安·罗伯茨;约翰·帕特里克·舒拉克;','剧情;传记;','美国;','英语;德语;拉丁语;',1623229718817,131,'随着赫尔曼·J·曼凯维奇争分夺秒地完成奥逊·威尔斯的《公民凯恩》剧本，人们将通过这位尖刻的社会评论家兼嗜酒编剧的视角，重新审视20世纪30年代的好莱坞。',7.4,'1623229718866885492.jpg'),(276,'线','菅田将晖;小松菜奈;荣仓奈奈;斋藤工;二阶堂富美;山本美月;高杉真宙;倍赏美津子;竹原皮斯托;松重丰;田中美佐子;山口纱弥加;永岛敏行;成田凌;马场富美加;','爱情;','日本;','日语;',1623229719836,130,'影片灵感来自中岛美雪的同名歌曲，辗转北海道、东京、冲绳、新加坡四地，讲述男主高桥涟和女主园田葵之间跨度长达31年的故事。',6.9,'1623229719879348691.jpg'),(277,'行骗天下JP：公主篇','长泽雅美;东出昌大;小日向文世;白滨亚岚;关水渚;古川雄大;柴田恭兵;北大路欣也;三浦春马;竹内结子;广末凉子;江口洋介;','剧情;喜剧;','日本;','日语;',1623229720838,124,'此次故事舞台设定在新加坡，长泽雅美、东出昌大、小日向文世组成的诈欺三人组的目标是闻名世界的大富豪胡雷盟留下的10兆日元遗产。',7.3,'1623229720887200511.jpg'),(278,'较量2','莫哈恩拉;Meena;Ansiba;Esther Anil;Siddique;Asha Sharath;Saikumar;Murali Gopy;Ganesh Kumar;Anjali Nair;Antony Perumbavoor;Aneesh Menon;Boban Samuel;','剧情;惊悚;犯罪;','印度;','马拉雅拉姆语;',1623229721616,152,'在少年瓦伦失踪六年后，乔治库迪和他的家人目前过着更好的生活，他比以前更富有，除了有线电视平台，他还新开了一家电影院，并打算制作电影。他们的小女儿安努年满18岁，就读于一所寄宿学校，临近毕业。大女儿安珠正计划升学，而母亲拉妮则拼命替大女儿安排婚姻。虽然一家人和和睦睦，但乔治库迪禁止在屋檐下讨论失踪案。该家庭的富裕地位使街坊邻居倍感嫉妒，各种闲言碎语开始流传，而警方由于多次未能破案而颜面尽失，再加上瓦伦父母的苦苦相逼，在多方夹击之下，乔治库迪能否再次保护家人？',7.5,'1623229721657225694.jpg'),(279,'樱','北村匠海;小松菜奈;吉泽亮;小林由依;水谷果穂;山谷花纯;加藤雅也;趙たみ和;寺岛忍;永濑正敏;','剧情;家庭;','日本;','日语;',1623229722410,119,'改编自第152届直木奖的获奖作家西加奈子于2005年出版的畅销书。讲述了一家人在绝望中寻求希望，以及对他们不离不弃的爱犬•樱的故事。平凡的二儿子（北村匠海），帅气逼人的长子（吉沢亮）和对长子有奇怪爱意的美貌妹妹（小松菜奈）,虽然有些奇怪但是幸福的家庭。随着一家人的长兄遭遇车祸，各自的命运发生了翻天覆地的变化……',6.4,'1623229722448985465.jpg'),(280,'我很在乎','裴淳华;彼特·丁拉基;艾莎·冈萨雷斯;黛安·韦斯特;克里斯·梅西纳;小伊塞亚·维特洛克;梅肯·布莱尔;艾丽西亚·维特;达米安·杨;尼古拉斯·罗根;利兹·恩格;乔治亚·莱曼;克里斯·埃弗里特;何塞·冈斯·阿尔维斯;凯文·芬内西;珍妮尔·费格利;杰米·加扎里安;阿德里安·M·蒙波因特;','喜剧;惊悚;犯罪;','英国;','英语;',1623229723258,118,'玛拉（裴淳华RosamundPike饰）经营着一家监护人公司，她专门寻找身体情况欠佳同时又无依无靠的老年人下手，通过并不是那么合法的手段令自己成为他们的法定监护人，将他们送进疗养院，之后便可接手和变卖他们的财产和房产，再将所得据为己有。某日，玛拉将下一个“吞噬”的目标放在了一位名叫珍妮弗（黛安娜·维斯特DianneWiest饰）的老太太身上，经调查，珍妮弗没有任何的亲人，同时又拥有着价值不菲的遗产，简直就是他们的最佳“肥羊”。在一番操作之后，珍妮弗被没收手机关进了疗养院，但此时的玛拉和她的恋人兼合伙人弗兰（艾莎·冈萨雷斯EizaGonzález饰）并不知道的是，她们惹上了一个不该惹，也不能惹的人。©豆瓣',6.3,'1623229723295808044.jpg'),(281,'灰猎犬号','汤姆·汉克斯;斯蒂芬·格拉汉姆;伊丽莎白·苏;迈克尔·本茨;罗布·摩根;大卫·马尔登那多;吉米·坦顿;马特·赫尔姆;汤姆·布里特尼;曼努埃尔·加西亚-鲁尔福;特拉维斯·普里兹比尔斯基;杰里米·丹尼尔·麦登;戴文·德鲁伊;特拉维斯·昆汀;威尔·普伦;乔什·维金斯;迈克尔·卡罗洛;凯莱布·J·塔格德;格雷森·拉塞尔;杰夫·阿德勒;戴夫·戴维斯;李·诺里斯;切特·汉克斯;卡尔·格洛斯曼;马修·祖克;B·马丁·威廉姆斯;乔恩·多纳休;伊恩·詹姆斯·科里特;马克西米利安·奥辛斯基;托马斯·克莱舒曼;','剧情;战争;','美国;加拿大;中国大陆;','英语;',1623229724140,91,'影片讲述二战初期，由37支盟军船只组成的护航舰队在欧内斯特·克劳斯（汤姆·汉克斯饰）舰长率领的一艘美国驱逐舰指挥下，穿越险恶的北大西洋，同时还要与德国U型潜艇狼群的周旋。',7.9,'1623229724181536460.jpg'),(282,'血腥地狱','本·奥图尔;梅格·弗雷泽;卡罗琳·克雷格;马修·桑德兰;Travis Jeffery;Jack Finsterer;David Hill;约书亚·布伦南;阿什丽·罗尔拜克;Sophia Emberson-Bain;Ryan Tarran;Scott George;Daniel Weaver;布拉德·麦克默里;Sean Lynch;吉姆·克诺贝洛赫;丽莎·加赛德;乔伊·维埃拉;克雷格·英汉姆;','惊悚;恐怖;','澳大利亚;美国;','英语;芬兰语;',1623229724886,94,'一个有着神秘过去的男人逃离了这个国家，逃脱了自己的个人地狱-只是到达了一个更加糟糕得多的地方。',6.9,'1623229724925453860.jpg'),(283,'角头外传：浪流连','郑人硕;谢欣颖;柯叔元;曾莞婷;陈竹昇;古斌;黄尚禾;唐振刚;张再兴;吴震亚;王宣;高捷;','剧情;','中国台湾;','汉语普通话;',1623229726175,120,'身为角头的阿庆（郑人硕饰）在北馆角头大哥仁哥的女儿满月宴上，偶遇摄影师小淇（谢欣颖饰），原本水火不容的两人，在一次次的争吵中发现其实自己最在乎对方。阿庆与小淇相爱、相知、相惜、互相扶持，阿庆为小淇解决困难、小淇在阿庆事业遇到瓶颈时给予鼓励。但就在此时湳沆的世界在背地里陷害北馆贩毒，不仅让北馆深陷危机，仁哥与五虎们相继误解阿庆，小淇也因为阿庆受重伤。阿庆分身乏术，痛定思痛决定奋力一搏。',6,'1623229726224970732.jpg'),(284,'最后的前线','阿尔乔姆·古宾;卢博夫·康斯坦丁诺娃;Igor Yudin;亚力克萨·巴杜科夫;叶甫根尼·戴亚特洛夫;谢尔盖·别兹鲁科夫;罗曼·马佳诺夫;叶卡婕琳娜·列德尼科娃;小谢尔盖·邦达尔丘克;达里亚;瓦西里·米什琴科;帕维尔·史顿;迪米特里·布尔热;尼古拉·萨姆索诺夫;卡琳娜·曼德罗夫斯卡娅;','战争;','俄罗斯;','俄语;',1623229727093,136,'这部电影讲述了1941年10月波多尔斯克军校学员在莫斯科郊外英勇抵抗的故事。波多尔斯克步兵和炮兵学校的学员被派往伊林斯基防线，与苏联第43军的部队并肩作战，阻止德军的前进，直到增援部队到达。由于寡不敌众，这些年仅十多岁的年轻人在一场持续近两周的战斗中献出了自己的生命。这场战斗旨在阻止远为优势的德国军队向莫斯科推进。这部电影不仅关于战争。它也关乎爱情，真正的友情，以及从童年到成年的道路。大约3500名学员和他们的指挥官被派去坚守莫斯科郊外的最后一道防线。他们大多数人永远留在那里。',7.5,'1623229727162752876.jpg'),(285,'恋途未卜','潘惠美;久川绫;堀江瞬;井上和彦;井上喜久子;齐藤壮马;佐仓绫音;岛崎信长;铃木球花;田中秀幸;','爱情;动画;','日本;','日语;',1623229727983,103,'偶然相遇、完全不是同一类型的朱里与由奈，以及朱里没有血缘关系的弟弟理央、由奈的青梅竹马和臣，是住在同一所公寓、就读同一所学校的高中一年级生。由奈憧憬着理央，理央对朱里怀抱无法说出口的心意，朱里隐藏着秘密，和臣目击了某个秘密。他们各自的心意复杂地纠结在一起，越是思念对方，就越是和对方错过——痛切的恋情，开始启动。',6.6,'1623229728026545470.jpg'),(286,'乐园之夜','严泰九;全汝彬;车胜元;赵东仁;朴浩山;玄奉植;车顺裴;孙秉浩;李文植;安世彬;张荣男;Greg Chun;诺希尔·达拉尔;安吉拉·林;马修·杨·金;基内·扬;','剧情;','韩国;','韩语;',1623229728797,132,'影片围绕着一个男人和一个女人分别展开，男人是某组织的头号目标人物，而女人则处在生命的尽头。',6.6,'1623229728840458233.jpg'),(287,'蛛丝马迹','丹泽尔·华盛顿;拉米·马雷克;杰瑞德·莱托;克里斯·鲍尔;迈克尔·凯悦;特里·金尼;娜塔丽·莫瑞丝;伊莎贝尔·阿雷扎;乔利斯·贾斯基;格伦·莫肖尔;苏菲亚·威希涅瓦;杰森·詹姆斯·里希特;约翰·哈伦·金;弗雷德里克·凯勒;朱迪斯·斯科特;玛雅·卡赞;奥利维亚·华盛顿;基夫·范登·霍伊维尔;J.唐宁;托马斯·克劳福德;利纳拉·华盛顿;杰夫·科贝特;斯蒂芬妮·埃尔布;萨曼莎·科尔米耶;李·加林顿;迪米特·D·马里诺夫;朱莉娅·维拉;杰克·托帕利安;查理·塞斯顿;埃姆利·贝赫什蒂;汉克·诺思罗普;亚当·哈林顿;凯莉·奥马利;','剧情;惊悚;犯罪;','美国;','英语;',1623229729728,127,'克恩郡巡警乔狄肯，小名狄克（丹泽尔·华盛顿饰），被派往洛杉矶进行本该是趟简单明快的证据收集任务。取而代之的是，他被卷入一场缉捕正肆虐该市的连环杀手之行动。领导缉捕的是洛杉矶郡警长吉姆贝克斯特（拉米·马雷克饰），对狄克的警察直觉大为惊艳，因而私自寻求他的协助。但在两人追踪主要嫌疑人艾伯特史帕玛（杰瑞德·莱托饰）时，贝克斯特浑然不觉该调查勾起了狄克对过去不愉快的回忆，随之出土的黑暗秘密除了威胁案件调查外，可能牵连更剧。',6.5,'1623229729771839792.jpg'),(288,'里夫金的电影节','华莱士·肖恩;吉娜·格申;路易·加瑞尔;克里斯托弗·瓦尔兹;埃伦娜·安纳亚;斯蒂夫·古根伯格;戴米恩·查帕;乔治娜·阿莫罗斯;塞尔希·洛佩斯;道格拉斯·麦克格兰斯;鲍比·斯雷顿;安德莉亚·特勒帕;卢兹·西普里奥塔;本·坦普尔;埃琳娜·桑兹;马努·弗欧拉;戈德莉芙·范·登·布兰特;约翰·西希尔;Yan Tual;娜塔莉亚·迪森塔;','喜剧;','西班牙;美国;意大利;','英语;西班牙语;',1623229730820,88,'讲述一对美国夫妇去参加圣塞巴斯蒂安电影节，却双双出轨：妻子和一个有才华的法国导演发生婚外情，丈夫爱上了一个漂亮的当地女子。',7.2,'1623229730861173689.jpg'),(289,'逃跑','莎拉·保罗森;基拉·艾伦;帕特·希利;埃里克·阿塔瓦尔;布拉德利·索茨基;奥娜莉·艾姆斯;德里克·詹姆斯·特拉普;Clark Webster;Conan Hodgkinson;Carter Heintz;Steve Pacaud;','悬疑;惊悚;恐怖;','美国;','英语;',1623229731674,90,'克洛伊（基拉·艾伦KieraAllen饰）从一出生起就和母亲（莎拉·保罗森SarahPaulson饰）过着相依为命的生活，在她们的世界里，父亲这一角色是从未存在过，也不可提及的。因为早产，克洛伊的健康面临着非常严重的打击，时时刻刻都在遭受着死亡的威胁，可即便如此，母亲也从未放弃过克洛伊，她凭借着自己坚强的力量将克洛伊抚养长大。克洛伊体弱多病，半身不遂只能依靠轮椅行动，母亲是她和外界唯一的联系，在母亲的帮助之下，克洛伊靠着自学参加了大学的入学考试，正在焦急的等待着考试结果的公布。某日，克洛伊对自己每天都要服用的药物产生了怀疑，通过种种调查，她震惊的发现这些药物正是导致自己无法行走的元凶。©豆瓣',6.7,'1623229731713188032.jpg'),(290,'砍人快乐','凯瑟琳·纽顿;文斯·沃恩;阿兰·卢克;凯蒂·芬内朗;米切尔·霍格;尤赖亚·谢尔顿;米沙·奥谢洛维奇;梅丽莎·科拉佐;凯利·拉莫尔·威尔逊;汉娜·拉塞尔;布鲁克·杰伊·泰勒;达娜·德罗里;塞莱斯特·奥康纳;查尔斯·格林;帕蒂·舍尔哈斯;珍妮弗·皮尔斯·马尔萨斯;塞莱斯特·赛德;尼古拉斯·斯塔格尔;戴恩·达文波特;','喜剧;惊悚;恐怖;','美国;','英语;',1623229732532,102,'在与一个精神错乱的连环杀手交换尸体后，一名高中女生发现，她只有不到24小时的时间才能得到永久性的改变。',6.1,'1623229732578704324.jpg'),(291,'致命弯道','夏洛特·维嘉;阿丹·布拉德利;比尔·萨奇;艾玛·杜蒙特;迪伦·麦蒂;黛茜·海德;马修·莫迪恩;Vardaan Arora;阿德里安·法维拉;Rhyan Elizabeth Hanavan;科里·斯科特·艾伦;达米安·马菲;大卫·哈奇森;瓦莱丽·简·帕克;丹尼尔·R·希尔;杰里米·安布勒;','惊悚;恐怖;','德国;美国;英国;','英语;',1623229733552,110,'一群亲密的好朋友决定前往西弗吉尼亚州徒步旅行，却意外遇到在对陌生人不友好的部落，这是一个已经在山里居住了数百年的部落。面对好朋友相继遇难，女主角利用自己的勇敢和智慧保护自己，最终虎口脱险的故事。',5.7,'1623229733594638364.jpg'),(292,'谢里','汤姆·赫兰德;席亚拉·博拉沃;杰克·莱诺;迈克尔·里斯波利;杰弗里·沃尔伯格;福勒斯特·古德勒克;迈克尔·甘多菲尼;丹尼尔·R·希尔;费昂·奥谢;Edward Kagutuzi;奥拉·奥雷比伊;Sam Clemmett;凯恩·扎贾斯;Kyle Harvey;Ann Russo;西奥·巴克利姆-比格斯;普奇·豪尔;何塞·巴勃罗·坎蒂略;小达蒙·韦恩斯;亚当·朗;利亚姆·加里根;弗兰克·布莱克;杰弗里·格罗弗;凯莉·伯格伦德;苏黑尔·达巴赫;乔·罗素;瑞奇·韦恩;克雷格·赫利;托马斯·列农;杰米·布鲁尔;托尼·戈因斯;安娜·科尔韦尔;贾辛特;鲍比·斯科菲尔德;纳尔逊·波尼拉;妮可·福斯特;伯尼·科萨;哈里·赫兰德;','剧情;犯罪;','美国;','英语;',1623229734375,140,'根据尼科·沃克的同名小说改编，故事涉及创伤后应激障碍，故事讲述一个来自富裕家庭的男子本拥有美好生活，此后他远离家乡，到伊拉克成为一名军医，而当他返回家乡后便患上了创伤后应激障碍，此后他吸毒、负债累累，他更是先后抢劫了11家银行。',6.6,'1623229734417447328.jpg'),(293,'世界新闻','汤姆·汉克斯;海伦娜·泽格尔;伊丽莎白·玛维尔;雷·迈克金农;梅尔·温宁汉姆;尼尔·桑迪兰兹;楚克武迪·武吉;托马斯·弗兰西斯·墨菲;米歇尔·坎贝尔;弗莱德·赫钦格;迈克尔·安盖洛·科维诺;斯塔福德·道格拉斯;J·内森·西蒙斯;斯蒂芬妮·希尔;布兰登·韦德纳;汤姆·阿斯特;安迪·卡斯特利奇;克林特·奥本钦;','剧情;动作;西部;冒险;','美国;','英语;',1623229735407,118,'美国内战结束后五年，三场战争的退伍军官杰佛森凯尔基得上尉（汤姆·汉克斯饰），现在以读报人的身份从一个小镇到另一个小镇，和当地居民分享世界各地的精彩新闻。他在德州的平原遇到乔韩娜（海伦娜·泽格尔饰），一个六年前被凯奥瓦印第安人掳走并被收养的十岁女孩。乔韩娜对她未曾体验过的世界充满敌意，而且被迫被送回她的阿姨和姨丈身边。基得上尉答应护送这女孩回到她依照法律应该属于的地方。他们必须在环境严苛的野外跋山涉水好几百英哩，而且这两人在寻找一个他们都可以称为家园的地方时，将面对来自人类和大自然的巨大挑战。该片根据波莱特·吉尔斯同名小说改编。',7.1,'1623229735449728948.jpg'),(294,'神弃之地','汤姆·赫兰德;罗伯特·帕丁森;比尔·斯卡斯加德;海莉·贝内特;丽莉·吉欧;哈利·米尔林;塞巴斯蒂安·斯坦;米娅·华希科沃斯卡;伊莱扎·斯坎伦;杰森·克拉克;道格拉斯·霍奇斯;德鲁·斯塔基;吉文·夏普;露西·浮士德;艾比·格洛弗;克里斯汀·格里菲斯;亚当·弗里斯托;大卫·马尔登那多;莫甘娜·布里吉尔斯;马克·杰弗里·米勒;迈克尔·哈丁;唐纳德·雷·波洛克;格雷戈瑞·凯利;科里·斯科特·艾伦;凯莱布·J·塔格德;菲利普·德沃纳;','剧情;惊悚;犯罪;','美国;','英语;',1623229736419,138,'该片是一部中西部哥特风电影，安东尼奥·坎帕斯(《克里斯汀》)执导，讲述俄亥俄州偏远之地Knockemstiff，男主角WillardRussell绝望地想拯救濒死的妻子，不惜屈服于牺牲，而他的儿子(霍兰德)正从一个在学校被虐待的孩子成长为知道何时出手的男人，角色包括一对连环杀手夫妇、一个考验人的信仰的传教士、一个腐败的当地警长(斯坦)。时间从二战末期到1960年代，地点从南俄亥俄州乡村到西维吉尼亚。',7,'1623229736466194321.jpg'),(295,'花束般的恋爱','菅田将晖;有村架纯;细田佳央太;清原果耶;小田切让;押井守;户田惠子;岩松了;小林薰;韩英惠;中崎敏;小久保寿人;泷内公美;森优作;古川琴音;篠原悠伸;八木亚里纱;佐藤宽太;冈部崇;萩原实里;福山翔大;萩原利久;片山友希;宇野祥平;佐藤玲;水泽绅吾;','剧情;爱情;','日本;','日语;',1623229737611,124,'影片是《四重奏》导演土井裕泰，编剧坂元裕二的大银幕首部合作作品。故事讲述男女主人公因在东京明大前站错过末班电车而偶然相识，之后展开时代、时间、地点、全部的偶然都像命运一样同步的5年恋爱，展现了他们在既非大人也非孩童的时期里，迷茫前行的模样。',8.4,'1623229737654760494.jpg'),(296,'一点就到家','刘昊然;彭昱畅;尹昉;谭卓;张琪;李佳琦;西文;陈瑞生;','剧情;喜剧;','中国大陆;','汉语普通话;',1623229738608,97,'魏晋北（刘昊然饰）、彭秀兵（彭昱畅饰）、李绍群（尹昉饰）三个性格迥异的年轻人从大城市回到云南千年古寨，机缘巧合下共同创业，与古寨“格格不入”的他们用真诚改变了所有人，开启了一段非常疯狂、纯真的梦想之旅。',6.7,'1623229738651619786.jpg'),(297,'我在时间尽头等你','李鸿其;李一桐;范伟;张超;罗辑;郭欣禹;','爱情;奇幻;','中国大陆;','汉语普通话;',1623229739899,115,'林格（李鸿其饰）人生所有美好的记忆，都与邱倩（李一桐饰）有关。一场意外、一块神奇的表彻底改变了两人的人生......时空不断被重置，唯一不变的，是爱你如初的心。',5.5,'1623229739940209994.jpg'),(298,'腿','桂纶镁;杨祐宁;张少怀;李李仁;金士杰;林志儒;陈以文;张立东;王自强;杨丽音;刘亮佐;施名帅;黄健玮;纳豆;刘冠廷;','剧情;喜剧;爱情;','中国台湾;','汉语普通话;闽南话;',1623229741110,115,'钱钰盈（桂纶镁饰）的丈夫郑子汉（杨祐宁饰）在腿部截肢手术后不幸离世，钱钰盈想拿回丈夫被截肢的腿，却被医院百般刁难、互踢皮球，于是一场异想天开的“夺腿计划”就此展开！她缠着外科医生要求帮忙，跑到一般人从未见过的医院地下室，在一包包检体中寻找丈夫的腿，甚至找上内勤人员监控医院合作车辆的GPS，闹到医院院长都来关切…而这段充满黑色幽默的寻腿旅程中，也勾起钱钰盈与郑子汉从相识、相爱到相互亏欠的过往回忆。郑子汉对美丽的国标舞者钱钰盈一见钟情，在照相馆朋友约翰（张少怀饰）的牵线之下成为她的舞伴，两人坠入爱河、步入婚姻，是人人称羡的神仙眷侣。但郑子汉一心想要赚大钱让妻子过美好日子，却让两人的感情逼入绝境，最终形同陌路，没想到两颗心再次靠近时却是在医院里将面临生离死别的时候…',6.3,'1623229741152435229.jpg'),(299,'波拉特2','萨莎·拜伦·科恩;玛丽亚·巴卡洛娃;迈克·彭斯;Rudy Giuliani;','喜剧;','英国;美国;','英语;保加利亚语;希伯来语;',1623229742091,95,'讲述波拉特从哈萨克斯坦再度来到美国的故事。',7.1,'1623229742136963338.jpg'),(300,'法式出口','米歇尔·菲佛;卢卡斯·赫奇斯;崔西·莱茨;维勒莉·玛哈菲;苏珊·柯尼;伊莫琴·普茨;丹妮尔·麦克唐纳;伊萨赫·德·班克尔;丹尼尔·迪托马索;马特·霍兰德;Robert Higden;拉里·戴;朱利安·拜利;Una Kay;瓦拉斯塔·瓦拉纳;','剧情;喜剧;','加拿大;爱尔兰;英国;','英语;',1623229742909,113,'米歇尔·菲佛、卢卡斯·赫奇斯、崔西·莱茨将出演超现实主义喜剧片[法国出口](FrenchExit，暂译)。阿扎泽·雅各布斯将执导这部改编自帕特里克·德维特小说的电影。菲佛饰演60岁的曼哈顿社交名媛弗朗西丝·普莱斯，赫奇斯饰演她没有方向的儿子马尔科姆，莱茨饰演她已故多年的丈夫富兰克林的化身——一只家猫。',6.3,'1623229742954140447.jpg'),(301,'熊出没·狂野大陆','张伟;张秉君;谭笑;','喜剧;科幻;动画;','中国大陆;','汉语普通话;',1623229743790,99,'狗熊岭附近新开业了一个神奇的“狂野大陆”，在那里，通过基因技术人可以自由变身各种动物，享受无比的自由和快乐。导游事业受挫的光头强，阴差阳错与神秘人乐天和熊二组队，参加乐园里奖金丰厚的比赛，却遭遇了队友乐天的背叛，历尽艰险终于获得冠军之际，却意外发现狂野大陆里隐藏着惊天的阴谋......',6.5,'1623229743830389049.jpg'),(302,'胜利号','宋仲基;金泰梨;陈善圭;柳海真;理查德·阿米蒂奇;丹尼尔·乔伊·奥尔布赖特;John D. Michaels;Ana Ruggiero;Milan-Devi LaBrey;Michael Davis;','科幻;','韩国;','俄语;法语;西班牙语;韩语;英语;日语;丹麦语;汉语普通话;阿拉伯语;德语;菲律宾语;',1623229744805,136,'故事讲述2092年，胜利号飞船在太空中展开的冒险，金泰梨饰演胜利号船长，宋仲基饰演问题飞行员。',6.5,'1623229744847292980.jpg'),(303,'最幸福的季节','克里斯汀·斯图尔特;麦肯兹·戴维斯;玛丽·斯汀伯根;维克多·加博;爱丽森·布里;玛丽·霍兰;丹·莱维;奥布瑞·普拉扎;莎拉尤·拉奧;杰克·麦克道曼;安娜·盖斯泰尔;珍妮·加利;蜜雪儿·伯托;卡拉·盖洛;蒂莫西·西蒙斯;劳伦·拉普库斯;肖恩·迈克尔·韦伯;戴恩·卡恩;克里斯托弗·乔恩·贡博什;威廉·卡尼亚;','爱情;同性;','加拿大;美国;','英语;',1623229745581,101,'讲述一个年轻女子准备在家庭一年一度的假日聚会上向女友求婚，结果发现女友还未向保守的父母出柜。',7.1,'1623229745622158202.jpg'),(304,'晴雅集','赵又廷;邓伦;王子文;春夏;汪铎;孙晨竣;徐开骋;欧米德;芦展翔;雎晓雯;王倾;艾米;圣微;','爱情;奇幻;','中国大陆;','汉语普通话;',1623229746411,132,'天都城内频频出现怪象，法师们从各方赶来，试图找到真相。阴阳师晴明（赵又廷饰）在探寻真相的过程中，与武士博雅（邓伦饰）、法师泷夜（春夏饰）、鹤守月（汪铎饰）相识，四人决定联手展开调查。深宫内，公主（王子文饰）背负着巨大秘密，深陷这场迷案中...却未曾料到，这背后暗藏一段哀伤的往事。一场危机悄然来临，在紧急关头，有人为知己、有人为心上人、有人为世间安宁，大家为了守护心中所爱，拼死一战……',5.1,'1623229746450345149.jpg'),(305,'弓蕉园的秘密','陈妤;刘倩妏;孙绽;徐宇霆;','剧情;同性;','中国台湾;','台语;',1623229747216,0,'劇中敘述1979年的暑假，女主角孟娟（陳妤飾演）邀請大學同學書蘭（劉倩妏飾演）到家中的香蕉園幫忙採收。兩人偷偷發展出一段曖昧的情誼，還結伴到美麗島雜誌社為自由人權發聲，眼看彼此找到心之所向，卻渾然不覺踏入白色恐怖的風暴中。',7,'1623229747256717819.jpg'),(306,'前哨','斯科特·伊斯特伍德;奥兰多·布鲁姆;卡赖伯·兰德里·琼斯;雅各布·西皮奥;杰克·凯西;米洛·吉布森;阿历克斯·阿诺;塞莱娜·辛顿;泰勒·约翰·史密斯;科里·哈德里克;巴比·洛克伍德;威尔·阿滕伯勒;法希姆·法兹利;詹姆斯·贾格尔;科瓦米·帕特森;阿尔菲·斯图尔特;','剧情;历史;战争;','保加利亚;美国;','英语;',1623229748640,123,'斯科特·伊斯特伍德、卡赖伯·兰德里·琼斯、奥兰多·布鲁姆将主演MillenniumMedia打造的阿富汗战争题材影片[前哨](TheOutpost，暂译)。罗德·拉里执导影片，影片则根据CNN记者JakeTapper著作改编。影片故事将围绕53名美国士兵的真实故事展开，这些士兵与阿富汗东北部约400名敌方武装分子拉开持久的作战。他们所建造的前哨基地位于巴基斯坦边境仅14英里处的三处陡峭山脉底部。基地则面临塔利班恐怖分子的袭击。而驻扎在那里的士兵则面临着巨大威胁。片中斯科特·伊斯特伍德扮演克林特·罗马沙军士，卡赖伯·兰德里·琼斯扮演专业军士TyMichaelCarter，布鲁姆扮演的BenjaminD.Keating在阿富汗战争中不幸丧生。该片预计将在今年8月展开拍摄，影片也将在戛纳电影节寻找买家。',7.1,'1623229748682781634.jpg'),(307,'鬼灭之刃 柱众会议・蝶屋敷篇','花江夏树;鬼头明里;下野纮;松冈祯丞;','动画;','日本;','日语;',1623229749508,106,'今回放送する『鬼滅の刃』＜柱合会議・蝶屋敷編＞は、アニメ『鬼滅の刃』の第22話～第26話で構成された『竃門炭治郎立志編』の完結編であり、『劇場版「鬼滅の刃」無限列車編』へと続くストーリー。劇場版にも登場する炎柱・煉獄杏寿郎（れんごく・きょうじゅろう）をはじめとする“鬼殺隊”の主軸をなす最強剣士である“柱”たちが初めて一堂に会し登場する“柱合会議”を含む重要エピソードだ。主人公・竃門炭治郎（かまど・たんじろう）が隊士でありながら鬼となった妹・禰豆子（ねずこ）と共に行動していることに対して“隊律違反”を犯したと“柱”たちから裁判を受ける。また那田蜘蛛山で負傷した炭治郎と、同期で仲間の我妻善逸（あがつま・ぜんいつ）、嘴平伊之助（はしびら・いのすけ）の“蝶屋敷”での修行模様や、劇場版へ続くエピソードまでを描いている。＜柱合会議・蝶屋敷編＞のキービジュアル...(展开全部)今回放送する『鬼滅の刃』＜柱合会議・蝶屋敷編＞は、アニメ『鬼滅の刃』の第22話～第26話で構成された『竃門炭治郎立志編』の完結編であり、『劇場版「鬼滅の刃」無限列車編』へと続くストーリー。劇場版にも登場する炎柱・煉獄杏寿郎（れんごく・きょうじゅろう）をはじめとする“鬼殺隊”の主軸をなす最強剣士である“柱”たちが初めて一堂に会し登場する“柱合会議”を含む重要エピソードだ。主人公・竃門炭治郎（かまど・たんじろう）が隊士でありながら鬼となった妹・禰豆子（ねずこ）と共に行動していることに対して“隊律違反”を犯したと“柱”たちから裁判を受ける。また那田蜘蛛山で負傷した炭治郎と、同期で仲間の我妻善逸（あがつま・ぜんいつ）、嘴平伊之助（はしびら・いのすけ）の“蝶屋敷”での修行模様や、劇場版へ続くエピソードまでを描いている。＜柱合会議・蝶屋敷編＞のキービジュアルはアニメーション制作のufotableが今回のために特別に描き下ろした新作ビジュアルだ。9人の柱たちが一堂に会したインパクトある今回のビジュアルは、ファンにはたまらない特別なビジュアルとなっている。さらに、今回の＜柱合会議・蝶屋敷編＞は、この放送のために制作された新規映像などが追加された特別編集版となることが決定！ufotable描き下ろしによる新規提供イラストやスペシャルエンドロール、さらには新作映像が加わったこの＜柱合会議・蝶屋敷編＞はまさに必見！鬼滅ファンの方はもちろん、アニメ『鬼滅の刃』を初めてみる方も、これから『劇場版「鬼滅の刃」無限列車編』を見る方、さらにはすでに劇場版をみた方も含め、楽しめる要素満載の特別編集版となっている。そして、前回の放送で大好評だった豪華プレゼントが当たるデータ放送プレゼント企画「鬼滅の刃キャラクターコレクション」を今回も実施することが決定。ガラガラを回して応募用キーワードを獲得する企画で、番組を3分視聴するごとにガラガラを回せる回数が増え、ガラガラをひくと『鬼滅の刃』のキャラクターカードをデータ放送上でゲットできる。キャラクターカードを10種類以上集めると応募用キーワードが閲覧可能となり「参加賞」への応募が可能になる。前回からキャラクターカードを一新するので、新たに楽しめること間違いなし！「参加賞」プレゼントとして今回、「柱合会議ランダムアクリルスタンド全9種セット」を30名の方に、また全20種類のカードを集めると「竈門禰豆子1/8スケールフィギュア」が10名に当たる「コンプリート賞」にも応募できる。ファンにとっては最高のクリスマスプレゼントになりそうだ。放送を見ながらデータ放送企画も一緒に楽しんでほしい。ぜひこの特別編集版の『鬼滅の刃』＜柱合会議・蝶屋敷編＞をご家族そろってご覧いただきたい。お見逃しなく！！',8.2,'1623229749553151748.jpg'),(308,'亲爱的杀手','郑人硕;邱偲琹;喜翔;黄采仪;郑志伟;','剧情;爱情;','中国台湾;','汉语普通话;',1623229750702,0,'成为杀手需要三个条件：一个委托，一个目标，一个报酬。单亲少女认为人活着也需要三个理由，但活着太苦，既要照顾失智母亲，又要顾店养家，还要被迫出卖身体。轮椅男缺乏自信，与老爸相依为命，渴望异性的温柔，却连召妓也被嫌弃，只能躲在残厕自慰。同是天涯沦落人，可否相濡以沫？亲爱的杀手，可否杀掉痛苦根源？童星出身的邱偲琹，演活悲惨人物，突破过往形象。近年挑战不同角色的郑人硕，饰演下肢瘫痪的弱势力量，再显演技实力。',6.2,'1623229750748387045.jpg'),(309,'工作细胞：细胞大作战','花泽香菜;前野智昭;小野大辅;井上喜久子;长绳麻理亚;早见沙织;行成桃姬;小林裕介;吉田有里;高桥李依;藤原夏海;久保由利香;石田彰;能登麻美子;','喜剧;动画;','日本;','日语;',1623229751934,112,'这是人类的体内。许许多多的细胞勤奋工作的世界。某日白细胞(中性粒细胞)与红细胞，遇见了收留迷路乳酸菌的一般细胞。为了将乳酸菌护送至同伴身边，白细胞(中性粒细胞)与一般细胞向肠道出发。然而他们却与来者不善的最强敌人重逢。「我和你们到底谁才是正义的一方，趁这次弄个清楚吧」再次现身的癌细胞。以及遭到坏菌破坏的肠内环境。体内遭遇前所未有的大危机！？「束手就擒吧癌细胞！」为了守护这个世界，白细胞们(中性粒细胞)向赌上世界命运的大战发起挑战。',7,'1623229751973356000.jpg'),(310,'末日逃生','杰拉德·巴特勒;莫蕾娜·巴卡琳;大卫·丹曼;霍普·戴维斯;罗杰·戴尔·弗洛伊德;安德鲁·巴切勒;梅琳·当吉;霍特·麦克卡兰尼;斯科特·格伦;Randal Gonzalez;里克·帕斯夸隆;Nicola Lambo;阿兰·皮特鲁塞泽维斯基;斯科特·波伊思雷斯;Claire Bronson;Madison Johnson;加里·维克斯;特雷西·邦纳;Brandon Miller;海耶斯·梅居尔;库尔特·岳;克米特·罗里森;布兰登·奎因;约书亚·米克尔;詹姆斯·罗根;兰达尔·阿切尔;凯特·琼斯;肯德里克·克罗斯;莉安·特威登;阿·米切尔;亚当·克罗南;艾琳·法萨诺;迈克·加萨威;帕蒂·舍尔哈斯;','剧情;科幻;灾难;','美国;英国;','英语;',1623229753210,119,'科学家们发现，宇宙中的两颗彗星正在急速向地球逼近，不出意外的话，它们终将撞上地球，给地球带来无法估量的损失。为了避免造成世界级的恐慌，政府封锁了这一消息，偷偷在格陵兰岛建造了非常坚固的堡垒，只有躲进堡垒的人们才能够获得一线生机，而进入堡垒的条件非常的苛刻。杰夫（杰拉德·巴特勒GerardButler饰）是一名建筑工程师，他得到了进入堡垒的机会，于是决定带着妻子艾莉森（莫瑞娜·巴卡琳MorenaBaccarin饰）和儿子内森（罗杰·戴尔·弗洛伊德RogerDaleFloyd饰）一起前往格陵兰岛。哪知道旅途进行到一半，察觉到了事件真相的军方开始了暴乱行动。©豆瓣',5.5,'1623229753260694937.jpg'),(311,'所言所行','卡梅丽雅·乔丹娜;尼尔斯·施内德;樊尚·马凯涅;艾米莉·德奎恩;珍娜·蒂亚姆;纪尧姆·谷伊;茱莉亚·皮亚彤;','爱情;','法国;','法语;',1623229754006,122,'在法国乡间度假期间，已怀孕三个月的德芬要独自接待男朋友方士华的表弟麦森，因为弗朗索瓦的同事生病，他要赶回巴黎代班。在等待他回来的四天中，德芬和麦森逐渐熟络起来并开始互相分享一些非常私密的故事，二人亦因此愈来愈亲近……',7.7,'1623229754045889463.jpg'),(312,'2020去死','塞缪尔·杰克逊;休·格兰特;丽莎·库卓;库梅尔·南贾尼;崔茜·尤玛;萨姆森·卡约;莱斯莉·琼斯;戴安·摩根;克里斯汀·米利欧缇;乔·基瑞;劳伦斯·菲什伯恩;莉莉·沙利文;查理·布鲁克;Angelo Irving;','喜剧;','美国;','英语;',1623229755101,70,'2020：如此[insertdireadjectiveofchoicehere]的一年，就连《黑镜》的创作团队也编不出这样的故事，但这并不意味着他们没有可发挥的余地。《再也不见2020》是一部喜剧，回顾了这可怕的一年，也许一切尚未结束？在这部具有里程碑意义的纪录片式特辑中，一些全球最著名的人物（虚构）采访结合过去12个月的真实影像，交汇成一部叙事合唱曲。',7.2,'1623229755145212461.jpg'),(313,'釜山行2：半岛','姜栋元;李贞贤;权海骁;李来;金敏载;具教焕;金度允;李艺媛;张素妍;文宇振;丹尼尔·乔伊·奥尔布赖特;Si-Won Cha ;Pierce Conran ;Terri Doty ;Geoffrey Giuliano;Christopher Gordon;Yeon-hee Hwang;','动作;惊悚;恐怖;','韩国;','韩语;英语;粤语;',1623229755892,115,'上集列车驶往釜山后，丧尸病毒瞬间全国爆发，4年后的韩国尸毒遍野，被全球孤立，沦为死城。所馀无几的生还者踏上最后一艘难民船，离开被世人遗弃的朝鲜半岛。退伍军人正锡(姜栋元饰)和家人有幸登上难民船，但一上船便发现丧尸潜伏，幸得香港收容，这批韩国人才得以上岸，以「半岛难民」身分在香港重新生活。但正锡受不住金钱诱惑，加入了一个回国窃取巨额美金的行动。他和队友重返韩国，竟然发现仍有一班未受尸毒感染的人在挣扎求存，正锡决定带这班倖存者逃生，他们最后能否成功逃出尸杀半岛？',5.1,'1623229755936582065.jpg'),(314,'恋途未卜','滨边美波;北村匠海;福本莉子;赤楚卫二;','爱情;','日本;','日语;',1623229756709,124,'根据同名少女漫画改编，描绘了4名高中生男女的青春爱情故事。山本朱里（滨边美波）是崇尚现实恋爱的女主角，山本理央（北村匠海）则是她没有血缘关系的弟弟。',6.8,'1623229756757158620.jpg'),(315,'乡下人的悲歌','艾米·亚当斯;格伦·克洛斯;加布里埃尔·巴索;海莉·贝内特;芙蕾达·平托;博·霍普金斯;欧文·艾斯特罗斯;杰西·C·博伊德;史蒂芬·坤肯;申庚;大卫·德怀尔;桑妮·马布雷;埃德·阿玛特鲁多;大卫·德弗里斯;Holly A. Morris;布兰登·赫希;大卫·詹森;斯凯拉·丹尼;威廉·麦克·麦库洛;杰森·戴维斯;科里·查普曼;丹尼尔·R·希尔;乔丹·崔威里恩;谢丽尔·霍华德;托尼·瓦德;泰丝·马里斯·金凯德;玛丽·克拉夫特;杰西卡·米塞尔;西德尼·格蕾丝·卡维尔;Morgan Gao;Ethan Suess;Bill Kelly;Jono Mitchell;','剧情;','美国;','英语;',1623229757686,116,'杰德（加布里埃尔·巴索GabrielBasso饰）是在耶律大学法学院攻读法律的天之骄子，在深造之前，他还是一名杰出的海军陆战队队员，如此出色的履历表令无比璀璨的未来在前方等待着他的到来。可就在这个节骨眼上，杰德收到了来自故乡南俄亥俄州的消息，他不得不返回家乡处理复杂的家庭事务，要是到，当初杰德可是费了好大的劲才从那个一团乱麻的家庭之中挣脱出来。回到家乡后，杰德再度见到了自己喜怒无常、毒瘾缠身的母亲贝芙（艾米·亚当斯AmyAdams饰），这唤醒了他关于过于的糟糕的回忆，与此同时，杰德家族中另一位坚强的女性——他的姥姥（格伦·克洛斯GlennClose饰）的形象也鲜活起来。©豆瓣',7.6,'1623229757725138148.jpg'),(316,'我想结束这一切','杰西·普莱蒙;杰西·巴克利;托妮·科莱特;大卫·休里斯;盖伊·博伊德;哈德莉·罗宾逊;格斯·伯尼;艾比·奎因;蔻碧·米纳菲;安东尼·格拉索;泰迪·库卢卡;杰森·拉尔夫;奥利弗·普莱特;弗雷德里克·沃丁;瑞恩·斯蒂尔;','剧情;惊悚;','美国;','英语;',1623229758887,134,'剧本改编自伊恩·里德同名小说，小说审视了心灵的脆弱和孤独的极限。杰克原本带女友回家见父母，女友一路却在想着“结束这一切”，在杰克改变原定路线后，一切都朝着失控方向发展。',7.3,'1623229758932275348.jpg'),(317,'妙先生','小连杀;宝木中阳;','动画;奇幻;冒险;','中国大陆;','汉语普通话;',1623229760018,89,'影片改编自不思凡(《大护法》)的同名原创短片，由李凌霄执导，彩条屋影业(《哪吒之魔童降世》)出品，讲述一场关于“善恶抉择”的人性考验。',6.3,'1623229760066819676.jpg'),(318,'41舞会','阿方索·埃雷拉;埃米里亚诺·苏里塔;Mabel Cadena;Fernando Becerril;','剧情;同性;传记;','墨西哥;','西班牙语;',1623229760721,93,'本片改编自真实事件。19世纪末，伊格纳西奥·德拉·托雷与墨西哥总统的女儿波费里奥·迪亚斯成婚。伊格纳西奥过着双重生活：他在传统的政治世界中声名鹊起，同时又是秘密社团的成员之一。他一直维持着这种微妙的平衡，直到他结识了社团的第42位成员埃瓦里斯托。一次，他举办的派对（也被称为“秘舞41”）遇到了警方的突袭检查，导致丑闻曝光，引起轩然大波。',6.5,'1623229760782945596.jpg'),(319,'战争幽灵','布伦顿·思韦茨;西奥·罗西;凯尔·加尔纳;斯盖拉·阿斯丁;阿兰·里奇森;莱拉·班基;内森·库珀;丽贝卡·弗林·怀特;卡洛延·赫里斯托夫;亚历山大·贝兰·凯什卡;珊农·麦克凯恩;亚尼莎·米哈伊洛娃;马修·瑞斯;肖恩·托布 ;比利·赞恩;','惊悚;恐怖;战争;','英国;','英语;',1623229761824,95,'故事以二战末期为背景，讲述五人美军小队奉命守护一座法国古堡。不料城堡除了残余的敌军，一股超自然的邪恶力量也正在蓄势待发。小队众人也面临着比战场上更加残酷的威胁。',6.7,'1623229761868504452.jpg'),(320,'开始','亚姆泽·苏基塔什威利;拉蒂·奥奈利;卡卡·金祖拉什威利;Saba Gogichaishvili;Ia Kokiashvili;Mari Kopchenovi;格奥尔基·采列捷利;','剧情;','格鲁吉亚;法国;','格鲁吉亚语;',1623229762790,120,'年轻的耶和华见证会传教士亚娜在一次礼拜中被愤怒的当地人烧毁了她的礼拜场所，她感到十分震惊。她的丈夫大卫设法获得了这次袭击的闭路电视录像。但在他们与年幼的儿子同住的格鲁吉亚偏远村庄里，他对正义的追求引发了一系列事件，他们将发现这个家庭被完全孤立，完全听任敌对的当地警察的摆布。',6.2,'1623229762831386283.jpg'),(321,'神枪手','连姆·尼森;凯瑟琳·温妮克;特蕾莎·鲁伊斯;胡安·巴勃罗·拉瓦;迪兰·科宁;卢斯·雷恩斯;雅各布·佩雷斯;多米尼克·坎塞利埃;蔡斯·马林斯;肖恩A·罗萨莱斯;阿尔弗雷多·奎罗斯;亚历克斯·奈特;格雷森·贝里;安伯·明迪桑德;汤米·拉菲特;王明;卢·伍德曼;','动作;惊悚;','美国;','英语;',1623229763670,108,'海军陆战队退役的神射手吉姆（连姆·尼森饰）在亚利桑那州边境拥有一座牧场，过着离群索居生活的吉姆，某日目睹11岁男孩米格尔和母亲萝莎遭到墨西哥毒贩追杀。在一场激烈枪战后，奄奄一息的萝莎将米格尔托付给吉姆，吉姆决定带着米格尔横跨半个美国，前往芝加哥与家人团聚，两人也建立起一段不平凡的友谊。然而，面对穷追不舍的毒贩杀手，吉姆一路上将运用自己过去在海军陆战队习得的战斗技巧，与这群杀手展开一场生死之战，誓死护送米格尔安全回家……',5.4,'1623229763714491238.jpg'),(322,'猎谎者','王茂蕾;孙梦纯;张圣鹏;秦雪;马小茜;卜志岩;李宏磊;姜无寒;王斌;冯逾;刘宝;','剧情;悬疑;犯罪;','中国大陆;','汉语普通话;',1623229764806,92,'三个月前，某市发生了一起恶性绑架杀人案。三个月后，凶手与被害人都死于车祸。初出茅庐的女警韩烨找到了案件的幸存者林超凡，向他求证案件发生的经过。但随着调查的深入，韩烨发现林超凡的很多证词都存在漏洞，再三逼问之下，林超凡无奈坦白了另一个版本的故事，但案件真相远没有这么简单，几乎每个人都在说谎，而故事也开始不断反转。',7,'1623229764848497431.jpg'),(323,'不日成婚','陈家乐;卫诗雅;朱栢康;谈善言;岑珈其;杨偲泳;邵音音;','喜剧;爱情;','中国香港;','粤语;汉语普通话;',1623229766694,104,'阿佳(陈家乐饰)与可怡（卫诗雅饰）在一个婚礼上相识，两人一拍即合，相爱五年，终于迎来最大的感情危机－“结婚”！女方视结婚为爱的证明；男方视结婚为爱的坟墓，二人在这议题上互有攻守，展开了一场男女之间深层次的角力！可怡的闺蜜Jenny(谈善言饰)与Jessica(杨偲泳饰)出谋献策，教她奇招务求怀孕上身！一旦怀孕，婚事不就势在必行？！阿佳眼见可怡对自己展开“逼婚计划”，惟有在兄弟灰熊（朱栢康饰）与阿健(岑珈其饰)的帮忙下积极迎战，誓要坚守不婚底线！女方计谋被连番识破，Jessica只好掏出杀着－春药！得知消息的灰熊冒着生命危险通风报信，阿佳虽已有所防范，但还是百密一疏，中了可怡的圈套，渡过了极爽快的“无套一夜”！事后阿佳提心吊胆，最反对结婚的浪子阿健立即提出“事后大行动”—务求在黄金三十六小时内，将事后避孕丸偷偷让可怡服下...(展开全部)阿佳(陈家乐饰)与可怡（卫诗雅饰）在一个婚礼上相识，两人一拍即合，相爱五年，终于迎来最大的感情危机－“结婚”！女方视结婚为爱的证明；男方视结婚为爱的坟墓，二人在这议题上互有攻守，展开了一场男女之间深层次的角力！可怡的闺蜜Jenny(谈善言饰)与Jessica(杨偲泳饰)出谋献策，教她奇招务求怀孕上身！一旦怀孕，婚事不就势在必行？！阿佳眼见可怡对自己展开“逼婚计划”，惟有在兄弟灰熊（朱栢康饰）与阿健(岑珈其饰)的帮忙下积极迎战，誓要坚守不婚底线！女方计谋被连番识破，Jessica只好掏出杀着－春药！得知消息的灰熊冒着生命危险通风报信，阿佳虽已有所防范，但还是百密一疏，中了可怡的圈套，渡过了极爽快的“无套一夜”！事后阿佳提心吊胆，最反对结婚的浪子阿健立即提出“事后大行动”—务求在黄金三十六小时内，将事后避孕丸偷偷让可怡服下！然而，阿佳冷静过后，还是打消了念头，但事情最终败露。阿佳百口莫辩，可怡心灰意冷，决绝提出分手。恢复单身的二人心境大不相同，可怡在姐妹的陪伴下走出阴霾，重新出发，将生活的重心放回自身，重拾WorkingHoliday的心愿。那边厢阿佳自以为潇洒，尽情享受单身的自由，但随时间推移却愈发空虚难耐，此时他才明白比起面对婚姻，他最恐惧的，原来是永远失去可怡！为追回即将飞往他国的女友，他当机立断，誓要策划一场“不日成婚”大行动！',5.6,'1623229766735888828.jpg'),(324,'福尔摩斯小姐：失踪的侯爵','米莉·波比·布朗;路易斯·帕特里奇;山姆·克拉弗林;亨利·卡维尔;海伦娜·伯翰·卡特;阿迪勒·阿赫塔尔;费奥纳·肖;弗朗西斯·德·拉·图瓦;苏珊·沃卡曼;伯恩·戈曼;杰伊·辛普森;乔基姆·斯卡利;欧文·阿特拉斯;哈蒂·莫拉汉;克莱尔·拉什布鲁克;埃莉·哈丁顿;丽贝卡·汉森;','剧情;悬疑;犯罪;冒险;','美国;英国;','英语;',1623229767685,123,'故事发生在1884年的英国，伊诺拉（米莉·博比·布朗MillieBobbyBrown饰）正准备迎接自己的16岁生日，哪知道在这一天，她的母亲（海伦娜·伯翰·卡特HelenaBonhamCarter饰）失踪了。大名鼎鼎的名侦探夏洛特福尔摩斯（亨利·卡维尔HenryCavill饰）和麦考夫（山姆·克拉弗林SamClaflin饰）成为了伊诺拉的监护人。面对古灵精怪不受控制的妹妹，两个男人一门心思的想要将她送到专门培养“淑女”的寄宿学校中就读，伊诺拉哪会这样乖乖受人摆布？一言不合之下，她选择了离家出走，只身一人前往伦敦寻找母亲的下落。在旅途中，伊诺拉被卷入了一个非常神秘的案件之中，她化身成为侦探，和自己的哥哥展开了斗智斗勇的较量。©豆瓣',6.1,'1623229767723449413.jpg'),(325,'名侦探柯南：绯色的不在场证明','高山南;山崎和佳奈;小山力也;池田秀一;林原惠美;日高法子;田中敦子;森川智之;','剧情;动作;动画;悬疑;','日本;','日语;',1623229768941,94,'真实身份谜团重重、每个人都有着复杂背景的危险一家——赤井家族。在来叶崖假死的FBI探员赤井秀一，《名侦探柯南绯色的不在证明》以他为中心展开，揭开了赤井秀一、世良真纯、羽田秀吉、玛丽等人的个性，以及他们几人之间的关系。故事的高潮则在讲述赤井秀一华丽复活的“绯色”系列。在某个事件中，赤井秀一的宿敌、代号为波本的安室透从FBI那打听到了“线索”。之后，安室透便深入调查赤井秀一与冲矢昴的关系。在经过了一系列的高智商攻防战后，赤井秀一的回归给所有人带来了冲击。而在这一连串的“不在场证明剧”的真相背后，都有着柯南的身影——《名侦探柯南》系列中不可缺少的赤井一家，该总集篇将彻底解剖他们至今为止的行动轨迹、以及他们与柯南的关系。',6.8,'1623229768984201193.jpg'),(326,'#活着','刘亚仁;朴信惠;李铉旭;全裴修;苏熙静;金丹菲;乔汉俊;','动作;惊悚;灾难;','韩国;','韩语;',1623229770121,98,'讲述突然被不明病毒感染，并失控扩散的城市中，被孤立的幸存者身上发生的故事。刘亚仁将在片中饰演因与世隔绝而幸存的游戏玩家俊宇一角，朴信惠饰演直面极端情况，寻找新的生存方式的幸存者宥彬一角。',5.7,'1623229770164709089.jpg'),(327,'三振集团英语托业班','高雅星;李絮;朴慧秀;赵贤哲;金钟秀;金元海;裴海善;大卫·麦金尼斯;白贤镇;李成旭;崔秀林;李周英;泰勒;','剧情;','韩国;','韩语;',1623229770971,110,'讲述1995年进入公司已有8年，业务能力虽是经验丰富的老手，但因为是高中毕业，所以总是处于最低端。一起听公司托业班的三个朋友合力揭露公司所犯下的不正之风的故事。',7.2,'1623229771011333064.jpg'),(328,'蓝调天后','维奥拉·戴维斯;查德维克·博斯曼;科尔曼·多明戈;格林·特鲁曼;迈克尔·波茨;杰里米·萨默斯;约翰尼·科瓦内;泰勒·佩姬;杜山·布朗;约书亚·哈尔托;奎因·范安特卫普;克洛伊·戴维斯;梅特·纳塔利奥;约翰娜·埃尔米纳·莫伊兹;Onyxx Noel;詹姆斯·西耶斯基;威廉·卡尼亚;','剧情;音乐;','美国;','英语;',1623229772507,94,'20世纪20年代，在芝加哥的一场午后录音中，乐队成员们正在等待开拓性的表演者、传奇的“蓝调之母”玛·雷尼（奥斯卡金像奖得主维奥拉·戴维斯饰），其间气氛变得愈发紧张。录音进行到后期时，无畏又脾气火爆的玛和其白人经纪人及制作人就她的音乐控制权展开了一场意志的较量。雄心勃勃的小号手列维（查德维克·博斯曼饰）非常欣赏玛的女朋友，并决心在音乐行业中占有一席之地，当乐队在工作室幽闭的排演室中等待时，他促使乐手们爆出揭露真相的故事，这将永远改变他们的生活。《蓝调天后》根据两次普利策奖得主奥古斯特·威尔逊的戏剧改编而成，歌颂了蓝调的变革力量以及那些拒绝让社会偏见左右自己价值的艺术家。该电影由乔治·乌尔夫执导，鲁本·桑地亚哥-哈德森进行剧本改编，凭借《藩篱》荣获奥斯卡奖提名的丹泽尔·华盛顿和托德·布莱克担任制片人。科尔曼·多明戈、格林·特鲁曼、迈克尔·波茨、泰勒·...(展开全部)20世纪20年代，在芝加哥的一场午后录音中，乐队成员们正在等待开拓性的表演者、传奇的“蓝调之母”玛·雷尼（奥斯卡金像奖得主维奥拉·戴维斯饰），其间气氛变得愈发紧张。录音进行到后期时，无畏又脾气火爆的玛和其白人经纪人及制作人就她的音乐控制权展开了一场意志的较量。雄心勃勃的小号手列维（查德维克·博斯曼饰）非常欣赏玛的女朋友，并决心在音乐行业中占有一席之地，当乐队在工作室幽闭的排演室中等待时，他促使乐手们爆出揭露真相的故事，这将永远改变他们的生活。《蓝调天后》根据两次普利策奖得主奥古斯特·威尔逊的戏剧改编而成，歌颂了蓝调的变革力量以及那些拒绝让社会偏见左右自己价值的艺术家。该电影由乔治·乌尔夫执导，鲁本·桑地亚哥-哈德森进行剧本改编，凭借《藩篱》荣获奥斯卡奖提名的丹泽尔·华盛顿和托德·布莱克担任制片人。科尔曼·多明戈、格林·特鲁曼、迈克尔·波茨、泰勒·佩姬、杜山·布朗担任联合主演，艾美奖得主布兰福德·马萨利斯进行配乐。',6.5,'1623229772551339599.jpg'),(329,'哦！文姬','罗文姬;李熙俊;崔元英;朴智英;金贵先;李珍珠;金宝静;东铉培;金艺恩;金秀京;金宣敬;金正英;金学善;车顺裴;李圭成;吴昌庆;','喜剧;悬疑;','韩国;','韩语;',1623229773464,109,'讲述不惧危险的的儿子“斗源”和事故唯一的目击者痴呆母亲“文姬”（罗文姬饰）一起寻找伤害孙女普美的肇事逃逸者的同时展开的愉快故事。',7.2,'1623229773505903117.jpg'),(330,'超新星','科林·费尔斯;斯坦利·图齐;皮帕·海伍德;彼得·麦昆;妮娜·马林;伊恩·德赖斯代尔;莎拉·伍德沃德;詹姆斯·德雷福斯;洛丽·坎贝尔;丹妮卡·埃切尔斯;哈勒玛·侯赛因;朱莉·汉南;约翰·艾伦·罗伯茨;','爱情;同性;','英国;','英语;',1623229774287,95,'萨姆与塔斯克(费斯与图奇分饰)是一对相守20年的伴侣，俩人计划驱车穿越英格兰探访朋友、家人和过去待过的地方。自两年前塔斯克被诊断出患有早发性痴呆以来，他们在一起的时间便成了他们之间最重要的事。但是随着旅程的进行，他们对于未来的想法充满冲突，过往的秘密也不断涌现，并且他们对彼此的爱从未像现在这样受到考验。最终，他们还必须面对这样一个问题：面对塔斯克的疾病，彼此相爱意味着什么。',7.3,'1623229774327493027.jpg'),(331,'晨曦将至','永作博美;井浦新;莳田彩珠;Reo Sato;中岛博子;平原哲;Ren Komai;田中伟登;山下莉绪;森田想;叶月瞳;石桥菜津美;利重刚;浅田美代子;','剧情;','日本;','日语;',1623229775328,139,'患有不育症的栗原夫妇通过领养制度迎来了他们可爱的儿子栗原朝斗，然而6年的幸福生活顷刻被打乱——一位困窘落魄的年轻女性突然造访，并坚称自己才是孩子的亲生母亲，然而比起孩子，她似乎更想得到金钱上的补偿…日本著名导演河濑直美的新作关照女性、生育、领养等社会议题，以充满戏剧性和冲击力的笔触再次探讨“母亲”这一身份，以多样的叙事风格为观众提供真切又复杂的情感体验。',7.1,'1623229775368295788.jpg'),(332,'星期一','塞巴斯蒂安·斯坦;丹妮斯·高夫;多米尼克·蒂珀;约戈斯·皮尔帕索珀罗斯;埃莉·特琳古;安德烈亚斯·康斯坦丁诺;索菲亚·库阿丽;西拉斯·楚梅尔卡斯;Chloe Sirene;玛丽萨·特里安德菲里都;奥兰多·希尔;普罗米修斯·阿利费尔;Mihalis Alexakis;亚历山德罗斯·洛戈蒂斯;范吉利斯·穆里基斯;Julie Agoraki;Orfeas Avgoustidis;','剧情;爱情;','英国;希腊;美国;','英语;希腊语;',1623229776526,116,'讲述两个30多岁、有自毁倾向的美国人Mickey和Chloe住在雅典，发展出了海啸般的恋爱：Chloe在希腊的时光本已到了尾声，她该回到美国继续自己有远大前程的工作，但她决定放弃，想要探索一个周末的热情是否会随着不可避免的周一到来而消退。',5.5,'1623229776573691271.jpg'),(333,'埃舍尔街的红色邮筒','茉爱罗;藤田朋子;吹越满;小澤真利奈;诹访太朗;鸟羽润;渡边哲;','剧情;喜剧;','日本;','日语;',1623229777347,146,'园子温新片讲述导演小林正的新片“假面”招募演员，吸引大批想入行的女人前来报名，但是条件只有一个：必须通过实体书信邮寄，而正是红色的邮筒，将所有角色串联到了一起……',7.7,'1623229777392241245.jpg'),(334,'奇奇怪怪：整容液','문남숙;장민혁;조현정;김보영;崔乘训;김소형;강시현;朴圣光;정유정;황창영;','动画;恐怖;','韩国;','韩语;',1623229778533,85,'人气恐怖悬疑韩漫《#整容液#》的改编动画电影发布预告！《整容液》出自韩国漫画家吴城垈脑洞大开的“奇奇怪怪”系列网络漫画，讲述一款名为“整容液”的产品能让人轻易改变容貌与身材，像捏黏土一样轻松变美，女主在使用整容液后成了受欢迎的“女神”，却因其副作用而出现了逐渐失控的展开。影片将于今年8月在韩国上映。',6.2,'1623229778581402121.jpg'),(335,'在回家之后重新开始','古川雄辉;龙星凉;村川绘梨;佐野岳;中岛博子;萤雪次朗;甲本雅裕;三浦理奈;','同性;','日本;','日语;',1623229779380,99,'古川雄辉&龙星凉首次合作！共同出演治愈系纯爱BL漫改电影《在回家之后重新开始》，将于今秋在日本上映！讲述疲于都市生活、遭受人生挫折的傲娇男孤塚光臣（古川雄辉饰），与生活在乡下、性格稳重的男子熊井大和（龙星凉饰）的纯爱故事。',6.6,'1623229779417985581.jpg'),(336,'可不可以，你也刚好喜欢我','陈妤;曹佑宁;林映唯;杨谨华;黄健玮;李杏;陈彦名;程予希;刘名凯;林鹤轩;黄腾浩;','爱情;','中国台湾;','汉语普通话;',1623229780444,108,'改编自肆一的同名作品，导演简学彬的首部剧情长片。描述暗中喜欢着青梅竹马的筱湘，借由塔罗牌算出了告白的最佳时机，但没想到要告白时，青梅竹马和她的好友却告白！？筱湘的初恋会有结果吗？',6.2,'1623229780489123184.jpg'),(337,'地牢女孩','杰克·埃瑟里奇;辛迪妮·科瓦尔斯基;利亚姆·皮莱吉;艾玛·迈尔斯;布拉克斯顿·比肯;杰克·努塔尔;安吉拉·珀金斯;卡门·亚历克西斯;妮娜·勇;小贾斯蒂斯·史密斯;尼克·斯塔尔;乔莉·费舍尔;贾德·尼尔森;伊莎·罗谢尔;金·罗森;斯戴芬妮·斯考特;马克·威尔斯;','剧情;犯罪;','美国;','英语;',1623229781388,88,'根据真实事件改编，一个充满活力的十几岁的女孩莎拉，她期待着她的18岁生日，这样她就可以离开她控制她的父亲唐（贾德·尼尔森）。但在她吹灭蜡烛之前，唐把她关在他们家的地下室里，她的世界变得非常黑暗。当唐试图说服妻子艾琳（乔莉·费希尔饰）莎拉离家出走时，他会偷偷到地下室探望她，折磨并强奸她，而艾琳和她的妹妹艾米（艾米丽·托普饰）继续住在楼上。随着时间的流逝，莎拉生下了几个孩子，独自在地下室里。唐最终抚养了他们最小的儿子，把他留在了门阶上，艾琳发现了他和一张便条，便条上是莎拉写的，说那是她的儿子，她不能照顾他，艾琳最终接受了唐关于莎拉的说法。在被囚禁禁了几十年之后，莎拉终于逃脱了，她的家人知道了20年来发生在他们脚下的毁灭性真相。',6.2,'1623229781425321309.jpg'),(338,'冰下的鱼','高放;周波;庄馨;王莉;崔璐;张弘海;朱艳彬;周洪儒;','剧情;','中国大陆;','汉语普通话;',1623229782227,99,'本片讲述了冬捕开始前的七天里，发生在中国东北一座老工业城市的一个老人的故事。丈夫去世几年后，82岁的赵丽华患上了轻度抑郁症。她打算去职工浴池泡澡，却多次被拒之门外而且遭到羞辱。儿子朱红兵为了找到两个陪护母亲洗澡的女人费尽周折，一个看似简单的日常生活，摆在这对母子面前却显得异常地艰难。母亲最后也没实现在职工浴池泡澡的心愿，尽管她曾在这个工厂工作了一辈子。对于赵丽华而言，“泡澡”是洗礼一般的自我清洁，有尊严地“安乐”地离开，是她最后的选择……',6.7,'1623229782269398809.jpg'),(339,'威利的游乐园','尼古拉斯·凯奇;艾米莉·托斯塔;贝丝·格兰特;里克·赖茨;克里斯·华纳;卡伊·卡德莱茨;凯丽‧考恩;乔纳森·梅赛德斯;特雷勒·希尔;克里斯蒂安·戴尔格罗索;杰西卡·格拉夫斯;泰勒·托尔里;格兰特·克雷默;','动作;惊悚;恐怖;','美国;','英语;西班牙语;',1623229783056,88,'尼古拉斯·凯奇扮演的看门人被迫在一个扭曲的游乐园里过夜，在那里他陷入了一场恶梦。当动画角色们变得栩栩如生时，看门人必须各个攻破，才能活直到早晨并离开游乐园。',5.4,'1623229783094593195.jpg'),(340,'邻居','郑宇;吴达洙;金熙元;李侑菲;郑熙泰;','剧情;悬疑;犯罪;','韩国;','韩语;',1623229819395,130,'故事讲述被软禁在家中的预备大选竞选人和秘密监视邻居的一举一动的国家秘密情报要员，以及隔着一道墙的两个极端职业男子之间可疑而又隐秘的交易。',6.7,'1623229819437432425.jpg'),(341,'母亲','长泽雅美;奥平大兼;阿部隆史;郡司翔;夏帆;皆川猿时;仲野太贺;木野花;土村芳;荒卷全纪;大西信满;浅田芭路;','惊悚;','日本;','日语;',1623229820217,126,'本片是根据实际发生的「少年杀害了祖父母事件」的构思而改编成电影的崭新故事。长泽扮演懒散奔放的母亲·秋子，挑战堕入了社会黑暗面的女人，而阿部サダヲ则饰演与秋子没有结婚登记而同居的丈夫·遼，影片将重点刻画秋子和她年幼的儿子·周平（郡司翔）之间所展开的关系。',6.2,'1623229820260384126.jpg'),(342,'海绵宝宝：营救大冒险','基努·里维斯;奥卡菲娜;克兰西·布朗;汤姆·肯尼;比尔·法格巴克;罗里·艾伦;劳伦斯先生;玛丽·乔·卡特利特;罗德格尔·邦帕斯;吉尔·塔利;卡罗琳·劳伦斯;维罗妮卡·阿利奇诺;','喜剧;动画;冒险;','美国;韩国;墨西哥;日本;西班牙;','英语;西班牙语;阿拉伯语;',1623229821255,91,'《海绵宝宝：营救大冒险》讲述了海绵宝宝心爱的宠物小蜗被绑架后，海绵宝宝和派大星前往失落的大西洋城展开营救冒险的故事。在这场充满危险又妙趣横生的营救行动中，海绵宝宝和他的朋友们用实际行动证明了友谊的力量无限大！',6.2,'1623229821294777805.jpg'),(343,'希望','堤真一;石田百合子;冈田健史;清原果耶;加藤雅也;市毛良枝;松田翔太;龙雷太;','剧情;','日本;','日语;',1623229822386,108,'故事讲述在高级宅邸生活的石川一家的儿子规士，在未经允许的外宿后失踪，他被怀疑与一桩杀人事件有关，因此原本幸福的家庭生活发生改变。',7,'1623229822427338387.jpg'),(344,'常春藤','禹美华;李妍; 金宝敏;','剧情;同性;','韩国;','韩语;',1623229823279,99,'同性恋人恩秀和艺媛幸福地生活在一起。某天，恩秀出了严重的车祸，她的妹妹恩惠因此去世。恩秀妹妹的女儿秀敏变成了孤儿。恩秀和艺媛面临领养秀敏的处境中。《常春藤》是一部让人思考家庭的真正意义的电影。在车祸后，艺媛说，“我们不是一个家吗？家人之间怎么会因为车祸而抛弃彼此？”恩秀回答说，“家庭？谁认为我们是一个家庭？”三个女性如艺媛希望的那样生活在一起，一起经历着日常。但是，社会的成见阻止她们组成一个家庭。这部电影真正的美在于结局。就像도종환的诗作《常春藤》一样，没有幸福或悲伤的结局，即使走了弯路，也一直在缓慢地选择幸福的道路而不会着急。',7.2,'1623229823322753683.jpg'),(345,'想哭的我戴上了猫的面具','志田未来;花江夏树;山寺宏一;小木博明;寿美菜子;小野贤章;浪川大辅;千叶进步;川澄绫子;大原沙耶香;','动画;奇幻;','日本;','日语;',1623229824285,104,'笹木美代（志田未来配音）是一名高中二年级女生，因为总是将自己真实的情感隐藏在心底，因此美代被周围的朋友们称作“无限大神秘人”，实际上，美代是一个非常在意别人看法，时时刻刻都在关心这周围人的女孩。美代暗恋着名叫日之出贤人（花江夏树配音）的男生，但贤人对美代的态度却十分的冷淡。实际上，美代保守着一个秘密，她曾从一个神秘的商人手里得到了一个猫咪面具，只要带上这个面具，美代便可以变成猫咪。变成猫咪后的美代总喜欢前往贤人的家，因为她发现贤人对人类虽然冷漠，但是对猫咪却格外的亲热。美代越来越沉迷于以猫咪的身份和贤人待在一起。©豆瓣',6.4,'1623229824329798668.jpg'),(346,'逃狱兄弟','谭耀文;张继聪;栢天男;张建声;','喜剧;犯罪;','中国香港;','粤语;',1623229825430,88,'龙蛇混杂的监狱世界，一直由江湖巨头滚筒（谭耀文饰）和被判终身监禁的刀疤（张建声饰）两大势力平分天下，却因为冤狱新囚麦建天（栢天男饰）的出现，改变了风平浪静的监狱生活。建天先被刀疤连番威迫放弃上诉，后被揭发与滚筒有着深仇大恨而惨被欺凌，建天为求保命只好接受同仓狱友浩正（张继聪饰）的建议，合谋策划了精密的越狱计划。为了避开邓狱长（黄德斌饰）的严密监管，浩正设局游说滚筒协助，同时却被刀疤识破而被迫接受加盟。就此，狱中四人只好放下成见共同联手，上演一场惊心动魄的逃狱行动！',6,'1623229825475223222.jpg'),(347,'寻找见习魔女','森川葵;松井玲奈;百田夏菜子;千叶千惠巳;秋谷智子;松冈由贵;宍户留美;宫原永海;石田彰;滨野谦太;三浦翔平;','动画;奇幻;','日本;','日语;',1623229826464,92,'影片的设定图也一同曝光。本片是为纪念《小魔女DoReMi》推出20周年而推出，由原动画版原班人马制作。',7.2,'1623229826505324789.jpg'),(348,'之后2','约瑟芬·兰福德;赫洛·费因斯-提芬;迪伦·斯普罗斯;塞尔玛·布莱尔;查理·韦伯;坎迪丝·阿科拉;路易丝·隆巴德;沙恩·保罗·麦吉;塞缪尔·拉森;罗伯·艾斯特斯;迪伦·阿诺德;伊南娜·萨尔基斯;皮亚·米尔;克里麦·威斯特博克;哈迪扎·里德·桑德尔;本杰明·韦弗;玛丽索尔·科雷亚;','剧情;爱情;','美国;','英语;',1623229827553,105,'故事围绕泰莎和哈丁这对情侣展开。迪伦饰演特雷弗，他是泰莎在万斯出版社的同事之一，并爱上了泰莎，这让哈丁感到非常沮丧。',5.8,'1623229827591907837.jpg'),(349,'永生守卫','查理兹·塞隆;琪琪·莱恩;马提亚斯·修奈尔;马尔万·肯扎里;卢卡·马里内利;切瓦特·埃加福;哈利·米尔林;吴青芸;娜塔莎·卡拉姆;梅特·托利;安娜玛丽亚·玛琳卡;迈克尔·沃德;莎拉·尼克斯;马吉德·埃塞迪;乔伊·安沙;安德瑞扎亚茨;奥利维亚·罗斯;奥兰多·希尔;西蒙·钱德勒;拉塞尔·巴洛格;亚当·柯林斯;通恰伊·古奈什;豪尔赫·莱昂·马丁内斯;马汀·麦格;吉米·斯达;','动作;奇幻;','美国;','英语;',1623229828692,125,'一个名叫安迪（查理兹·塞隆饰）的战士领导了一个关系紧密的秘密雇佣兵团体，他们具有神秘的不死之身，为了保护凡人世界而战斗了几个世纪。但团队在受雇执行紧急任务时突然暴露了他们不寻常的能力，他们要依靠安迪和新加入的士兵奈尔（琪琪·莱恩饰），帮助团队消除那些不择手段要复制他们的能力并从中获利的人所带来的威胁。',6.3,'1623229828733758595.jpg'),(350,'骗骗爱上你','纳得克·库吉米亚;平采娜·乐维瑟派布恩;提顶·玛哈由踏纳;卡达莉亚·麦金多斯;邦沙敦·宗威拉克;辰塔维·塔纳西维;','喜剧;爱情;','泰国;','泰语;',1623229829630,127,'天真的伊娜是一名银行员，在历经前男友卷款，并与小三私奔后，过着负债累累的辛苦生活，一场因缘际会下，意外认识了一个外表帅气却十分狡猾的骗子，然而伊娜并没有因此报警，反而决定雇用这名骗子，并对她的前男友展开报复行动，一场谍对谍的爆笑骗局，就此展开！',7.1,'1623229829671312122.jpg'),(351,'绝密档案','西奥·詹姆斯;斯塔西·马汀;罗娜·迈特拉;彼得·费迪南多;莉娅·威廉姆斯;托比·琼斯;Richard Glover;Hans Peterson;Hadisha Sovetova;Imre Csók;Norbert Botszki;Eliza Winter Rothery;Chris Schubert;Timea Maday Kinga;Ami Masamitsu;杰瑞米·惠勒;','科幻;','英国;匈牙利;美国;','英语;',1623229830369,109,'提奥·詹姆斯加盟[绝密档案](Archive，暂译)。该片是[月球]的概念设计者加文·罗瑟里的导演处女作。故事设置在近未来，提奥饰演的科学家，创造出一款与人类十分接近的机器人，他的科研成果背后，却隐藏着不可告人的目的。[摩天大楼]摄影师劳里·罗斯将为本片掌镜。',6.8,'1623229830411504586.jpg'),(352,'无处寻觅','延宇振;李知恩;李周英;金相浩;','剧情;','韩国;','韩语;',1623229831301,85,'入围2019年全州计划。讲述一个男人与不同人交谈后，经历了一系列的心境变化。',6.3,'1623229831344924999.jpg'),(353,'我所有的朋友都死了','米哈尔·迈耶尔;亚当·沃诺维茨;茱莉亚·维尼瓦-纳基维奇;','喜剧;犯罪;','波兰;','波兰语;法语;',1623229832190,96,'在一群朋友的除夕晚会上，一系列疯狂的活动揭露了秘密，伤心了，并导致了令人震惊的结局。',6.6,'1623229832228741201.jpg'),(354,'大地','罗宾·怀特;德米安·比齐尔;莎拉·道恩·普莱奇;金·迪肯斯;沃伦·克里斯蒂;芬莱·沃杰塔克-希松;布拉德·利兰;戴夫·特里布尔;Barb Mitchell;劳拉·延加;','剧情;','美国;','英语;',1623229833046,89,'罗宾·怀特饰演的律师EdeeMathis满怀悲伤，决定把自己的痕迹从社会中抹去。咨询了网络上的求生专家后，她“消失”去了美国最人迹罕至的地带之一：怀俄明州的肖松尼族国家森林。Mathis住在木屋里，学习自己打猎、捕鱼、种植，对抗当地严寒的冬天和残酷的地貌，以及会杀人的野兽。此时，她遇到了印第安人Joseph，为此，她开始直面内心的恶魔，并惊讶地发现，自己的求生意志其实比想象的强烈。',6.9,'1623229833086661690.jpg'),(355,'帕尔默','贾斯汀·汀布莱克;莱德·艾伦;阿丽莎·温赖特;朱诺·坦普尔;朱恩·斯奎布;兰斯·E·尼克尔斯;J·D·埃弗摩尔;迪恩·文特斯;维恩·埃维雷特;杰西·C·博伊德;戴恩·罗兹;斯蒂芬·路易斯·格拉什;尼古拉斯·帕森斯;克莱格·谢佛;约翰·麦康奈尔;查明·李;雷·加斯帕德;杰克·布雷楠;Heaven MacPherson;布鲁斯·威南特;费舍·史蒂芬斯;蒂莫西·辛里奇斯;','剧情;','美国;','英语;',1623229834086,110,'讲述前高中橄榄球明星埃迪·帕尔默在入狱后回到家乡，遭遇了过去留下的种种麻烦事，除此之外，他还成了一个被母亲遗弃的小男孩的监护人。',7.6,'1623229834127243287.jpg'),(356,'剧场版 假面骑士零一 REAL×TIME','高桥文哉;冈田龙太郎;鹤岛乃爱;','科幻;','日本;','日语;',1623229834839,0,'',8.7,'1623229834880728580.jpg'),(357,'飞奔去月球','凯西·昂;菲莉帕·苏;罗伯特·邱;郑肯;约翰·赵;吴珊卓;','动画;家庭;冒险;','美国;中国大陆;','英语;汉语普通话;',1623229836342,100,'影片讲述了小女孩菲菲的奔月故事。菲菲从小听着妈妈讲述的嫦娥与后羿的爱情故事长大，她坚信嫦娥是真爱永恒的化身。妈妈去世几年之后，爸爸准备再婚，菲菲深受打击。为了捍卫自己的家庭，为了向爸爸证明，嫦娥还在月球上永志不渝地等待后羿，她所代表的永恒真爱是真实存在的，菲菲自己动手制作了一艘“火箭飞船“，开启一段奇妙的奔月之旅。影片预计将于2020年在中国院线上映，海外观众可通过Netflix平台欣赏到这一影片。',6.2,'1623229836384200862.jpg'),(358,'云上情歌','芬·奥尔格斯;内芙·坎贝尔;塞布丽娜·卡彭特;麦迪森·伊瑟曼;汤姆·艾弗瑞特·斯科特;里尔·莱尔·哈瓦瑞;Summer H. Howell;薇薇安·安迪克特·道格拉斯;迪兰·埃弗雷特;杰森·玛耶兹;蒂龙·本斯金;Benjamin Eli;Aida Yirga;路易斯·奥利瓦;Morgana Mogent;艾米丽·芭尔多尼;亚尼·金;玛丽莲·迪恩-罗比齐;','剧情;音乐;','美国;','英语;',1623229837201,122,'基于真实故事，美国男孩扎克·索比赫14岁被诊断患有骨肉瘤(18岁去世)，多次手术和化疗并未遏制癌症发展，在得知自己只剩几个月寿命后，他创作了《云》这首歌，感谢自己身边的人和所经历的一切，乐观面对。',7.7,'1623229837245534175.jpg'),(359,'浴血无名川','李东学;任天野;张光北;付美;张露;郝汉;曲家辉;','历史;战争;','中国大陆;','汉语普通话;',1623229838189,96,'影片讲述了抗美援朝战争时期，我国志愿军三排排长孟大关（任天野饰）临危受命，带领小队前去解救被困敌后的侦察排，经历了一系列艰难险阻，三排与“杜神枪”杜川（李东学饰）带领的侦察排成功汇合。为了避免大部队更大伤亡，孟大关与杜川在危急关头果断决定困死无法补充供给的敌方重炮营，一次次小规模战斗在这个无名水川暗暗展开……',6.2,'1623229838231274337.jpg'),(360,'马尔科姆与玛丽','赞达亚;约翰·大卫·华盛顿;','剧情;爱情;','美国;','英语;',1623229839632,106,'讲述一个电影人和女友参加了电影首映庆功会后回家，影片成功在望，名和利唾手可得。而这个美好的夜晚在关于两人关系的一些东西开始曝光后突然转变，考验他们之间爱的力量。',7.2,'1623229839678179270.jpg'),(361,'碧蓝之海','龙星凉;犬饲贵丈;与田祐希;朝比奈彩;小仓优香;石川恋;高岛政宏;','剧情;喜剧;','日本;','日语;',1623229840624,108,'北原伊织（龙星凉饰）在升上大学后，寄宿在叔父所经营的潜水商店「GRANDBLUE」，并且与相隔十年不见的表姐妹—古手川奈奈华（朝比奈彩饰）和古手川千纱（与田佑希饰）同住一个屋檐下生活。对青春大学新生活充满期待的他，被大学潜水社团「PeekaBoo」盯上，殊不知被社团前辈盯上，连热爱二次元世界的友人今村耕平也一起被扯进来，于是展开了一段结合潜水、裸体、酒精、打闹、妄想、恋爱的荒谬大学生活。为什么在大学里全裸狂奔⁉️因为疯狂的青春只有一次‼️',6.6,'1623229840662759334.jpg'),(362,'何塞','塞尔希·洛佩斯;大卫·马赛;瓦莱丽·勒梅西埃;赫拉德·埃尔南德斯;弗朗索瓦·莫雷尔;西尔维娅·佩雷斯·克鲁兹;Emmanuel Vottero;Xavier Serrano;Thomas Vandenberghe;Bruno Solo;Alain Cauchi;Bamar Kane;Alba Pujol;Sophia Aram;','动画;','法国;西班牙;比利时;','法语;西班牙语;加泰罗尼亚语;英语;',1623229841448,74,'西班牙内战时期，人们为了逃离独裁统治而来到了法国。面对大量外来人口的突然涌入，法国当局将他们集中安置，然而生活区的条件十分艰苦。虽然有铁丝网的阻隔，画家何塞还是想尽办法与外界沟通，寻找他失散的伴侣，并且和一位守卫成为了好友。同时插画家出身的导演奥雷尔，最大程度地让何塞的画作重新散发光彩，将其流畅地融于影片之中，着重描绘在艰难逆境中艺术的力量和顽强抗争的精神，完美呼应了主人公之言：“美好的想法，如果不与美好的人相遇，就会消逝。”',7.4,'1623229841493429675.jpg'),(363,'来玩','艾奇·罗伯逊;吉莉安·雅各布斯;小约翰·加拉赫;温斯洛·费格雷;杰登·马林;加文·麦基弗·赖特;蕾切尔·威尔森;阿拉娜·阿什利·马奎斯;达尔默·阿泽德;伊斯汗·莫里斯;','恐怖;家庭;奇幻;','美国;','英语;',1623229842261,97,'孤单的小男孩Olive（艾奇·罗伯逊饰），他觉得自己处处异于其他人。他很想要交朋友，于是他花很多时间在手机和平版上。当一个神秘的生物想要透过Oliver的手机和平板来进入我们的世界，Oliver的父母（吉莉安·雅各布斯GillianJacobs、小约翰·加拉赫JohnGallagherJr.饰）必须挺身而出，将儿子从神秘生物的手中救出。',6.2,'1623229842300937791.jpg'),(364,'GIVEN 被赠与的未来 剧场版','矢野奖吾;内田雄马;中泽匡智;江口拓也;浅沼晋太郎;','动画;','日本;','日语;',1623229843055,59,'高校生の上ノ山立夏は、佐藤真冬の歌声に衝撃を受け、中山春樹、梶秋彦と組んでいるバンドにボーカルとして真冬を加入させる。真冬加入後初のライブを成功させ、バンド「ギヴン」の活動が始動する中、立夏は真冬への想いを自覚し、ふたりは付き合い始める。一方、春樹は長年密かに秋彦に想いを寄せていたが、秋彦は同居人のヴァイオリニスト・村田雨月との関係を続けていて･･･。スクリーンで、春樹と秋彦、雨月の恋が軋んで動き出す――！',8.1,'1623229843093930697.jpg'),(365,'致所有的男孩：爱你永远','拉娜·康多;诺亚·琴蒂内奥;玛德琳娜·亚瑟;埃米利娅·巴拉纳茨;莎拉尤·拉奧;丽莎·杜鲁普;莫莉·格雷斯;C.恩斯特·哈斯;乔伊·帕切科;贾娜尔·帕里希;里什·沙阿;莫莫娜•塔玛达;琼·B·王尔德;Danielle Brokopp;Anisha Cheema;Chloe Simone Crawford;Mariesa Crouse;Michael Delleva;Kayla Deorksen;Katie Do;Sarah Formosa;','喜剧;爱情;','美国;','英语;',1623229844091,115,'即将高中毕业的劳拉准备踏入成人阶段，两段改变人生的旅程使她明白原来毕业后与家人、朋友和彼得的相处并非如想像中那样。',6.8,'1623229844129995047.jpg'),(366,'夺魂连线','海莉·毕晓普;杰玛·摩尔;艾玛·路易斯·韦伯;拉迪娜·德兰多娃;卡罗琳·沃德;艾伦·埃默里斯;帕特里克·沃德;爱德华·利纳德;金妮·洛夫特豪斯;塞兰·巴克斯特;杰克·布莱顿;詹姆斯·斯旺顿;','恐怖;','英国;','英语;',1623229845729,56,'六名好友在居家隔离期找了一位灵媒，想要通过Zoom进行降灵仪式。然而事情的发展远超他们的想象，一个恶灵似乎回应了他们的召唤，并且侵入了每个人的家中……',6.2,'1623229845766906421.jpg'),(367,'贩肤走卒','亚亚·马黑尼;Dea Liane;肯·德·布沃;莫妮卡·贝鲁奇;Saad Lostan;达丽娜·奥乔迪;Jan Dahdoh;克里斯蒂昂·瓦迪姆;Marc de Panda;Najoua Zouhair;胡萨姆·查达特;Nadim Cheikhrouha;Rémi Sarmini;Mouldi Kriden;鲁伯特·韦恩-詹姆斯;安尼萨·达伍德;雅克·热尔曼;','剧情;','突尼斯;法国;比利时;德国;瑞典;土耳其;','阿拉伯语;英语;法语;弗拉芒语;',1623229846787,104,'他自己的身体变成了一件活生生的艺术品，并迅速在博物馆展出，叙利亚难民萨姆很快就会意识到，出售的不仅仅是他的皮肤。',6.9,'1623229846826969909.jpg'),(368,'正义协会：二战','马特·波莫;斯坦娜·卡蒂克;艾尔西亚·罗塔鲁;克里斯·迪亚曼托普洛斯;奥米德·阿布塔西;马修·默瑟;连姆·麦肯泰尔;Armen Taylor;','动画;','美国;','英语;',1623229847748,84,'美国正义协会是一群在第二次世界大战中协助盟军的英雄，他们从未来获得了一位盟友，这位盟友将他们送上了一场改变历史的冒险之旅。',5.8,'1623229847786596170.jpg'),(369,'鲍勃的圣诞礼物','卢克·崔德威;安娜·威尔逊-琼斯;妮娜·瓦迪娅;克里斯蒂娜·托内瑞·杨;蒂姆· 普莱斯特;猫鲍勃;黛西·巴杰;斯特芬·马克尔;法尔杜特·夏尔马;塞林·琼斯;希娜·巴特萨;波皮·露;斯图尔特·惠兰;杰米·培根;艾拉·贾维斯;丹尼尔·厄根;夏兰·凯利;','剧情;喜剧;','英国;','英语;',1623229848810,92,'电影将聚焦詹姆斯和爱喵鲍勃的生活，回顾詹姆斯和流浪猫鲍勃在街头度过的最后一个圣诞节，以及鲍勃如何帮他度过最艰难的时光，探索圣诞节的真谛。',7.5,'1623229848851438843.jpg'),(370,'南巫','徐世顺;蔡宝珠;吴俐璇;云镁鑫;邓壹龄;','剧情;惊悚;','马来西亚;','闽南语;汉语普通话;马来语;泰语;',1623229850212,105,'1987年马泰边界，吉打象屿山下的村落里，村民阿昌是民间神明拿督公的虔诚信仰者，妻子阿燕却不以为然。某日阿昌驱赶神龛前的蛇，不慎打破暹罗裔邻家屋墙。两周后，阿昌突在田埂晕阙，口吐血丝锈钉，村人知悉各圆其说，阿燕全然不信，决意为丈夫遍寻药方。三个月后，阿昌久病不愈，阿燕无计可施，到洞穴祭拜象屿山神。此时，穴内出现一名女子，向她娓娓道出狼牙修时代的传说。霎时之间，阿燕仿如置身边界的融汇与对立，深陷惶恐与未知。本片以精湛的视听语言和炉火纯青的场面调度勾勒出东方神秘主义的新面貌。',7.6,'1623229850252153347.jpg'),(371,'天堂的张望','杜奕衡;朱梓玥;王力可;马瑜遥;吴志雄;刘流;卢秋宏;宫晓瑄;张永达;杜芷萱;','剧情;家庭;儿童;','中国大陆;','汉语普通话;',1623229851259,116,'7岁女孩张望和父亲张国华相依为命，生活虽是清贫，但还是生活的很幸福。一天张望突然流鼻血不止，去医院检查，才知得了急性白血病，治疗需要30多万的费用，筹钱无果的张国华整日以泪洗面；而张望，清楚自己的家庭情况，毅然决定放弃治疗。记者王小月得知此事，赶往张国华家中，才得知了张望的真实身世.....事件经媒体曝光后，张望引起社会各界关注，全国各地纷纷捐款资助，很快，张望的医疗费就凑够了。感受到社会爱的力量和无数陌生人的关心，也使张望变得无比坚强，她用常人难以想象的痛苦接受着治疗，并一次一次经历着鬼门关，然而就在大家都认为张望的病快要好起来的时候，张望却做了一个出乎所有人意料的决定..........',7,'1623229851297869737.jpg'),(372,'食运','片冈直人;土屋太凤;凉;石黑贤;松尾谕;寺胁康文;白竜;東ちづる;矢柴俊博;笕美和子;大泉洋;大和田伸也;龙雷太;','剧情;','日本;','日语;',1623229852690,105,'佐藤良人（NAOTO饰）的母亲安江（凉饰）一个人经营着烤肉店“根岸苑”，这是亡夫留下的唯一的遗物。一个女人独自开店，一边养育儿子，一边亲手做出充满爱意的料理，这对安江来说是幸福的时光，对良人来说，吃母亲亲手做的美食是最幸福的时候。这是深受人们喜爱的“根岸苑”，但由于人气美食评论家古山（松尾谕饰）所写的毫无根据的报道，来店光顾的客人骤减。在店铺一点点恢复活力的时候，良人想让一直一心忙碌工作的安江能够照顾他，于是不久后安江就决定关店了。18年后，良人离开了家，成为一个没有出头之日的自由撰稿人。有一天，他与编辑竹中静香（土屋太凤饰）一同被任命成立只收集“真货”的新美食情报网站。第一弹的主题是“缘分的烤肉”。虽然良人决定接受，但是也为这份工作感到苦恼，此时他收到了关系已经疏远了的母亲安江病倒的消息。良人下不了和母亲见面的决心，通过到访名店进行采访的过程，...(展开全部)佐藤良人（NAOTO饰）的母亲安江（凉饰）一个人经营着烤肉店“根岸苑”，这是亡夫留下的唯一的遗物。一个女人独自开店，一边养育儿子，一边亲手做出充满爱意的料理，这对安江来说是幸福的时光，对良人来说，吃母亲亲手做的美食是最幸福的时候。这是深受人们喜爱的“根岸苑”，但由于人气美食评论家古山（松尾谕饰）所写的毫无根据的报道，来店光顾的客人骤减。在店铺一点点恢复活力的时候，良人想让一直一心忙碌工作的安江能够照顾他，于是不久后安江就决定关店了。18年后，良人离开了家，成为一个没有出头之日的自由撰稿人。有一天，他与编辑竹中静香（土屋太凤饰）一同被任命成立只收集“真货”的新美食情报网站。第一弹的主题是“缘分的烤肉”。虽然良人决定接受，但是也为这份工作感到苦恼，此时他收到了关系已经疏远了的母亲安江病倒的消息。良人下不了和母亲见面的决心，通过到访名店进行采访的过程，他邂逅了令人怀念的“根岸苑”的味道，饱尝了“食”，在与“人”的羁绊中了解了母亲的想法，良人心中也发生了变化。',5.9,'1623229852730481842.jpg'),(373,'小确幸地图','凯瑟琳·纽顿;凯尔·艾伦;约什·汉密尔顿;艾尔·马德里加尔;克莱奥·弗雷泽;Anna Mikami;Vanessa Padla;Teance Blackburn;Jermaine Harris;Lisa VanAmburg;Daniel Scott Lumpkin Jr.;Lydia Houston;Lily Lumpkin;Emmett Ferguson;Douglas DeLisle;','喜剧;爱情;奇幻;','美国;','英语;',1623229853625,99,'Margaret和Mark都被困在不断循环重复的一天，他们都以为只有自己被困住了，直到他们碰到彼此。他们试图制作一张地图，记录所有以前被他们所忽视的小确幸。期间，他们也不断地了解彼此，也找到了打破循环的方法。',6.9,'1623229853666160318.jpg'),(374,'馗降：粽邪2','李康生;陈博正;雷洪;','恐怖;','中国台湾;','汉语普通话;',1623229854532,105,'《馗降：粽邪2》延续第一集宫庙民俗的侧写，将镜头伸向传统送肉粽仪式中最重要的桥段—跳锺馗，通常会由事主家属聘请专门的法师扮演锺馗，将上吊亡灵的怨气送到海口祭吊煞，以达到驱邪避凶之效。本片锺馗便由影帝饰演，李康生在剧中的角色自幼带有天命能见阴阳，他却因此命运多舛，所幸由雷洪饰演的金龙师点化开悟，成为锺馗身为民除煞。然而他的命运却没有从此一帆风顺……今年因为疫情肆虐，戏院排片也饱受影响，目前《馗降：粽邪2》仍定档今年农曆七月，希望鬼门大开之时，藉由鬼王出巡的气势，为大家驱疫除害。',5.9,'1623229854571128153.jpg'),(375,'别对映像研出手！','斋藤飞鸟;山下美月;梅泽美波;小西樱子;滨边美波;板垣瑞生;樱田日和;赤楚卫二;福本莉子;','喜剧;','日本;','日语;',1623229855327,120,'高中1年级学生浅草绿（斋藤飞鸟饰），是强调“设定即生命”的动画迷。在素描本上描绘积累各种各样的想法，却因不能一个人行动做事而无法迈出走向动画制作的一步。对于浅草这种才能，拥有制片人气质的金森沙耶加（梅泽美波饰）很快注意到了。同时，了解到同学兼新星读者模特的水崎燕（山下美月饰），其实上希望成为动画家，3人为了展现脑内“最强的世界”而设立了映像研。电影版『别对映像研出手！』2020年初夏上映',6.4,'1623229855369767299.jpg'),(376,'阴声','鲁道夫 桑丘;安娜·费尔南德斯;拉蒙·巴雷阿;贝伦·法布拉;卢卡斯·布拉斯;内瑞雅·巴德洛斯;比阿特丽斯·阿荷纳;何塞·贝穆德斯;何塞·路易斯·洛萨诺;鲁本·科尔沃;罗莎·阿尔瓦雷斯;阿尔瓦罗·丰塔尔巴;安托·托罗;哈维尔·博泰特;维提·苏亚雷斯;蕾·瓦蕾拉;','恐怖;','西班牙;','西班牙语;',1623229856177,97,'丹尼尔的幼子在新家离奇死亡后，，他开始听见诡异的的，求救声，只得求助一位一位知名的灵异专家。',6.4,'1623229856215810079.jpg'),(377,'怪胎','林柏宏;谢欣颖;张少怀;钟瑶;钟政均;钟岳纯;','喜剧;爱情;','中国台湾;','汉语普通话;',1623229857101,100,'两个怪胎相遇之后彼此的怪，不再奇怪亚洲首部iPhone拍摄剧情长片在爱情的世界裡，我们是彼此的怪胎。陈柏青是一名严重神经性强迫症患者，有非常严重的洁癖。每月的15号是柏青唯一一天出门採买的日子，就在某个命运的15号，他遇见了与他「同病相怜」的另一个怪胎—陈静。原本以为自己要永远孤单活在这世界上的两人，老天爷让他们相遇，发展出一尘不染的爱情，彷彿拥有了彼此就不再害怕被世界遗弃。然而这段看似命中注定的关係，却在柏青的强迫症突然消失后，渐渐的变了调…爱情的承诺，真的能永保新鲜吗？',7.1,'1623229857140813007.jpg'),(378,'克劳德夫人','卡罗勒·罗谢;加朗斯·马里利埃;罗什迪·泽姆;皮埃尔·德隆尚;莱娅·奥普莱;保罗·艾米;米兰妮·让帕诺米;阿弗西娅·埃尔奇;里贾纳·阿尼基;安娜贝尔·贝尔蒙多;约瑟芬·德·拉·波美;吉娜·希门尼斯;苏珊·卡门·贾戈金斯卡;芭芭拉·约瑟夫;布里吉特·海伦·莫雷尔;塞德里克·阿皮耶托;萨米尔·盖丝米;菲利普·雷博;班哲明·比欧雷;亚历珊德拉·耶尔马克;','剧情;爱情;传记;','法国;','法语;',1623229857995,112,'Paris,thelate1960s.MadameClaudeisattheheadofaflourishingbusinessdedicatedtoprostitutionthatgivesherpoweroverboththefrenchpoliticalandcriminalworlds.Buttheendofherempireiscloserthanshethinks.',6.1,'1623229858033653990.jpg'),(379,'午夜天空','乔治·克鲁尼;菲丽希缇·琼斯;大卫·奥伊罗;凯尔·钱德勒;德米安·比齐尔;蒂凡尼·布恩;苏菲·兰朵;伊森·派克;蒂姆·罗斯;米利亚姆·肖尔;利利娅·诺特·拉林斯多蒂尔;汉娜·玛丽亚·卡尔斯多蒂尔;阿特利·奧斯卡·法奈森;伊登·黑赫斯特;莎拉·盖林;尼克·欧文福特;','剧情;科幻;惊悚;奇幻;','美国;','英语;',1623229859242,122,'神秘的全球性灾难爆发，一位独自驻扎北极的科学家竭力与一群返回地球的宇航员取得联系，他们正要回到惨遭神秘灾难重创的地球。',5.9,'1623229859288890832.jpg'),(380,'精神错乱','罗素·克劳;凯伦·皮斯托里斯;加布里埃尔·贝特曼;吉米·辛普森;奥斯汀·麦肯齐;朱丽叶·乔伊纳;斯蒂芬·路易斯·格拉什;安妮·雷登;德文·泰勒;西尔维娅·格雷丝·克里姆;维维安·弗莱明·阿尔瓦雷斯;萨曼莎·博利厄;露西·浮士德;谢丽尔·布朗;迈克尔·帕帕约翰;格蕾琴·科尔纳;唐娜·杜普兰提尔;布雷特·斯姆兹;安德鲁·莫尔加多;戈登·德克海默;蒂莫西·辛里奇斯;','惊悚;','美国;','英语;',1623229860442,90,'瑞秋（凯伦·皮斯托里斯CarenPistorius饰）和丈夫正在分居之中，目前由她独自抚养着年幼的儿子凯伊（加布里埃尔·贝特曼GabrielBateman饰）。离婚事宜的商讨令瑞秋心力交瘁，睡过头的她眼看着就要迟到，却不巧碰上了高速公路大堵车。明明是绿灯，瑞秋却被停在她前面的一辆大卡车拦住了去路，失去耐心的瑞秋狂按喇叭，哪知道却惹恼了卡车司机（罗素·克劳RussellCrowe饰）。卡车司机命令瑞秋为她的不礼貌而道歉，瑞秋拒绝了，此时的瑞秋还并没有意识到，自己已经引火烧身。卡车司机是一名精神病患者，刚刚放火烧死了要同自己离婚的前妻一家子。他掉包了瑞秋的手机，开始对她进行人肉搜索和疯狂报复。©豆瓣',6.2,'1623229860481560796.jpg'),(381,'西游记之再世妖王','边江;张磊;蔡海婷;苏尚卿;张赫;林强;刘思岑;王晨光;宝木中阳;章斌 ;常进;图特哈蒙;张遥函;白雪岑;邱秋;常文涛;李嘉祥;','动作;动画;奇幻;','中国大陆;','汉语普通话;',1623229861306,95,'混沌初开之时，世上的第一只妖降世，名元蒂（张磊配音），被奉为妖祖。千百万年后，昔日妖王孙悟空（边江配音）被唐僧（苏尚卿饰）从五行山下救出，悟空答应保护唐僧，前往西天取经。而传说中的妖祖元蒂再次现世，三界岌岌可危。两代妖王注定终极一战，但这次，孙悟空遇上了真正的劲敌。',5.5,'1623229861348334482.jpg'),(382,'尤巴县突发新闻','艾莉森·珍妮;米拉·库尼斯;奥卡菲娜;旺达·塞克丝;马修·莫迪恩;萨米拉·威利;艾伦·巴金;朱丽叶特·刘易斯;雷吉娜·赫尔;吉米·辛普森;克里斯·劳威尔;小克利夫顿·克林斯;布里奇特·埃弗里特;马塞拉·伦茨·波普;多米尼克·伯吉斯;露西·浮士德;申庚;西尔维娅·格雷丝·克里姆;迪内·泰勒;T·C·马特恩;彼得·詹梅斯;','喜剧;犯罪;','英国;美国;','英语;',1623229862154,96,'苏·宝特姆斯(珍妮饰)将丈夫与一个女子捉奸在床，却没成想，她的丈夫被吓到心脏病发离世。苏随即把丈夫尸身埋掉。老公的消失，倒是让苏的名望、地位日益增长。但是苏很快发现，她自己不仅要躲避警察和罪犯，更要对她那迫切想要获得猛料的新闻主播妹妹南希三缄其口。',6.6,'1623229862192391290.jpg'),(383,'清白','申惠善;裴宗玉;许峻豪;洪京;太恒浩;高昌锡;朴哲民;车顺裴;郑仁谦;韩利进;崔宏一;金重熙;夏成光;韩哲宇; 郭子亨;郑爱华;李智友;申文成;金英在;金锡勋;朴成根;裴海善;朴振英;','剧情;','韩国;','韩语;',1623229863153,110,'从小因父亲重男轻女，贞仁（申惠善饰演）在中学时就逃家自力更生，与家人断了联系。贞仁后来凭一己之力成为顶级辩护律师，在一次偶然中，她得知罹患老年痴呆症的母亲花子（裴宗玉饰演）涉嫌杀害父亲，同时还对不少无辜民众下毒手。怀疑事有蹊翘的贞仁决定亲自出马，在层层阻挠下，她该如何为母亲翻供，揭开这个桩谋杀案背后不可告人的真相？',6.8,'1623229863195231536.jpg'),(384,'人数之町','中村伦也;石桥静河;立花惠理;山中聪;柳英里纱;','剧情;悬疑;','日本;','日语;',1623229864109,111,'影片以一个“绝不能离开”的小镇为舞台，讲述被追债的主人公“苍山”，在某日受到一名神秘男子的邀请而来到这个奇怪的小镇，他在和当地人的交流中逐渐了解了这里的秘密…。',6.3,'1623229864152139572.jpg'),(385,'野马分鬃','周游;郑英辰;王小木;佟林楷;赵多娜;刘禹霆;李梦;','剧情;','中国大陆;','汉语普通话;',1623229865051,134,'大学即将毕业的阿坤正站在大学和社会的分水岭上，他像所有急于驰骋的少年一样，迫不及待要好好闯荡一番。拿到驾照后，阿坤邂逅了自己的二手吉普车，本以为它会给生活带来新的可能，但它却将自己带到了人生的另一个路口。在这段荒腔走板的日子中，阿坤逐渐意识到了成长的代价和生命的无常。',7,'1623229865092301975.jpg'),(386,'偶然与想象','古川琴音;涩川清彦;占部房子;中岛步;玄理;森郁月;甲斐翔真;河井青叶;','剧情;爱情;','日本;','日语;',1623229865770,121,'影片由三个短片构成——《魔法（比魔法更不真切）》《开着的门》《再来一次》。女性角色的多重性和镜像性是滨口之前的作品中的主题，在他的新作《偶然与想象》中也是如此。前作《欢乐时光》和《夜以继日》，从字面上看，颇有小说的味道，而《偶然与想象》则可以说是一部短篇小说集。叙事节奏更强化了这一印象：三集，每集围绕一个女性角色展开，又分为三幕。三个短片讲述了一个意想不到的三角恋、一场未遂的诱惑和一个因误会而相遇的故事。尽管零散，但仍保持了有机的叙事流程，甚至还强调了这一点。虽然大部分的动作都发生在一个空间里，而且只有两个演员参与，这部电影却不让人觉得像一出室内剧。这不仅仅是由于对话的缘故，还在于其复杂的时空概念，最后一集几乎变成了科幻片。我们所见证的时刻都与感人的普遍命运相连，以选择、遗憾、欺骗和巧合为标志，它们是影片真正的主角。',8.7,'1623229865807299334.jpg'),(387,'超能计划','杰米·福克斯;约瑟夫·高登-莱维特;多米尼克·菲什巴克;罗德里戈·桑托罗;考特尼·万斯;艾米·兰德克;机关枪凯利;泰特·弗莱彻;阿伦·马尔多纳多;安德烈·沃德·哈蒙德;可亚娜·西蒙妮·辛普森;C.J.勒布朗;CG刘易斯;约瑟夫·波利昆;雅茨·德·利瑟尔;凯西·奈斯泰德;珍妮特·罗斯·阮;吉姆·克洛克;乔恩·阿兹;戴恩·罗兹;怀尔德·韦恩;贾斯汀·贾木什;戈登·德克海默;卢克·霍克斯;彼得·詹梅斯;托尼·查普曼·斯蒂尔;约书亚·萨达索;','动作;科幻;犯罪;','美国;','英语;',1623229866668,111,'在新奥尔良的街道上，关于神秘新药丸的消息开始传播开来，这种药丸可以解锁每位使用者独特的超能力。但问题是：在服用之前，没人知道用药后会发生什么。一些人会进化出防弹皮肤、隐形能力和超强力量，也有很多人会表现出更致命的反应。但是，当药丸使城市内的犯罪升级到危险水平时，当地警察（约瑟夫·高登-莱维特饰）与一名少女小贩（多米尼克·菲什巴克饰）和誓报私仇的退伍士兵（杰米·福克斯饰）联手以硬碰硬，他们冒着服用药丸的风险，以追踪并制止制造出该药丸的团队。',5.7,'1623229866704784021.jpg'),(388,'科拉深孔','米莱纳拉·德罗维奇;谢尔盖·伊万俞科;尼克雷·柯维巴斯;瓦季姆·德姆乔格;基里尔·柯维巴斯;尼基塔·德俞班诺夫;阿宾娜·柴基纳;伊利亚·伊林尼赫;弗拉迪米尔·柯里达;Viktor Nizovoy;Maksim Radugin;达尔雅·沙加尔;Evgeniy Tscherkashin;Artyom Tsukanov;','科幻;恐怖;','俄罗斯;','俄语;',1623229868114,113,'故事聚焦在一支研究团队，他们被派到科拉深孔（KolaSuperdeepBorehole）去调查源自于深处的奇怪声音，他们却发现超乎他们所有想像的东西。更糟的是，他们可能无意间将躲藏在深处的东西给释放了出来。',5.5,'1623229868157381303.jpg'),(389,'凶宅怪谈','龟梨和也;奈绪;濑户康史;木下邦家;江口德子;Megumi;真鱼;泷川英次;加藤谅;坂口涼太郎;宇野祥平;高田纯次;小手伸也;有野晋哉;滨口优;','剧情;恐怖;','日本;','日语;',1623229869070,111,'该片改编自寻找凶宅租住的艺人松原田螺根据真实经历创作的同名小说，龟梨和也饰演没什么名气的艺人山野，他因节目需求被制作人安排去住凶宅，故事就从他住进发生杀人案的凶宅后开始。',5.4,'1623229869107986079.jpg'),(390,'美国诉比莉·哈乐黛','安德拉·戴;崔凡特·罗兹;加内特·赫德兰;娜塔莎·雷昂;泰勒·詹姆斯·威廉姆;托恩·贝尔;罗布·摩根;丹娜·格瑞尔;达明·乔伊·伦道夫;伊万·罗斯;梅尔文·格雷格;埃里克·拉雷·哈维;崔斯坦·D·拉勒;夸西·宋桂;艾丽嘉·奥特雷恩;乔·柯布登 ;亚瑟·霍尔顿;乔纳森·希金斯;杰夫·科贝特;卡尔·格拉戈萨斯;阿莱恩·古勒姆;马克·安东尼·克鲁帕;杜桑恩·杜基齐;西尔维亚·斯图尔特;凯瑟琳·勒米厄;西蒙·阿兰;','剧情;音乐;传记;','美国;','英语;',1623229870135,130,'讲述她被美国联邦麻醉品管理局派卧底设局，黑人特工JimmyFletcher领导此行动，与荷莉戴展开了一场热烈的情事，展现她挣扎于药瘾、名声和让人心碎的爱情。',5.9,'1623229870172541606.jpg');

/*Table structure for table `order` */

DROP TABLE IF EXISTS `order`;

CREATE TABLE `order` (
  `order_id` bigint(20) NOT NULL,
  `user_id` int(11) NOT NULL,
  `schedule_id` int(11) NOT NULL,
  `order_pay_time` bigint(20) DEFAULT NULL,
  `order_exist_time` bigint(20) DEFAULT NULL,
  `order_price` double DEFAULT NULL,
  `order_status` int(11) NOT NULL DEFAULT '1' COMMENT '-1退款 0-无效 1-有效',
  PRIMARY KEY (`order_id`)
) ENGINE=InnoDB DEFAULT CHARSET=utf8;

/*Data for the table `order` */

insert  into `order`(`order_id`,`user_id`,`schedule_id`,`order_pay_time`,`order_exist_time`,`order_price`,`order_status`) values (3246406014910,1,106,1620780300936,1620780300936,1131.5,1),(3246406067010,1,105,1620866700843,1620866700843,584,1),(3246406104510,1,104,1620953100247,1620953100247,657,1),(3246406146190,1,103,1621039500757,1621039500757,693.5,1),(3246406185670,1,102,1621125900001,1621125900001,657,1),(3246406263710,1,101,1621212300897,1621212300897,1642.5,1),(3246406338030,1,100,1621298700837,1621298700837,1642.5,1),(3246406394270,1,99,1621385100662,1621385100662,839.5,1),(3246406464592,1,97,1621557900270,1621557900270,1204.5,1),(3246406502890,1,96,1621644300290,1621644300290,401.5,1),(3246406532770,1,95,1621730700583,1621730700583,255.5,1),(3246406563050,1,94,1621817100622,1621817100622,401.5,1),(3246406591930,1,93,1621903500145,1621903500145,255.5,1),(3246406617570,1,92,1621989900149,1621989900149,255.5,1),(3246406655428,1,91,1622076300577,1622076300577,547.5,1),(3246406696010,1,90,1622162700214,1622162700214,328.5,1),(3246406729990,1,89,1622249100895,1622249100895,328.5,1),(3246406773332,1,88,1622335500077,1622335500077,328.5,1),(3246406876870,1,120,1622421900637,1622421900637,2556,1),(3246407006050,1,119,1622508300616,1622508300616,2088,1),(3246407054330,1,118,1622594700577,1622594700577,612,1),(3246407084870,1,117,1622681100660,1622681100660,432,1),(3246407110110,1,116,1622767500381,1622767500381,252,1),(3246407151390,1,115,1622853900749,1622853900749,792,1),(3246407575910,1,114,1622940300931,1622940300931,576,1),(3246407646754,1,113,1623026700469,1623026700469,756,1),(3246407690570,1,112,1623113100963,1623113100963,576,1),(3246407834468,1,111,1623199500121,1623199500121,684,1),(3246407875270,1,110,1623207532464,1623285900603,720,1),(3246407913570,1,58,1623207532464,1623458700570,245,1),(3246408703990,1,132,1622421900345,1622421900345,805,1),(3246408730974,1,131,1622508300999,1622508300999,315,1),(3246408764790,1,130,1622594700555,1622594700555,490,1),(3246408875670,1,129,1622681100642,1622681100642,2310,1),(3246413625626,1,98,1621471500232,1621471500232,474.5,1),(3246421745622,2,146,1623210872811,1623167100775,200,1),(3246439916530,7,105,1623219958265,1620866700843,876,1),(3246440214170,7,73,1623220107085,1623285900861,328.5,-1),(3246460324662,2,127,1623230162331,1622853900654,140,1),(3246460647766,2,147,1623230323883,1623257100619,360,1),(3246488229090,2,122,1623244114545,1623285900646,140,1),(3246501913376,2,149,1623250956688,1623339900044,120,1),(3246575917132,10,74,1623287958566,1623293100976,73,1),(3246576334438,9,135,1623288167219,1623293100507,35,1),(3246581148206,3,61,1623290574103,1623458700574,759,-1),(3246583261464,11,74,1623291630732,1623293100976,693.5,1),(3246584884584,12,74,1623292442292,1623293100976,584,1),(3246586092008,10,58,1623293046004,1623458700570,315,1),(3246588921344,10,56,1623294460672,1623465900903,70,1);

/*Table structure for table `order_ticket` */

DROP TABLE IF EXISTS `order_ticket`;

CREATE TABLE `order_ticket` (
  `order_ticket_id` int(11) NOT NULL AUTO_INCREMENT,
  `order_id` bigint(20) DEFAULT NULL,
  `ticket_id` int(11) DEFAULT NULL,
  PRIMARY KEY (`order_ticket_id`)
) ENGINE=InnoDB AUTO_INCREMENT=888 DEFAULT CHARSET=utf8;

/*Data for the table `order_ticket` */

insert  into `order_ticket`(`order_ticket_id`,`order_id`,`ticket_id`) values (23,3246406014910,5523),(24,3246406014910,5531),(25,3246406014910,5532),(26,3246406014910,5533),(27,3246406014910,5534),(28,3246406014910,5535),(29,3246406014910,5541),(30,3246406014910,5542),(31,3246406014910,5543),(32,3246406014910,5544),(33,3246406014910,5545),(34,3246406014910,5551),(35,3246406014910,5552),(36,3246406014910,5553),(37,3246406014910,5554),(38,3246406014910,5555),(39,3246406014910,5561),(40,3246406014910,5562),(41,3246406014910,5563),(42,3246406014910,5564),(43,3246406014910,5565),(44,3246406014910,5572),(45,3246406014910,5573),(46,3246406014910,5574),(47,3246406014910,5575),(48,3246406014910,5582),(49,3246406014910,5583),(50,3246406014910,5584),(51,3246406014910,5585),(52,3246406014910,5594),(53,3246406014910,5595),(54,3246406067010,5440),(55,3246406067010,5449),(56,3246406067010,5450),(57,3246406067010,5451),(58,3246406067010,5452),(59,3246406067010,5459),(60,3246406067010,5460),(61,3246406067010,5461),(62,3246406067010,5462),(63,3246406067010,5469),(64,3246406067010,5470),(65,3246406067010,5471),(66,3246406067010,5472),(67,3246406067010,5480),(68,3246406067010,5481),(69,3246406067010,5482),(70,3246406104510,5349),(71,3246406104510,5350),(72,3246406104510,5351),(73,3246406104510,5352),(74,3246406104510,5359),(75,3246406104510,5360),(76,3246406104510,5361),(77,3246406104510,5362),(78,3246406104510,5369),(79,3246406104510,5370),(80,3246406104510,5371),(81,3246406104510,5372),(82,3246406104510,5379),(83,3246406104510,5380),(84,3246406104510,5381),(85,3246406104510,5382),(86,3246406104510,5390),(87,3246406104510,5391),(88,3246406146190,5259),(89,3246406146190,5260),(90,3246406146190,5261),(91,3246406146190,5262),(92,3246406146190,5269),(93,3246406146190,5270),(94,3246406146190,5271),(95,3246406146190,5272),(96,3246406146190,5279),(97,3246406146190,5280),(98,3246406146190,5281),(99,3246406146190,5282),(100,3246406146190,5289),(101,3246406146190,5290),(102,3246406146190,5291),(103,3246406146190,5292),(104,3246406146190,5300),(105,3246406146190,5301),(106,3246406146190,5302),(107,3246406185670,5169),(108,3246406185670,5170),(109,3246406185670,5171),(110,3246406185670,5172),(111,3246406185670,5179),(112,3246406185670,5180),(113,3246406185670,5181),(114,3246406185670,5182),(115,3246406185670,5183),(116,3246406185670,5189),(117,3246406185670,5190),(118,3246406185670,5191),(119,3246406185670,5192),(120,3246406185670,5193),(121,3246406185670,5199),(122,3246406185670,5200),(123,3246406185670,5201),(124,3246406185670,5202),(125,3246406263710,5060),(126,3246406263710,5061),(127,3246406263710,5062),(128,3246406263710,5068),(129,3246406263710,5069),(130,3246406263710,5070),(131,3246406263710,5071),(132,3246406263710,5072),(133,3246406263710,5073),(134,3246406263710,5078),(135,3246406263710,5079),(136,3246406263710,5080),(137,3246406263710,5081),(138,3246406263710,5082),(139,3246406263710,5083),(140,3246406263710,5088),(141,3246406263710,5089),(142,3246406263710,5090),(143,3246406263710,5091),(144,3246406263710,5092),(145,3246406263710,5093),(146,3246406263710,5098),(147,3246406263710,5099),(148,3246406263710,5100),(149,3246406263710,5101),(150,3246406263710,5102),(151,3246406263710,5103),(152,3246406263710,5108),(153,3246406263710,5109),(154,3246406263710,5110),(155,3246406263710,5111),(156,3246406263710,5112),(157,3246406263710,5113),(158,3246406263710,5118),(159,3246406263710,5119),(160,3246406263710,5120),(161,3246406263710,5121),(162,3246406263710,5122),(163,3246406263710,5123),(164,3246406263710,5128),(165,3246406263710,5129),(166,3246406263710,5130),(167,3246406263710,5131),(168,3246406263710,5132),(169,3246406263710,5133),(170,3246406338030,4978),(171,3246406338030,4979),(172,3246406338030,4980),(173,3246406338030,4981),(174,3246406338030,4982),(175,3246406338030,4983),(176,3246406338030,4987),(177,3246406338030,4988),(178,3246406338030,4989),(179,3246406338030,4990),(180,3246406338030,4991),(181,3246406338030,4992),(182,3246406338030,4993),(183,3246406338030,4997),(184,3246406338030,4998),(185,3246406338030,4999),(186,3246406338030,5000),(187,3246406338030,5001),(188,3246406338030,5002),(189,3246406338030,5003),(190,3246406338030,5007),(191,3246406338030,5008),(192,3246406338030,5009),(193,3246406338030,5010),(194,3246406338030,5011),(195,3246406338030,5012),(196,3246406338030,5013),(197,3246406338030,5017),(198,3246406338030,5018),(199,3246406338030,5019),(200,3246406338030,5020),(201,3246406338030,5021),(202,3246406338030,5022),(203,3246406338030,5023),(204,3246406338030,5027),(205,3246406338030,5028),(206,3246406338030,5029),(207,3246406338030,5030),(208,3246406338030,5031),(209,3246406338030,5032),(210,3246406338030,5033),(211,3246406338030,5038),(212,3246406338030,5039),(213,3246406338030,5040),(214,3246406338030,5041),(215,3246406394270,4884),(216,3246406394270,4887),(217,3246406394270,4899),(218,3246406394270,4901),(219,3246406394270,4902),(220,3246406394270,4910),(221,3246406394270,4911),(222,3246406394270,4912),(223,3246406394270,4917),(224,3246406394270,4920),(225,3246406394270,4921),(226,3246406394270,4922),(227,3246406394270,4924),(228,3246406394270,4929),(229,3246406394270,4930),(230,3246406394270,4931),(231,3246406394270,4932),(232,3246406394270,4938),(233,3246406394270,4939),(234,3246406394270,4940),(235,3246406394270,4941),(236,3246406394270,4949),(237,3246406394270,4953),(238,3246406464592,4700),(239,3246406464592,4703),(240,3246406464592,4707),(241,3246406464592,4709),(242,3246406464592,4715),(243,3246406464592,4718),(244,3246406464592,4720),(245,3246406464592,4721),(246,3246406464592,4723),(247,3246406464592,4727),(248,3246406464592,4729),(249,3246406464592,4730),(250,3246406464592,4731),(251,3246406464592,4735),(252,3246406464592,4739),(253,3246406464592,4743),(254,3246406464592,4748),(255,3246406464592,4751),(256,3246406464592,4752),(257,3246406464592,4754),(258,3246406464592,4756),(259,3246406464592,4759),(260,3246406464592,4761),(261,3246406464592,4763),(262,3246406464592,4768),(263,3246406464592,4769),(264,3246406464592,4771),(265,3246406464592,4772),(266,3246406464592,4774),(267,3246406464592,4775),(268,3246406464592,4777),(269,3246406464592,4779),(270,3246406464592,4785),(271,3246406502890,4629),(272,3246406502890,4630),(273,3246406502890,4634),(274,3246406502890,4641),(275,3246406502890,4643),(276,3246406502890,4648),(277,3246406502890,4650),(278,3246406502890,4662),(279,3246406502890,4670),(280,3246406502890,4672),(281,3246406502890,4674),(282,3246406532770,4550),(283,3246406532770,4560),(284,3246406532770,4562),(285,3246406532770,4578),(286,3246406532770,4580),(287,3246406532770,4581),(288,3246406532770,4585),(289,3246406563050,4444),(290,3246406563050,4450),(291,3246406563050,4463),(292,3246406563050,4469),(293,3246406563050,4471),(294,3246406563050,4474),(295,3246406563050,4479),(296,3246406563050,4483),(297,3246406563050,4490),(298,3246406563050,4491),(299,3246406563050,4504),(300,3246406591930,4359),(301,3246406591930,4363),(302,3246406591930,4370),(303,3246406591930,4372),(304,3246406591930,4389),(305,3246406591930,4391),(306,3246406591930,4403),(307,3246406617570,4262),(308,3246406617570,4279),(309,3246406617570,4292),(310,3246406617570,4293),(311,3246406617570,4299),(312,3246406617570,4301),(313,3246406617570,4324),(314,3246406655428,4171),(315,3246406655428,4184),(316,3246406655428,4187),(317,3246406655428,4189),(318,3246406655428,4191),(319,3246406655428,4199),(320,3246406655428,4203),(321,3246406655428,4208),(322,3246406655428,4210),(323,3246406655428,4211),(324,3246406655428,4219),(325,3246406655428,4224),(326,3246406655428,4230),(327,3246406655428,4232),(328,3246406655428,4234),(329,3246406696010,4080),(330,3246406696010,4088),(331,3246406696010,4092),(332,3246406696010,4100),(333,3246406696010,4108),(334,3246406696010,4112),(335,3246406696010,4115),(336,3246406696010,4120),(337,3246406696010,4144),(338,3246406729990,4001),(339,3246406729990,4009),(340,3246406729990,4012),(341,3246406729990,4020),(342,3246406729990,4021),(343,3246406729990,4022),(344,3246406729990,4029),(345,3246406729990,4033),(346,3246406729990,4041),(347,3246406773332,3900),(348,3246406773332,3922),(349,3246406773332,3928),(350,3246406773332,3929),(351,3246406773332,3930),(352,3246406773332,3931),(353,3246406773332,3942),(354,3246406773332,3944),(355,3246406773332,3950),(356,3246406876870,6664),(357,3246406876870,6665),(358,3246406876870,6666),(359,3246406876870,6667),(360,3246406876870,6668),(361,3246406876870,6669),(362,3246406876870,6672),(363,3246406876870,6673),(364,3246406876870,6674),(365,3246406876870,6675),(366,3246406876870,6676),(367,3246406876870,6677),(368,3246406876870,6678),(369,3246406876870,6679),(370,3246406876870,6680),(371,3246406876870,6681),(372,3246406876870,6682),(373,3246406876870,6683),(374,3246406876870,6684),(375,3246406876870,6685),(376,3246406876870,6686),(377,3246406876870,6687),(378,3246406876870,6688),(379,3246406876870,6689),(380,3246406876870,6690),(381,3246406876870,6691),(382,3246406876870,6692),(383,3246406876870,6693),(384,3246406876870,6694),(385,3246406876870,6695),(386,3246406876870,6696),(387,3246406876870,6697),(388,3246406876870,6698),(389,3246406876870,6699),(390,3246406876870,6700),(391,3246406876870,6701),(392,3246406876870,6702),(393,3246406876870,6703),(394,3246406876870,6704),(395,3246406876870,6705),(396,3246406876870,6706),(397,3246406876870,6707),(398,3246406876870,6708),(399,3246406876870,6709),(400,3246406876870,6710),(401,3246406876870,6711),(402,3246406876870,6712),(403,3246406876870,6713),(404,3246406876870,6714),(405,3246406876870,6715),(406,3246406876870,6716),(407,3246406876870,6717),(408,3246406876870,6718),(409,3246406876870,6719),(410,3246406876870,6720),(411,3246406876870,6721),(412,3246406876870,6722),(413,3246406876870,6723),(414,3246406876870,6724),(415,3246406876870,6726),(416,3246406876870,6727),(417,3246406876870,6728),(418,3246406876870,6729),(419,3246406876870,6730),(420,3246406876870,6731),(421,3246406876870,6732),(422,3246406876870,6736),(423,3246406876870,6737),(424,3246406876870,6738),(425,3246406876870,6739),(426,3246406876870,6740),(427,3246407006050,6584),(428,3246407006050,6585),(429,3246407006050,6586),(430,3246407006050,6587),(431,3246407006050,6592),(432,3246407006050,6593),(433,3246407006050,6594),(434,3246407006050,6595),(435,3246407006050,6596),(436,3246407006050,6597),(437,3246407006050,6600),(438,3246407006050,6601),(439,3246407006050,6602),(440,3246407006050,6603),(441,3246407006050,6604),(442,3246407006050,6605),(443,3246407006050,6606),(444,3246407006050,6609),(445,3246407006050,6610),(446,3246407006050,6611),(447,3246407006050,6612),(448,3246407006050,6613),(449,3246407006050,6614),(450,3246407006050,6615),(451,3246407006050,6618),(452,3246407006050,6619),(453,3246407006050,6620),(454,3246407006050,6621),(455,3246407006050,6622),(456,3246407006050,6623),(457,3246407006050,6624),(458,3246407006050,6627),(459,3246407006050,6628),(460,3246407006050,6629),(461,3246407006050,6630),(462,3246407006050,6631),(463,3246407006050,6632),(464,3246407006050,6633),(465,3246407006050,6636),(466,3246407006050,6637),(467,3246407006050,6638),(468,3246407006050,6639),(469,3246407006050,6640),(470,3246407006050,6641),(471,3246407006050,6642),(472,3246407006050,6644),(473,3246407006050,6646),(474,3246407006050,6647),(475,3246407006050,6648),(476,3246407006050,6649),(477,3246407006050,6650),(478,3246407006050,6651),(479,3246407006050,6655),(480,3246407006050,6656),(481,3246407006050,6657),(482,3246407006050,6658),(483,3246407006050,6659),(484,3246407006050,6660),(485,3246407054330,6522),(486,3246407054330,6530),(487,3246407054330,6531),(488,3246407054330,6532),(489,3246407054330,6533),(490,3246407054330,6539),(491,3246407054330,6540),(492,3246407054330,6541),(493,3246407054330,6547),(494,3246407054330,6548),(495,3246407054330,6549),(496,3246407054330,6550),(497,3246407054330,6557),(498,3246407054330,6558),(499,3246407054330,6559),(500,3246407054330,6560),(501,3246407054330,6568),(502,3246407084870,6440),(503,3246407084870,6441),(504,3246407084870,6442),(505,3246407084870,6449),(506,3246407084870,6450),(507,3246407084870,6451),(508,3246407084870,6458),(509,3246407084870,6459),(510,3246407084870,6460),(511,3246407084870,6467),(512,3246407084870,6468),(513,3246407084870,6469),(514,3246407110110,6359),(515,3246407110110,6360),(516,3246407110110,6361),(517,3246407110110,6369),(518,3246407110110,6370),(519,3246407110110,6377),(520,3246407110110,6388),(521,3246407151390,6273),(522,3246407151390,6276),(523,3246407151390,6278),(524,3246407151390,6279),(525,3246407151390,6280),(526,3246407151390,6287),(527,3246407151390,6289),(528,3246407151390,6291),(529,3246407151390,6295),(530,3246407151390,6296),(531,3246407151390,6297),(532,3246407151390,6298),(533,3246407151390,6305),(534,3246407151390,6306),(535,3246407151390,6307),(536,3246407151390,6313),(537,3246407151390,6314),(538,3246407151390,6315),(539,3246407151390,6316),(540,3246407151390,6323),(541,3246407151390,6325),(542,3246407151390,6327),(543,3246407575910,6198),(544,3246407575910,6199),(545,3246407575910,6200),(546,3246407575910,6205),(547,3246407575910,6206),(548,3246407575910,6207),(549,3246407575910,6208),(550,3246407575910,6209),(551,3246407575910,6215),(552,3246407575910,6216),(553,3246407575910,6217),(554,3246407575910,6218),(555,3246407575910,6224),(556,3246407575910,6225),(557,3246407575910,6226),(558,3246407575910,6227),(559,3246407646754,6116),(560,3246407646754,6117),(561,3246407646754,6118),(562,3246407646754,6124),(563,3246407646754,6125),(564,3246407646754,6126),(565,3246407646754,6127),(566,3246407646754,6128),(567,3246407646754,6133),(568,3246407646754,6134),(569,3246407646754,6135),(570,3246407646754,6136),(571,3246407646754,6137),(572,3246407646754,6142),(573,3246407646754,6143),(574,3246407646754,6144),(575,3246407646754,6145),(576,3246407646754,6146),(577,3246407646754,6152),(578,3246407646754,6153),(579,3246407646754,6154),(580,3246407690570,6023),(581,3246407690570,6035),(582,3246407690570,6037),(583,3246407690570,6044),(584,3246407690570,6045),(585,3246407690570,6048),(586,3246407690570,6052),(587,3246407690570,6053),(588,3246407690570,6054),(589,3246407690570,6055),(590,3246407690570,6056),(591,3246407690570,6062),(592,3246407690570,6063),(593,3246407690570,6070),(594,3246407690570,6073),(595,3246407690570,6075),(596,3246407834468,5955),(597,3246407834468,5956),(598,3246407834468,5962),(599,3246407834468,5963),(600,3246407834468,5964),(601,3246407834468,5965),(602,3246407834468,5966),(603,3246407834468,5971),(604,3246407834468,5972),(605,3246407834468,5973),(606,3246407834468,5974),(607,3246407834468,5975),(608,3246407834468,5980),(609,3246407834468,5981),(610,3246407834468,5982),(611,3246407834468,5983),(612,3246407834468,5984),(613,3246407834468,5991),(614,3246407834468,5992),(615,3246407875270,5873),(616,3246407875270,5874),(617,3246407875270,5881),(618,3246407875270,5882),(619,3246407875270,5883),(620,3246407875270,5884),(621,3246407875270,5885),(622,3246407875270,5890),(623,3246407875270,5891),(624,3246407875270,5892),(625,3246407875270,5893),(626,3246407875270,5894),(627,3246407875270,5899),(628,3246407875270,5900),(629,3246407875270,5901),(630,3246407875270,5902),(631,3246407875270,5903),(632,3246407875270,5909),(633,3246407875270,5910),(634,3246407875270,5911),(635,3246407913570,1231),(636,3246407913570,1232),(637,3246407913570,1239),(638,3246407913570,1240),(639,3246407913570,1241),(640,3246407913570,1248),(641,3246407913570,1250),(642,3246408703990,7867),(643,3246408703990,7869),(644,3246408703990,7875),(645,3246408703990,7876),(646,3246408703990,7877),(647,3246408703990,7878),(648,3246408703990,7879),(649,3246408703990,7880),(650,3246408703990,7885),(651,3246408703990,7886),(652,3246408703990,7887),(653,3246408703990,7888),(654,3246408703990,7889),(655,3246408703990,7896),(656,3246408703990,7897),(657,3246408703990,7898),(658,3246408703990,7899),(659,3246408703990,7900),(660,3246408703990,7906),(661,3246408703990,7907),(662,3246408703990,7908),(663,3246408703990,7909),(664,3246408703990,7910),(665,3246408730974,7776),(666,3246408730974,7777),(667,3246408730974,7778),(668,3246408730974,7786),(669,3246408730974,7787),(670,3246408730974,7788),(671,3246408730974,7796),(672,3246408730974,7797),(673,3246408730974,7798),(674,3246408764790,7679),(675,3246408764790,7680),(676,3246408764790,7681),(677,3246408764790,7682),(678,3246408764790,7688),(679,3246408764790,7689),(680,3246408764790,7690),(681,3246408764790,7691),(682,3246408764790,7692),(683,3246408764790,7697),(684,3246408764790,7698),(685,3246408764790,7699),(686,3246408764790,7700),(687,3246408764790,7701),(688,3246408875670,7543),(689,3246408875670,7544),(690,3246408875670,7553),(691,3246408875670,7554),(692,3246408875670,7563),(693,3246408875670,7564),(694,3246408875670,7566),(695,3246408875670,7567),(696,3246408875670,7568),(697,3246408875670,7569),(698,3246408875670,7573),(699,3246408875670,7574),(700,3246408875670,7575),(701,3246408875670,7576),(702,3246408875670,7577),(703,3246408875670,7578),(704,3246408875670,7579),(705,3246408875670,7580),(706,3246408875670,7581),(707,3246408875670,7583),(708,3246408875670,7584),(709,3246408875670,7585),(710,3246408875670,7586),(711,3246408875670,7587),(712,3246408875670,7588),(713,3246408875670,7589),(714,3246408875670,7590),(715,3246408875670,7591),(716,3246408875670,7593),(717,3246408875670,7594),(718,3246408875670,7595),(719,3246408875670,7596),(720,3246408875670,7597),(721,3246408875670,7598),(722,3246408875670,7599),(723,3246408875670,7600),(724,3246408875670,7601),(725,3246408875670,7603),(726,3246408875670,7604),(727,3246408875670,7605),(728,3246408875670,7606),(729,3246408875670,7607),(730,3246408875670,7608),(731,3246408875670,7609),(732,3246408875670,7610),(733,3246408875670,7611),(734,3246408875670,7613),(735,3246408875670,7614),(736,3246408875670,7615),(737,3246408875670,7616),(738,3246408875670,7617),(739,3246408875670,7618),(740,3246408875670,7619),(741,3246408875670,7620),(742,3246408875670,7621),(743,3246408875670,7623),(744,3246408875670,7624),(745,3246408875670,7625),(746,3246408875670,7626),(747,3246408875670,7627),(748,3246408875670,7628),(749,3246408875670,7629),(750,3246408875670,7630),(751,3246408875670,7631),(752,3246408875670,7633),(753,3246408875670,7634),(754,3246413625626,4819),(755,3246413625626,4820),(756,3246413625626,4821),(757,3246413625626,4822),(758,3246413625626,4829),(759,3246413625626,4830),(760,3246413625626,4831),(761,3246413625626,4832),(762,3246413625626,4839),(763,3246413625626,4840),(764,3246413625626,4841),(765,3246413625626,4842),(766,3246413625626,4850),(767,3246421745622,8922),(768,3246421745622,8923),(769,3246421745622,8924),(770,3246421745622,8925),(771,3246439916530,5437),(772,3246439916530,5438),(773,3246439916530,5439),(774,3246439916530,5441),(775,3246439916530,5442),(776,3246439916530,5443),(777,3246439916530,5444),(778,3246439916530,5447),(779,3246439916530,5448),(780,3246439916530,5453),(781,3246439916530,5454),(782,3246439916530,5457),(783,3246439916530,5458),(784,3246439916530,5463),(785,3246439916530,5464),(786,3246439916530,5467),(787,3246439916530,5468),(788,3246439916530,5473),(789,3246439916530,5474),(790,3246439916530,5477),(791,3246439916530,5478),(792,3246439916530,5479),(793,3246439916530,5483),(794,3246439916530,5484),(795,3246440214170,2536),(796,3246440214170,2537),(797,3246440214170,2538),(798,3246440214170,2539),(799,3246440214170,2540),(800,3246440214170,2541),(801,3246440214170,2542),(802,3246440214170,2543),(803,3246440214170,2544),(804,3246460324662,7407),(805,3246460324662,7408),(806,3246460324662,7409),(807,3246460324662,7410),(808,3246460647766,9018),(809,3246460647766,9019),(810,3246460647766,9020),(811,3246488229090,6886),(812,3246488229090,6887),(813,3246488229090,6888),(814,3246488229090,6889),(815,3246501913376,9223),(816,3246501913376,9224),(817,3246575917132,2700),(818,3246575917132,2701),(819,3246576334438,8101),(820,3246581148206,1447),(821,3246581148206,1448),(822,3246581148206,1458),(823,3246581148206,1459),(824,3246581148206,1469),(825,3246581148206,1470),(826,3246581148206,1480),(827,3246581148206,1481),(828,3246581148206,1491),(829,3246581148206,1492),(830,3246581148206,1502),(831,3246581148206,1503),(832,3246581148206,1513),(833,3246581148206,1514),(834,3246581148206,1524),(835,3246581148206,1525),(836,3246581148206,1535),(837,3246581148206,1536),(838,3246581148206,1546),(839,3246581148206,1547),(840,3246581148206,1557),(841,3246581148206,1558),(842,3246583261464,2626),(843,3246583261464,2636),(844,3246583261464,2646),(845,3246583261464,2656),(846,3246583261464,2666),(847,3246583261464,2667),(848,3246583261464,2668),(849,3246583261464,2669),(850,3246583261464,2676),(851,3246583261464,2677),(852,3246583261464,2678),(853,3246583261464,2679),(854,3246583261464,2681),(855,3246583261464,2686),(856,3246583261464,2687),(857,3246583261464,2696),(858,3246583261464,2697),(859,3246583261464,2706),(860,3246583261464,2707),(861,3246584884584,2627),(862,3246584884584,2628),(863,3246584884584,2629),(864,3246584884584,2637),(865,3246584884584,2638),(866,3246584884584,2639),(867,3246584884584,2640),(868,3246584884584,2647),(869,3246584884584,2648),(870,3246584884584,2649),(871,3246584884584,2657),(872,3246584884584,2658),(873,3246584884584,2659),(874,3246584884584,2689),(875,3246584884584,2699),(876,3246584884584,2709),(877,3246586092008,1272),(878,3246586092008,1273),(879,3246586092008,1274),(880,3246586092008,1275),(881,3246586092008,1276),(882,3246586092008,1277),(883,3246586092008,1278),(884,3246586092008,1279),(885,3246586092008,1280),(886,3246588921344,1084),(887,3246588921344,1085);

/*Table structure for table `schedule` */

DROP TABLE IF EXISTS `schedule`;

CREATE TABLE `schedule` (
  `schedule_id` int(11) NOT NULL AUTO_INCREMENT COMMENT '演出计划id',
  `studio_id` int(11) NOT NULL COMMENT '演出厅id',
  `movie_id` int(11) NOT NULL COMMENT '剧目id',
  `schedule_start_time` bigint(13) DEFAULT NULL COMMENT '演出计划开始时间',
  `schedule_end_time` bigint(13) DEFAULT NULL COMMENT '演出计划结束时间',
  `ticketPrice` double DEFAULT NULL COMMENT '票价',
  `schedule_status` int(1) DEFAULT NULL COMMENT '1 未放映；0 已放映',
  PRIMARY KEY (`schedule_id`)
) ENGINE=InnoDB AUTO_INCREMENT=150 DEFAULT CHARSET=utf8;

/*Data for the table `schedule` */

insert  into `schedule`(`schedule_id`,`studio_id`,`movie_id`,`schedule_start_time`,`schedule_end_time`,`ticketPrice`,`schedule_status`) values (55,30,177,1623459600350,1623466800350,35,1),(56,30,177,1623466800903,1623474000903,35,1),(57,30,177,1623477600320,1623484800320,35,1),(58,31,161,1623459600570,1623466800570,35,1),(59,31,161,1623466800595,1623474000595,35,1),(60,31,161,1623477600271,1623484800271,35,1),(61,32,251,1623459600574,1623466800574,34.5,1),(62,33,173,1623459600740,1623466800740,35.5,1),(63,34,206,1623459600233,1623466800233,34.5,1),(64,35,201,1623459600048,1623466800048,36,1),(65,30,177,1623373200367,1623380400367,36.5,1),(66,30,177,1623380400378,1623387600378,36.5,1),(73,30,177,1623286800861,1623294000861,36.5,1),(74,30,177,1623294000976,1623301200976,36.5,1),(76,30,177,1623200400995,1623207600995,36.5,1),(77,30,177,1623214800878,1623222000878,36.5,1),(78,30,177,1623114000141,1623121200141,36.5,1),(79,30,177,1623121200879,1623128400879,36.5,1),(80,30,177,1623034800356,1623042000356,36.5,1),(81,30,177,1622941200657,1622948400657,36.5,1),(82,30,177,1622854800595,1622862000595,36.5,1),(83,30,177,1622768400942,1622775600942,36.5,1),(84,30,177,1622682000121,1622689200121,36.5,1),(85,30,177,1622595600058,1622602800058,36.5,1),(86,30,177,1622509200394,1622516400394,36.5,1),(87,30,177,1622422800995,1622430000995,36.5,1),(88,30,177,1622336400077,1622343600077,36.5,1),(89,30,177,1622250000895,1622257200895,36.5,1),(90,30,177,1622163600214,1622170800214,36.5,1),(91,30,177,1622077200577,1622084400577,36.5,1),(92,30,177,1621990800149,1621998000149,36.5,1),(93,30,177,1621904400145,1621911600145,36.5,1),(94,30,177,1621818000622,1621825200622,36.5,1),(95,30,177,1621731600583,1621738800583,36.5,1),(96,30,177,1621645200290,1621652400290,36.5,1),(97,30,177,1621558800270,1621566000270,36.5,1),(98,30,177,1621472400232,1621479600232,36.5,1),(99,30,177,1621386000662,1621393200662,36.5,1),(100,30,177,1621299600837,1621306800837,36.5,1),(101,30,177,1621213200897,1621220400897,36.5,1),(102,30,177,1621126800001,1621134000001,36.5,1),(103,30,177,1621040400757,1621047600757,36.5,1),(104,30,177,1620954000247,1620961200247,36.5,1),(105,30,177,1620867600843,1620874800843,36.5,1),(106,30,177,1620781200936,1620788400937,36.5,1),(107,33,161,1623481200859,1623488400859,36,1),(110,31,161,1623286800603,1623294000603,36,1),(111,31,161,1623200400121,1623207600121,36,1),(112,31,161,1623114000963,1623121200963,36,1),(113,31,161,1623027600469,1623034800469,36,1),(114,31,161,1622941200931,1622948400931,36,1),(115,31,161,1622854800749,1622862000749,36,1),(116,31,161,1622768400381,1622775600381,36,1),(117,31,161,1622682000660,1622689200660,36,1),(118,31,161,1622595600577,1622602800577,36,1),(119,31,161,1622509200616,1622516400616,36,1),(120,31,161,1622422800637,1622430000637,36,1),(121,33,251,1623373200716,1623380400716,35,1),(122,33,251,1623286800646,1623294000646,35,1),(123,33,251,1623200400588,1623207600588,35,1),(124,33,251,1623114000521,1623121200521,35,1),(125,33,251,1623027600546,1623034800546,35,1),(126,33,251,1622941200322,1622948400322,35,1),(127,33,251,1622854800654,1622862000654,35,1),(128,33,251,1622768400212,1622775600212,35,1),(129,33,251,1622682000642,1622689200642,35,1),(130,33,251,1622595600555,1622602800555,35,1),(131,33,251,1622509200999,1622516400999,35,1),(132,33,251,1622422800345,1622430000345,35,1),(133,34,173,1623466800695,1623477600695,35,1),(134,34,173,1623380400784,1623391200784,35,1),(135,34,173,1623294000507,1623304800507,35,1),(136,34,173,1623207600463,1623218400463,35,1),(137,34,173,1623121200450,1623132000450,35,1),(138,34,173,1623034800382,1623045600382,35,1),(139,34,173,1622948400149,1622959200149,35,1),(140,34,173,1622862000402,1622872800402,35,1),(141,34,173,1622775600257,1622786400258,35,1),(142,34,173,1622689200294,1622700000294,35,1),(143,34,173,1622602800256,1622613600256,35,1),(144,34,173,1622516400066,1622527200066,35,1),(145,34,173,1622430000830,1622440800830,35,1),(146,30,236,1623168000775,1623175200775,50,1),(147,31,238,1623258000619,1623265200619,120,1),(148,33,301,1623168000197,1623175200197,60,0),(149,33,301,1623340800044,1623348000044,60,1);

/*Table structure for table `seat` */

DROP TABLE IF EXISTS `seat`;

CREATE TABLE `seat` (
  `seat_id` int(11) NOT NULL AUTO_INCREMENT COMMENT '座位id',
  `studio_id` int(2) NOT NULL COMMENT '座位所属影厅id',
  `seat_row` int(2) NOT NULL COMMENT '座位所在行',
  `seat_col` int(2) NOT NULL COMMENT '座位所在列',
  `seat_status` int(1) NOT NULL DEFAULT '1' COMMENT '1 启用；0 禁用',
  PRIMARY KEY (`seat_id`)
) ENGINE=InnoDB AUTO_INCREMENT=3330 DEFAULT CHARSET=utf8;

/*Data for the table `seat` */

insert  into `seat`(`seat_id`,`studio_id`,`seat_row`,`seat_col`,`seat_status`) values (2705,33,1,1,1),(2706,33,1,2,1),(2707,33,1,3,1),(2708,33,1,4,1),(2709,33,1,5,1),(2710,33,1,6,1),(2711,33,1,7,1),(2712,33,1,8,1),(2713,33,1,9,1),(2714,33,1,10,1),(2715,33,2,1,1),(2716,33,2,2,1),(2717,33,2,3,1),(2718,33,2,4,1),(2719,33,2,5,1),(2720,33,2,6,1),(2721,33,2,7,1),(2722,33,2,8,1),(2723,33,2,9,1),(2724,33,2,10,1),(2725,33,3,1,1),(2726,33,3,2,1),(2727,33,3,3,1),(2728,33,3,4,1),(2729,33,3,5,1),(2730,33,3,6,1),(2731,33,3,7,1),(2732,33,3,8,1),(2733,33,3,9,1),(2734,33,3,10,1),(2735,33,4,1,1),(2736,33,4,2,1),(2737,33,4,3,1),(2738,33,4,4,1),(2739,33,4,5,1),(2740,33,4,6,1),(2741,33,4,7,1),(2742,33,4,8,1),(2743,33,4,9,1),(2744,33,4,10,1),(2745,33,5,1,1),(2746,33,5,2,1),(2747,33,5,3,1),(2748,33,5,4,1),(2749,33,5,5,1),(2750,33,5,6,1),(2751,33,5,7,1),(2752,33,5,8,1),(2753,33,5,9,1),(2754,33,5,10,1),(2755,33,6,1,1),(2756,33,6,2,1),(2757,33,6,3,1),(2758,33,6,4,1),(2759,33,6,5,1),(2760,33,6,6,1),(2761,33,6,7,1),(2762,33,6,8,1),(2763,33,6,9,1),(2764,33,6,10,1),(2765,33,7,1,1),(2766,33,7,2,1),(2767,33,7,3,1),(2768,33,7,4,1),(2769,33,7,5,1),(2770,33,7,6,1),(2771,33,7,7,1),(2772,33,7,8,1),(2773,33,7,9,1),(2774,33,7,10,1),(2775,33,8,1,1),(2776,33,8,2,1),(2777,33,8,3,1),(2778,33,8,4,1),(2779,33,8,5,1),(2780,33,8,6,1),(2781,33,8,7,1),(2782,33,8,8,1),(2783,33,8,9,1),(2784,33,8,10,1),(2785,33,9,1,1),(2786,33,9,2,1),(2787,33,9,3,1),(2788,33,9,4,1),(2789,33,9,5,1),(2790,33,9,6,1),(2791,33,9,7,1),(2792,33,9,8,1),(2793,33,9,9,1),(2794,33,9,10,1),(2795,33,10,1,1),(2796,33,10,2,1),(2797,33,10,3,1),(2798,33,10,4,1),(2799,33,10,5,1),(2800,33,10,6,1),(2801,33,10,7,1),(2802,33,10,8,1),(2803,33,10,9,1),(2804,33,10,10,1),(2805,32,1,1,1),(2806,32,1,2,1),(2807,32,1,3,1),(2808,32,1,4,1),(2809,32,1,5,1),(2810,32,1,6,1),(2811,32,1,7,1),(2812,32,1,8,1),(2813,32,1,9,1),(2814,32,1,10,1),(2815,32,1,11,1),(2816,32,2,1,1),(2817,32,2,2,1),(2818,32,2,3,1),(2819,32,2,4,1),(2820,32,2,5,1),(2821,32,2,6,1),(2822,32,2,7,1),(2823,32,2,8,1),(2824,32,2,9,1),(2825,32,2,10,1),(2826,32,2,11,1),(2827,32,3,1,1),(2828,32,3,2,1),(2829,32,3,3,1),(2830,32,3,4,1),(2831,32,3,5,1),(2832,32,3,6,1),(2833,32,3,7,1),(2834,32,3,8,1),(2835,32,3,9,1),(2836,32,3,10,1),(2837,32,3,11,1),(2838,32,4,1,1),(2839,32,4,2,1),(2840,32,4,3,1),(2841,32,4,4,1),(2842,32,4,5,1),(2843,32,4,6,1),(2844,32,4,7,1),(2845,32,4,8,1),(2846,32,4,9,1),(2847,32,4,10,1),(2848,32,4,11,1),(2849,32,5,1,1),(2850,32,5,2,1),(2851,32,5,3,1),(2852,32,5,4,1),(2853,32,5,5,1),(2854,32,5,6,1),(2855,32,5,7,1),(2856,32,5,8,1),(2857,32,5,9,1),(2858,32,5,10,1),(2859,32,5,11,1),(2860,32,6,1,1),(2861,32,6,2,1),(2862,32,6,3,1),(2863,32,6,4,1),(2864,32,6,5,1),(2865,32,6,6,1),(2866,32,6,7,1),(2867,32,6,8,1),(2868,32,6,9,1),(2869,32,6,10,1),(2870,32,6,11,1),(2871,32,7,1,1),(2872,32,7,2,1),(2873,32,7,3,1),(2874,32,7,4,1),(2875,32,7,5,1),(2876,32,7,6,1),(2877,32,7,7,1),(2878,32,7,8,1),(2879,32,7,9,1),(2880,32,7,10,1),(2881,32,7,11,1),(2882,32,8,1,1),(2883,32,8,2,1),(2884,32,8,3,1),(2885,32,8,4,1),(2886,32,8,5,1),(2887,32,8,6,1),(2888,32,8,7,1),(2889,32,8,8,1),(2890,32,8,9,1),(2891,32,8,10,1),(2892,32,8,11,1),(2893,32,9,1,1),(2894,32,9,2,1),(2895,32,9,3,1),(2896,32,9,4,1),(2897,32,9,5,1),(2898,32,9,6,1),(2899,32,9,7,1),(2900,32,9,8,1),(2901,32,9,9,1),(2902,32,9,10,1),(2903,32,9,11,1),(2904,32,10,1,1),(2905,32,10,2,1),(2906,32,10,3,1),(2907,32,10,4,1),(2908,32,10,5,1),(2909,32,10,6,1),(2910,32,10,7,1),(2911,32,10,8,1),(2912,32,10,9,1),(2913,32,10,10,1),(2914,32,10,11,1),(2915,32,11,1,1),(2916,32,11,2,1),(2917,32,11,3,1),(2918,32,11,4,1),(2919,32,11,5,1),(2920,32,11,6,1),(2921,32,11,7,1),(2922,32,11,8,1),(2923,32,11,9,1),(2924,32,11,10,1),(2925,32,11,11,1),(2926,30,1,1,1),(2927,30,1,2,1),(2928,30,1,3,1),(2929,30,1,4,1),(2930,30,1,5,1),(2931,30,1,6,1),(2932,30,1,7,1),(2933,30,1,8,1),(2934,30,1,9,1),(2935,30,1,10,1),(2936,30,2,1,1),(2937,30,2,2,1),(2938,30,2,3,1),(2939,30,2,4,1),(2940,30,2,5,1),(2941,30,2,6,1),(2942,30,2,7,1),(2943,30,2,8,1),(2944,30,2,9,1),(2945,30,2,10,1),(2946,30,3,1,1),(2947,30,3,2,1),(2948,30,3,3,1),(2949,30,3,4,1),(2950,30,3,5,1),(2951,30,3,6,1),(2952,30,3,7,1),(2953,30,3,8,1),(2954,30,3,9,1),(2955,30,3,10,1),(2956,30,4,1,1),(2957,30,4,2,1),(2958,30,4,3,1),(2959,30,4,4,1),(2960,30,4,5,1),(2961,30,4,6,1),(2962,30,4,7,1),(2963,30,4,8,1),(2964,30,4,9,1),(2965,30,4,10,1),(2966,30,5,1,1),(2967,30,5,2,1),(2968,30,5,3,1),(2969,30,5,4,1),(2970,30,5,5,1),(2971,30,5,6,1),(2972,30,5,7,1),(2973,30,5,8,1),(2974,30,5,9,1),(2975,30,5,10,1),(2976,30,6,1,1),(2977,30,6,2,1),(2978,30,6,3,1),(2979,30,6,4,1),(2980,30,6,5,1),(2981,30,6,6,1),(2982,30,6,7,1),(2983,30,6,8,1),(2984,30,6,9,1),(2985,30,6,10,1),(2986,30,7,1,1),(2987,30,7,2,1),(2988,30,7,3,1),(2989,30,7,4,1),(2990,30,7,5,1),(2991,30,7,6,1),(2992,30,7,7,1),(2993,30,7,8,1),(2994,30,7,9,1),(2995,30,7,10,1),(2996,30,8,1,1),(2997,30,8,2,1),(2998,30,8,3,1),(2999,30,8,4,1),(3000,30,8,5,1),(3001,30,8,6,1),(3002,30,8,7,1),(3003,30,8,8,1),(3004,30,8,9,1),(3005,30,8,10,1),(3006,30,9,1,1),(3007,30,9,2,1),(3008,30,9,3,1),(3009,30,9,4,1),(3010,30,9,5,1),(3011,30,9,6,1),(3012,30,9,7,1),(3013,30,9,8,1),(3014,30,9,9,1),(3015,30,9,10,1),(3097,31,1,1,1),(3098,31,1,2,1),(3099,31,1,3,1),(3100,31,1,4,1),(3101,31,1,5,1),(3102,31,1,6,1),(3103,31,1,7,1),(3104,31,1,8,1),(3105,31,1,9,1),(3106,31,2,1,1),(3107,31,2,2,1),(3108,31,2,3,1),(3109,31,2,4,1),(3110,31,2,5,1),(3111,31,2,6,1),(3112,31,2,7,1),(3113,31,2,8,1),(3114,31,2,9,1),(3115,31,3,1,1),(3116,31,3,2,1),(3117,31,3,3,1),(3118,31,3,4,1),(3119,31,3,5,1),(3120,31,3,6,1),(3121,31,3,7,1),(3122,31,3,8,1),(3123,31,3,9,1),(3124,31,4,1,1),(3125,31,4,2,1),(3126,31,4,3,1),(3127,31,4,4,1),(3128,31,4,5,1),(3129,31,4,6,1),(3130,31,4,7,1),(3131,31,4,8,1),(3132,31,4,9,1),(3133,31,5,1,1),(3134,31,5,2,1),(3135,31,5,3,1),(3136,31,5,4,1),(3137,31,5,5,1),(3138,31,5,6,1),(3139,31,5,7,1),(3140,31,5,8,1),(3141,31,5,9,1),(3142,31,6,1,1),(3143,31,6,2,1),(3144,31,6,3,1),(3145,31,6,4,1),(3146,31,6,5,1),(3147,31,6,6,1),(3148,31,6,7,1),(3149,31,6,8,1),(3150,31,6,9,1),(3151,31,7,1,1),(3152,31,7,2,1),(3153,31,7,3,1),(3154,31,7,4,1),(3155,31,7,5,1),(3156,31,7,6,1),(3157,31,7,7,1),(3158,31,7,8,1),(3159,31,7,9,1),(3160,31,8,1,1),(3161,31,8,2,1),(3162,31,8,3,1),(3163,31,8,4,1),(3164,31,8,5,1),(3165,31,8,6,1),(3166,31,8,7,1),(3167,31,8,8,1),(3168,31,8,9,1),(3169,31,9,1,1),(3170,31,9,2,1),(3171,31,9,3,1),(3172,31,9,4,1),(3173,31,9,5,1),(3174,31,9,6,1),(3175,31,9,7,1),(3176,31,9,8,1),(3177,31,9,9,1),(3178,34,1,1,1),(3179,34,1,2,1),(3180,34,1,3,1),(3181,34,1,4,1),(3182,34,1,5,1),(3183,34,1,6,1),(3184,34,1,7,1),(3185,34,1,8,1),(3186,34,1,9,1),(3187,34,2,1,1),(3188,34,2,2,1),(3189,34,2,3,1),(3190,34,2,4,1),(3191,34,2,5,1),(3192,34,2,6,1),(3193,34,2,7,1),(3194,34,2,8,1),(3195,34,2,9,1),(3196,34,3,1,1),(3197,34,3,2,1),(3198,34,3,3,1),(3199,34,3,4,1),(3200,34,3,5,1),(3201,34,3,6,1),(3202,34,3,7,1),(3203,34,3,8,1),(3204,34,3,9,1),(3205,34,4,1,1),(3206,34,4,2,1),(3207,34,4,3,1),(3208,34,4,4,1),(3209,34,4,5,1),(3210,34,4,6,1),(3211,34,4,7,1),(3212,34,4,8,1),(3213,34,4,9,1),(3214,34,5,1,1),(3215,34,5,2,1),(3216,34,5,3,1),(3217,34,5,4,1),(3218,34,5,5,1),(3219,34,5,6,1),(3220,34,5,7,1),(3221,34,5,8,1),(3222,34,5,9,1),(3223,34,6,1,1),(3224,34,6,2,1),(3225,34,6,3,1),(3226,34,6,4,1),(3227,34,6,5,1),(3228,34,6,6,1),(3229,34,6,7,1),(3230,34,6,8,1),(3231,34,6,9,1),(3232,34,7,1,1),(3233,34,7,2,1),(3234,34,7,3,1),(3235,34,7,4,1),(3236,34,7,5,1),(3237,34,7,6,1),(3238,34,7,7,1),(3239,34,7,8,1),(3240,34,7,9,1),(3241,34,8,1,1),(3242,34,8,2,1),(3243,34,8,3,1),(3244,34,8,4,1),(3245,34,8,5,1),(3246,34,8,6,1),(3247,34,8,7,1),(3248,34,8,8,1),(3249,34,8,9,1),(3250,35,1,1,1),(3251,35,1,2,1),(3252,35,1,3,1),(3253,35,1,4,1),(3254,35,1,5,1),(3255,35,1,6,1),(3256,35,1,7,1),(3257,35,1,8,1),(3258,35,1,9,1),(3259,35,1,10,1),(3260,35,2,1,1),(3261,35,2,2,1),(3262,35,2,3,1),(3263,35,2,4,1),(3264,35,2,5,1),(3265,35,2,6,1),(3266,35,2,7,1),(3267,35,2,8,1),(3268,35,2,9,1),(3269,35,2,10,1),(3270,35,3,1,1),(3271,35,3,2,1),(3272,35,3,3,1),(3273,35,3,4,1),(3274,35,3,5,1),(3275,35,3,6,1),(3276,35,3,7,1),(3277,35,3,8,1),(3278,35,3,9,1),(3279,35,3,10,1),(3280,35,4,1,1),(3281,35,4,2,1),(3282,35,4,3,1),(3283,35,4,4,1),(3284,35,4,5,1),(3285,35,4,6,1),(3286,35,4,7,1),(3287,35,4,8,1),(3288,35,4,9,1),(3289,35,4,10,1),(3290,35,5,1,1),(3291,35,5,2,1),(3292,35,5,3,1),(3293,35,5,4,1),(3294,35,5,5,1),(3295,35,5,6,1),(3296,35,5,7,1),(3297,35,5,8,1),(3298,35,5,9,1),(3299,35,5,10,1),(3300,35,6,1,1),(3301,35,6,2,1),(3302,35,6,3,1),(3303,35,6,4,1),(3304,35,6,5,1),(3305,35,6,6,1),(3306,35,6,7,1),(3307,35,6,8,1),(3308,35,6,9,1),(3309,35,6,10,1),(3310,35,7,1,1),(3311,35,7,2,1),(3312,35,7,3,1),(3313,35,7,4,1),(3314,35,7,5,1),(3315,35,7,6,1),(3316,35,7,7,1),(3317,35,7,8,1),(3318,35,7,9,1),(3319,35,7,10,1),(3320,35,8,1,1),(3321,35,8,2,1),(3322,35,8,3,1),(3323,35,8,4,1),(3324,35,8,5,1),(3325,35,8,6,1),(3326,35,8,7,1),(3327,35,8,8,1),(3328,35,8,9,1),(3329,35,8,10,1);

/*Table structure for table `studio` */

DROP TABLE IF EXISTS `studio`;

CREATE TABLE `studio` (
  `studio_id` int(2) NOT NULL AUTO_INCREMENT COMMENT '演出厅id',
  `studio_name` char(15) NOT NULL COMMENT '演出厅名称',
  `studio_row_count` int(2) NOT NULL COMMENT '演出厅行数',
  `studio_col_count` int(2) NOT NULL COMMENT '演出厅列数',
  `studio_status` int(1) NOT NULL DEFAULT '1' COMMENT '1 启用；0 禁用',
  PRIMARY KEY (`studio_id`),
  UNIQUE KEY `studio_name` (`studio_name`)
) ENGINE=InnoDB AUTO_INCREMENT=36 DEFAULT CHARSET=utf8;

/*Data for the table `studio` */

insert  into `studio`(`studio_id`,`studio_name`,`studio_row_count`,`studio_col_count`,`studio_status`) values (30,'一号巨幕影厅',9,10,1),(31,'二号激光MAX厅',9,9,1),(32,'三号厅',11,11,1),(33,'四号激光厅',10,10,1),(34,'五号激光厅',8,9,1),(35,'六号激光厅',8,10,1);

/*Table structure for table `ticket` */

DROP TABLE IF EXISTS `ticket`;

CREATE TABLE `ticket` (
  `ticket_id` int(11) NOT NULL AUTO_INCREMENT COMMENT '影票id',
  `order_id` bigint(20) DEFAULT NULL COMMENT '购票订单id',
  `schedule_id` int(11) NOT NULL COMMENT '演出计划id',
  `seat_id` int(11) NOT NULL COMMENT '座位id',
  `ticket_status` int(1) DEFAULT '1' COMMENT '1暂未出售 2：线上购票 3：线下购票',
  PRIMARY KEY (`ticket_id`)
) ENGINE=InnoDB AUTO_INCREMENT=9250 DEFAULT CHARSET=utf8;

/*Data for the table `ticket` */

insert  into `ticket`(`ticket_id`,`order_id`,`schedule_id`,`seat_id`,`ticket_status`) values (930,NULL,55,2926,1),(931,NULL,55,2927,1),(932,NULL,55,2928,1),(933,NULL,55,2929,1),(934,NULL,55,2930,1),(935,NULL,55,2931,1),(936,NULL,55,2932,1),(937,NULL,55,2933,1),(938,NULL,55,2934,1),(939,NULL,55,2935,1),(940,NULL,55,2936,1),(941,NULL,55,2937,1),(942,NULL,55,2938,1),(943,NULL,55,2939,1),(944,NULL,55,2940,1),(945,NULL,55,2941,1),(946,NULL,55,2942,1),(947,NULL,55,2943,1),(948,NULL,55,2944,1),(949,NULL,55,2945,1),(950,NULL,55,2946,1),(951,NULL,55,2947,1),(952,NULL,55,2948,1),(953,NULL,55,2949,1),(954,NULL,55,2950,1),(955,NULL,55,2951,1),(956,NULL,55,2952,1),(957,NULL,55,2953,1),(958,NULL,55,2954,1),(959,NULL,55,2955,1),(960,NULL,55,2956,1),(961,NULL,55,2957,1),(962,NULL,55,2958,1),(963,NULL,55,2959,1),(964,NULL,55,2960,1),(965,NULL,55,2961,1),(966,NULL,55,2962,1),(967,NULL,55,2963,1),(968,NULL,55,2964,1),(969,NULL,55,2965,1),(970,NULL,55,2966,1),(971,NULL,55,2967,1),(972,NULL,55,2968,1),(973,NULL,55,2969,1),(974,NULL,55,2970,1),(975,NULL,55,2971,1),(976,NULL,55,2972,1),(977,NULL,55,2973,1),(978,NULL,55,2974,1),(979,NULL,55,2975,1),(980,NULL,55,2976,1),(981,NULL,55,2977,1),(982,NULL,55,2978,1),(983,NULL,55,2979,1),(984,NULL,55,2980,1),(985,NULL,55,2981,1),(986,NULL,55,2982,1),(987,NULL,55,2983,1),(988,NULL,55,2984,1),(989,NULL,55,2985,1),(990,NULL,55,2986,1),(991,NULL,55,2987,1),(992,NULL,55,2988,1),(993,NULL,55,2989,1),(994,NULL,55,2990,1),(995,NULL,55,2991,1),(996,NULL,55,2992,1),(997,NULL,55,2993,1),(998,NULL,55,2994,1),(999,NULL,55,2995,1),(1000,NULL,55,2996,1),(1001,NULL,55,2997,1),(1002,NULL,55,2998,1),(1003,NULL,55,2999,1),(1004,NULL,55,3000,1),(1005,NULL,55,3001,1),(1006,NULL,55,3002,1),(1007,NULL,55,3003,1),(1008,NULL,55,3004,1),(1009,NULL,55,3005,1),(1010,NULL,55,3006,1),(1011,NULL,55,3007,1),(1012,NULL,55,3008,1),(1013,NULL,55,3009,1),(1014,NULL,55,3010,1),(1015,NULL,55,3011,1),(1016,NULL,55,3012,1),(1017,NULL,55,3013,1),(1018,NULL,55,3014,1),(1019,NULL,55,3015,1),(1020,NULL,56,2926,1),(1021,NULL,56,2927,1),(1022,NULL,56,2928,1),(1023,NULL,56,2929,1),(1024,NULL,56,2930,1),(1025,NULL,56,2931,1),(1026,NULL,56,2932,1),(1027,NULL,56,2933,1),(1028,NULL,56,2934,1),(1029,NULL,56,2935,1),(1030,NULL,56,2936,1),(1031,NULL,56,2937,1),(1032,NULL,56,2938,1),(1033,NULL,56,2939,1),(1034,NULL,56,2940,1),(1035,NULL,56,2941,1),(1036,NULL,56,2942,1),(1037,NULL,56,2943,1),(1038,NULL,56,2944,1),(1039,NULL,56,2945,1),(1040,NULL,56,2946,1),(1041,NULL,56,2947,1),(1042,NULL,56,2948,1),(1043,NULL,56,2949,1),(1044,NULL,56,2950,1),(1045,NULL,56,2951,1),(1046,NULL,56,2952,1),(1047,NULL,56,2953,1),(1048,NULL,56,2954,1),(1049,NULL,56,2955,1),(1050,NULL,56,2956,1),(1051,NULL,56,2957,1),(1052,NULL,56,2958,1),(1053,NULL,56,2959,1),(1054,NULL,56,2960,1),(1055,NULL,56,2961,1),(1056,NULL,56,2962,1),(1057,NULL,56,2963,1),(1058,NULL,56,2964,1),(1059,NULL,56,2965,1),(1060,NULL,56,2966,1),(1061,NULL,56,2967,1),(1062,NULL,56,2968,1),(1063,NULL,56,2969,1),(1064,NULL,56,2970,1),(1065,NULL,56,2971,1),(1066,NULL,56,2972,1),(1067,NULL,56,2973,1),(1068,NULL,56,2974,1),(1069,NULL,56,2975,1),(1070,NULL,56,2976,1),(1071,NULL,56,2977,1),(1072,NULL,56,2978,1),(1073,NULL,56,2979,1),(1074,NULL,56,2980,1),(1075,NULL,56,2981,1),(1076,NULL,56,2982,1),(1077,NULL,56,2983,1),(1078,NULL,56,2984,1),(1079,NULL,56,2985,1),(1080,NULL,56,2986,1),(1081,NULL,56,2987,1),(1082,NULL,56,2988,1),(1083,NULL,56,2989,1),(1084,NULL,56,2990,3),(1085,NULL,56,2991,3),(1086,NULL,56,2992,1),(1087,NULL,56,2993,1),(1088,NULL,56,2994,1),(1089,NULL,56,2995,1),(1090,NULL,56,2996,1),(1091,NULL,56,2997,1),(1092,NULL,56,2998,1),(1093,NULL,56,2999,1),(1094,NULL,56,3000,1),(1095,NULL,56,3001,1),(1096,NULL,56,3002,1),(1097,NULL,56,3003,1),(1098,NULL,56,3004,1),(1099,NULL,56,3005,1),(1100,NULL,56,3006,1),(1101,NULL,56,3007,1),(1102,NULL,56,3008,1),(1103,NULL,56,3009,1),(1104,NULL,56,3010,1),(1105,NULL,56,3011,1),(1106,NULL,56,3012,1),(1107,NULL,56,3013,1),(1108,NULL,56,3014,1),(1109,NULL,56,3015,1),(1110,NULL,57,2926,1),(1111,NULL,57,2927,1),(1112,NULL,57,2928,1),(1113,NULL,57,2929,1),(1114,NULL,57,2930,1),(1115,NULL,57,2931,1),(1116,NULL,57,2932,1),(1117,NULL,57,2933,1),(1118,NULL,57,2934,1),(1119,NULL,57,2935,1),(1120,NULL,57,2936,1),(1121,NULL,57,2937,1),(1122,NULL,57,2938,1),(1123,NULL,57,2939,1),(1124,NULL,57,2940,1),(1125,NULL,57,2941,1),(1126,NULL,57,2942,1),(1127,NULL,57,2943,1),(1128,NULL,57,2944,1),(1129,NULL,57,2945,1),(1130,NULL,57,2946,1),(1131,NULL,57,2947,1),(1132,NULL,57,2948,1),(1133,NULL,57,2949,1),(1134,NULL,57,2950,1),(1135,NULL,57,2951,1),(1136,NULL,57,2952,1),(1137,NULL,57,2953,1),(1138,NULL,57,2954,1),(1139,NULL,57,2955,1),(1140,NULL,57,2956,1),(1141,NULL,57,2957,1),(1142,NULL,57,2958,1),(1143,NULL,57,2959,1),(1144,NULL,57,2960,1),(1145,NULL,57,2961,1),(1146,NULL,57,2962,1),(1147,NULL,57,2963,1),(1148,NULL,57,2964,1),(1149,NULL,57,2965,1),(1150,NULL,57,2966,1),(1151,NULL,57,2967,1),(1152,NULL,57,2968,1),(1153,NULL,57,2969,1),(1154,NULL,57,2970,1),(1155,NULL,57,2971,1),(1156,NULL,57,2972,1),(1157,NULL,57,2973,1),(1158,NULL,57,2974,1),(1159,NULL,57,2975,1),(1160,NULL,57,2976,1),(1161,NULL,57,2977,1),(1162,NULL,57,2978,1),(1163,NULL,57,2979,1),(1164,NULL,57,2980,1),(1165,NULL,57,2981,1),(1166,NULL,57,2982,1),(1167,NULL,57,2983,1),(1168,NULL,57,2984,1),(1169,NULL,57,2985,1),(1170,NULL,57,2986,1),(1171,NULL,57,2987,1),(1172,NULL,57,2988,1),(1173,NULL,57,2989,1),(1174,NULL,57,2990,1),(1175,NULL,57,2991,1),(1176,NULL,57,2992,1),(1177,NULL,57,2993,1),(1178,NULL,57,2994,1),(1179,NULL,57,2995,1),(1180,NULL,57,2996,1),(1181,NULL,57,2997,1),(1182,NULL,57,2998,1),(1183,NULL,57,2999,1),(1184,NULL,57,3000,1),(1185,NULL,57,3001,1),(1186,NULL,57,3002,1),(1187,NULL,57,3003,1),(1188,NULL,57,3004,1),(1189,NULL,57,3005,1),(1190,NULL,57,3006,1),(1191,NULL,57,3007,1),(1192,NULL,57,3008,1),(1193,NULL,57,3009,1),(1194,NULL,57,3010,1),(1195,NULL,57,3011,1),(1196,NULL,57,3012,1),(1197,NULL,57,3013,1),(1198,NULL,57,3014,1),(1199,NULL,57,3015,1),(1200,NULL,58,3097,1),(1201,NULL,58,3098,1),(1202,NULL,58,3099,1),(1203,NULL,58,3100,1),(1204,NULL,58,3101,1),(1205,NULL,58,3102,1),(1206,NULL,58,3103,1),(1207,NULL,58,3104,1),(1208,NULL,58,3105,1),(1209,NULL,58,3106,1),(1210,NULL,58,3107,1),(1211,NULL,58,3108,1),(1212,NULL,58,3109,1),(1213,NULL,58,3110,1),(1214,NULL,58,3111,1),(1215,NULL,58,3112,1),(1216,NULL,58,3113,1),(1217,NULL,58,3114,1),(1218,NULL,58,3115,1),(1219,NULL,58,3116,1),(1220,NULL,58,3117,1),(1221,NULL,58,3118,1),(1222,NULL,58,3119,1),(1223,NULL,58,3120,1),(1224,NULL,58,3121,1),(1225,NULL,58,3122,1),(1226,NULL,58,3123,1),(1227,NULL,58,3124,1),(1228,NULL,58,3125,1),(1229,NULL,58,3126,1),(1230,NULL,58,3127,1),(1231,NULL,58,3128,3),(1232,NULL,58,3129,3),(1233,NULL,58,3130,1),(1234,NULL,58,3131,1),(1235,NULL,58,3132,1),(1236,NULL,58,3133,1),(1237,NULL,58,3134,1),(1238,NULL,58,3135,1),(1239,NULL,58,3136,3),(1240,NULL,58,3137,3),(1241,NULL,58,3138,3),(1242,NULL,58,3139,1),(1243,NULL,58,3140,1),(1244,NULL,58,3141,1),(1245,NULL,58,3142,1),(1246,NULL,58,3143,1),(1247,NULL,58,3144,1),(1248,NULL,58,3145,3),(1249,NULL,58,3146,1),(1250,NULL,58,3147,3),(1251,NULL,58,3148,1),(1252,NULL,58,3149,1),(1253,NULL,58,3150,1),(1254,NULL,58,3151,1),(1255,NULL,58,3152,1),(1256,NULL,58,3153,1),(1257,NULL,58,3154,1),(1258,NULL,58,3155,1),(1259,NULL,58,3156,1),(1260,NULL,58,3157,1),(1261,NULL,58,3158,1),(1262,NULL,58,3159,1),(1263,NULL,58,3160,1),(1264,NULL,58,3161,1),(1265,NULL,58,3162,1),(1266,NULL,58,3163,1),(1267,NULL,58,3164,1),(1268,NULL,58,3165,1),(1269,NULL,58,3166,1),(1270,NULL,58,3167,1),(1271,NULL,58,3168,1),(1272,NULL,58,3169,3),(1273,NULL,58,3170,3),(1274,NULL,58,3171,3),(1275,NULL,58,3172,3),(1276,NULL,58,3173,3),(1277,NULL,58,3174,3),(1278,NULL,58,3175,3),(1279,NULL,58,3176,3),(1280,NULL,58,3177,3),(1281,NULL,59,3097,1),(1282,NULL,59,3098,1),(1283,NULL,59,3099,1),(1284,NULL,59,3100,1),(1285,NULL,59,3101,1),(1286,NULL,59,3102,1),(1287,NULL,59,3103,1),(1288,NULL,59,3104,1),(1289,NULL,59,3105,1),(1290,NULL,59,3106,1),(1291,NULL,59,3107,1),(1292,NULL,59,3108,1),(1293,NULL,59,3109,1),(1294,NULL,59,3110,1),(1295,NULL,59,3111,1),(1296,NULL,59,3112,1),(1297,NULL,59,3113,1),(1298,NULL,59,3114,1),(1299,NULL,59,3115,1),(1300,NULL,59,3116,1),(1301,NULL,59,3117,1),(1302,NULL,59,3118,1),(1303,NULL,59,3119,1),(1304,NULL,59,3120,1),(1305,NULL,59,3121,1),(1306,NULL,59,3122,1),(1307,NULL,59,3123,1),(1308,NULL,59,3124,1),(1309,NULL,59,3125,1),(1310,NULL,59,3126,1),(1311,NULL,59,3127,1),(1312,NULL,59,3128,1),(1313,NULL,59,3129,1),(1314,NULL,59,3130,1),(1315,NULL,59,3131,1),(1316,NULL,59,3132,1),(1317,NULL,59,3133,1),(1318,NULL,59,3134,1),(1319,NULL,59,3135,1),(1320,NULL,59,3136,1),(1321,NULL,59,3137,1),(1322,NULL,59,3138,1),(1323,NULL,59,3139,1),(1324,NULL,59,3140,1),(1325,NULL,59,3141,1),(1326,NULL,59,3142,1),(1327,NULL,59,3143,1),(1328,NULL,59,3144,1),(1329,NULL,59,3145,1),(1330,NULL,59,3146,1),(1331,NULL,59,3147,1),(1332,NULL,59,3148,1),(1333,NULL,59,3149,1),(1334,NULL,59,3150,1),(1335,NULL,59,3151,1),(1336,NULL,59,3152,1),(1337,NULL,59,3153,1),(1338,NULL,59,3154,1),(1339,NULL,59,3155,1),(1340,NULL,59,3156,1),(1341,NULL,59,3157,1),(1342,NULL,59,3158,1),(1343,NULL,59,3159,1),(1344,NULL,59,3160,1),(1345,NULL,59,3161,1),(1346,NULL,59,3162,1),(1347,NULL,59,3163,1),(1348,NULL,59,3164,1),(1349,NULL,59,3165,1),(1350,NULL,59,3166,1),(1351,NULL,59,3167,1),(1352,NULL,59,3168,1),(1353,NULL,59,3169,1),(1354,NULL,59,3170,1),(1355,NULL,59,3171,1),(1356,NULL,59,3172,1),(1357,NULL,59,3173,1),(1358,NULL,59,3174,1),(1359,NULL,59,3175,1),(1360,NULL,59,3176,1),(1361,NULL,59,3177,1),(1362,NULL,60,3097,1),(1363,NULL,60,3098,1),(1364,NULL,60,3099,1),(1365,NULL,60,3100,1),(1366,NULL,60,3101,1),(1367,NULL,60,3102,1),(1368,NULL,60,3103,1),(1369,NULL,60,3104,1),(1370,NULL,60,3105,1),(1371,NULL,60,3106,1),(1372,NULL,60,3107,1),(1373,NULL,60,3108,1),(1374,NULL,60,3109,1),(1375,NULL,60,3110,1),(1376,NULL,60,3111,1),(1377,NULL,60,3112,1),(1378,NULL,60,3113,1),(1379,NULL,60,3114,1),(1380,NULL,60,3115,1),(1381,NULL,60,3116,1),(1382,NULL,60,3117,1),(1383,NULL,60,3118,1),(1384,NULL,60,3119,1),(1385,NULL,60,3120,1),(1386,NULL,60,3121,1),(1387,NULL,60,3122,1),(1388,NULL,60,3123,1),(1389,NULL,60,3124,1),(1390,NULL,60,3125,1),(1391,NULL,60,3126,1),(1392,NULL,60,3127,1),(1393,NULL,60,3128,1),(1394,NULL,60,3129,1),(1395,NULL,60,3130,1),(1396,NULL,60,3131,1),(1397,NULL,60,3132,1),(1398,NULL,60,3133,1),(1399,NULL,60,3134,1),(1400,NULL,60,3135,1),(1401,NULL,60,3136,1),(1402,NULL,60,3137,1),(1403,NULL,60,3138,1),(1404,NULL,60,3139,1),(1405,NULL,60,3140,1),(1406,NULL,60,3141,1),(1407,NULL,60,3142,1),(1408,NULL,60,3143,1),(1409,NULL,60,3144,1),(1410,NULL,60,3145,1),(1411,NULL,60,3146,1),(1412,NULL,60,3147,1),(1413,NULL,60,3148,1),(1414,NULL,60,3149,1),(1415,NULL,60,3150,1),(1416,NULL,60,3151,1),(1417,NULL,60,3152,1),(1418,NULL,60,3153,1),(1419,NULL,60,3154,1),(1420,NULL,60,3155,1),(1421,NULL,60,3156,1),(1422,NULL,60,3157,1),(1423,NULL,60,3158,1),(1424,NULL,60,3159,1),(1425,NULL,60,3160,1),(1426,NULL,60,3161,1),(1427,NULL,60,3162,1),(1428,NULL,60,3163,1),(1429,NULL,60,3164,1),(1430,NULL,60,3165,1),(1431,NULL,60,3166,1),(1432,NULL,60,3167,1),(1433,NULL,60,3168,1),(1434,NULL,60,3169,1),(1435,NULL,60,3170,1),(1436,NULL,60,3171,1),(1437,NULL,60,3172,1),(1438,NULL,60,3173,1),(1439,NULL,60,3174,1),(1440,NULL,60,3175,1),(1441,NULL,60,3176,1),(1442,NULL,60,3177,1),(1443,NULL,61,2805,1),(1444,NULL,61,2806,1),(1445,NULL,61,2807,1),(1446,NULL,61,2808,1),(1447,NULL,61,2809,1),(1448,NULL,61,2810,1),(1449,NULL,61,2811,1),(1450,NULL,61,2812,1),(1451,NULL,61,2813,1),(1452,NULL,61,2814,1),(1453,NULL,61,2815,1),(1454,NULL,61,2816,1),(1455,NULL,61,2817,1),(1456,NULL,61,2818,1),(1457,NULL,61,2819,1),(1458,NULL,61,2820,1),(1459,NULL,61,2821,1),(1460,NULL,61,2822,1),(1461,NULL,61,2823,1),(1462,NULL,61,2824,1),(1463,NULL,61,2825,1),(1464,NULL,61,2826,1),(1465,NULL,61,2827,1),(1466,NULL,61,2828,1),(1467,NULL,61,2829,1),(1468,NULL,61,2830,1),(1469,NULL,61,2831,1),(1470,NULL,61,2832,1),(1471,NULL,61,2833,1),(1472,NULL,61,2834,1),(1473,NULL,61,2835,1),(1474,NULL,61,2836,1),(1475,NULL,61,2837,1),(1476,NULL,61,2838,1),(1477,NULL,61,2839,1),(1478,NULL,61,2840,1),(1479,NULL,61,2841,1),(1480,NULL,61,2842,1),(1481,NULL,61,2843,1),(1482,NULL,61,2844,1),(1483,NULL,61,2845,1),(1484,NULL,61,2846,1),(1485,NULL,61,2847,1),(1486,NULL,61,2848,1),(1487,NULL,61,2849,1),(1488,NULL,61,2850,1),(1489,NULL,61,2851,1),(1490,NULL,61,2852,1),(1491,NULL,61,2853,1),(1492,NULL,61,2854,1),(1493,NULL,61,2855,1),(1494,NULL,61,2856,1),(1495,NULL,61,2857,1),(1496,NULL,61,2858,1),(1497,NULL,61,2859,1),(1498,NULL,61,2860,1),(1499,NULL,61,2861,1),(1500,NULL,61,2862,1),(1501,NULL,61,2863,1),(1502,NULL,61,2864,1),(1503,NULL,61,2865,1),(1504,NULL,61,2866,1),(1505,NULL,61,2867,1),(1506,NULL,61,2868,1),(1507,NULL,61,2869,1),(1508,NULL,61,2870,1),(1509,NULL,61,2871,1),(1510,NULL,61,2872,1),(1511,NULL,61,2873,1),(1512,NULL,61,2874,1),(1513,NULL,61,2875,1),(1514,NULL,61,2876,1),(1515,NULL,61,2877,1),(1516,NULL,61,2878,1),(1517,NULL,61,2879,1),(1518,NULL,61,2880,1),(1519,NULL,61,2881,1),(1520,NULL,61,2882,1),(1521,NULL,61,2883,1),(1522,NULL,61,2884,1),(1523,NULL,61,2885,1),(1524,NULL,61,2886,1),(1525,NULL,61,2887,1),(1526,NULL,61,2888,1),(1527,NULL,61,2889,1),(1528,NULL,61,2890,1),(1529,NULL,61,2891,1),(1530,NULL,61,2892,1),(1531,NULL,61,2893,1),(1532,NULL,61,2894,1),(1533,NULL,61,2895,1),(1534,NULL,61,2896,1),(1535,NULL,61,2897,1),(1536,NULL,61,2898,1),(1537,NULL,61,2899,1),(1538,NULL,61,2900,1),(1539,NULL,61,2901,1),(1540,NULL,61,2902,1),(1541,NULL,61,2903,1),(1542,NULL,61,2904,1),(1543,NULL,61,2905,1),(1544,NULL,61,2906,1),(1545,NULL,61,2907,1),(1546,NULL,61,2908,1),(1547,NULL,61,2909,1),(1548,NULL,61,2910,1),(1549,NULL,61,2911,1),(1550,NULL,61,2912,1),(1551,NULL,61,2913,1),(1552,NULL,61,2914,1),(1553,NULL,61,2915,1),(1554,NULL,61,2916,1),(1555,NULL,61,2917,1),(1556,NULL,61,2918,1),(1557,NULL,61,2919,1),(1558,NULL,61,2920,1),(1559,NULL,61,2921,1),(1560,NULL,61,2922,1),(1561,NULL,61,2923,1),(1562,NULL,61,2924,1),(1563,NULL,61,2925,1),(1564,NULL,62,2705,1),(1565,NULL,62,2706,1),(1566,NULL,62,2707,1),(1567,NULL,62,2708,1),(1568,NULL,62,2709,1),(1569,NULL,62,2710,1),(1570,NULL,62,2711,1),(1571,NULL,62,2712,1),(1572,NULL,62,2713,1),(1573,NULL,62,2714,1),(1574,NULL,62,2715,1),(1575,NULL,62,2716,1),(1576,NULL,62,2717,1),(1577,NULL,62,2718,1),(1578,NULL,62,2719,1),(1579,NULL,62,2720,1),(1580,NULL,62,2721,1),(1581,NULL,62,2722,1),(1582,NULL,62,2723,1),(1583,NULL,62,2724,1),(1584,NULL,62,2725,1),(1585,NULL,62,2726,1),(1586,NULL,62,2727,1),(1587,NULL,62,2728,1),(1588,NULL,62,2729,1),(1589,NULL,62,2730,1),(1590,NULL,62,2731,1),(1591,NULL,62,2732,1),(1592,NULL,62,2733,1),(1593,NULL,62,2734,1),(1594,NULL,62,2735,1),(1595,NULL,62,2736,1),(1596,NULL,62,2737,1),(1597,NULL,62,2738,1),(1598,NULL,62,2739,1),(1599,NULL,62,2740,1),(1600,NULL,62,2741,1),(1601,NULL,62,2742,1),(1602,NULL,62,2743,1),(1603,NULL,62,2744,1),(1604,NULL,62,2745,1),(1605,NULL,62,2746,1),(1606,NULL,62,2747,1),(1607,NULL,62,2748,1),(1608,NULL,62,2749,1),(1609,NULL,62,2750,1),(1610,NULL,62,2751,1),(1611,NULL,62,2752,1),(1612,NULL,62,2753,1),(1613,NULL,62,2754,1),(1614,NULL,62,2755,1),(1615,NULL,62,2756,1),(1616,NULL,62,2757,1),(1617,NULL,62,2758,1),(1618,NULL,62,2759,1),(1619,NULL,62,2760,1),(1620,NULL,62,2761,1),(1621,NULL,62,2762,1),(1622,NULL,62,2763,1),(1623,NULL,62,2764,1),(1624,NULL,62,2765,1),(1625,NULL,62,2766,1),(1626,NULL,62,2767,1),(1627,NULL,62,2768,1),(1628,NULL,62,2769,1),(1629,NULL,62,2770,1),(1630,NULL,62,2771,1),(1631,NULL,62,2772,1),(1632,NULL,62,2773,1),(1633,NULL,62,2774,1),(1634,NULL,62,2775,1),(1635,NULL,62,2776,1),(1636,NULL,62,2777,1),(1637,NULL,62,2778,1),(1638,NULL,62,2779,1),(1639,NULL,62,2780,1),(1640,NULL,62,2781,1),(1641,NULL,62,2782,1),(1642,NULL,62,2783,1),(1643,NULL,62,2784,1),(1644,NULL,62,2785,1),(1645,NULL,62,2786,1),(1646,NULL,62,2787,1),(1647,NULL,62,2788,1),(1648,NULL,62,2789,1),(1649,NULL,62,2790,1),(1650,NULL,62,2791,1),(1651,NULL,62,2792,1),(1652,NULL,62,2793,1),(1653,NULL,62,2794,1),(1654,NULL,62,2795,1),(1655,NULL,62,2796,1),(1656,NULL,62,2797,1),(1657,NULL,62,2798,1),(1658,NULL,62,2799,1),(1659,NULL,62,2800,1),(1660,NULL,62,2801,1),(1661,NULL,62,2802,1),(1662,NULL,62,2803,1),(1663,NULL,62,2804,1),(1664,NULL,63,3178,1),(1665,NULL,63,3179,1),(1666,NULL,63,3180,1),(1667,NULL,63,3181,1),(1668,NULL,63,3182,1),(1669,NULL,63,3183,1),(1670,NULL,63,3184,1),(1671,NULL,63,3185,1),(1672,NULL,63,3186,1),(1673,NULL,63,3187,1),(1674,NULL,63,3188,1),(1675,NULL,63,3189,1),(1676,NULL,63,3190,1),(1677,NULL,63,3191,1),(1678,NULL,63,3192,1),(1679,NULL,63,3193,1),(1680,NULL,63,3194,1),(1681,NULL,63,3195,1),(1682,NULL,63,3196,1),(1683,NULL,63,3197,1),(1684,NULL,63,3198,1),(1685,NULL,63,3199,1),(1686,NULL,63,3200,1),(1687,NULL,63,3201,1),(1688,NULL,63,3202,1),(1689,NULL,63,3203,1),(1690,NULL,63,3204,1),(1691,NULL,63,3205,1),(1692,NULL,63,3206,1),(1693,NULL,63,3207,1),(1694,NULL,63,3208,1),(1695,NULL,63,3209,1),(1696,NULL,63,3210,1),(1697,NULL,63,3211,1),(1698,NULL,63,3212,1),(1699,NULL,63,3213,1),(1700,NULL,63,3214,1),(1701,NULL,63,3215,1),(1702,NULL,63,3216,1),(1703,NULL,63,3217,1),(1704,NULL,63,3218,1),(1705,NULL,63,3219,1),(1706,NULL,63,3220,1),(1707,NULL,63,3221,1),(1708,NULL,63,3222,1),(1709,NULL,63,3223,1),(1710,NULL,63,3224,1),(1711,NULL,63,3225,1),(1712,NULL,63,3226,1),(1713,NULL,63,3227,1),(1714,NULL,63,3228,1),(1715,NULL,63,3229,1),(1716,NULL,63,3230,1),(1717,NULL,63,3231,1),(1718,NULL,63,3232,1),(1719,NULL,63,3233,1),(1720,NULL,63,3234,1),(1721,NULL,63,3235,1),(1722,NULL,63,3236,1),(1723,NULL,63,3237,1),(1724,NULL,63,3238,1),(1725,NULL,63,3239,1),(1726,NULL,63,3240,1),(1727,NULL,63,3241,1),(1728,NULL,63,3242,1),(1729,NULL,63,3243,1),(1730,NULL,63,3244,1),(1731,NULL,63,3245,1),(1732,NULL,63,3246,1),(1733,NULL,63,3247,1),(1734,NULL,63,3248,1),(1735,NULL,63,3249,1),(1736,NULL,64,3250,1),(1737,NULL,64,3251,1),(1738,NULL,64,3252,1),(1739,NULL,64,3253,1),(1740,NULL,64,3254,1),(1741,NULL,64,3255,1),(1742,NULL,64,3256,1),(1743,NULL,64,3257,1),(1744,NULL,64,3258,1),(1745,NULL,64,3259,1),(1746,NULL,64,3260,1),(1747,NULL,64,3261,1),(1748,NULL,64,3262,1),(1749,NULL,64,3263,1),(1750,NULL,64,3264,1),(1751,NULL,64,3265,1),(1752,NULL,64,3266,1),(1753,NULL,64,3267,1),(1754,NULL,64,3268,1),(1755,NULL,64,3269,1),(1756,NULL,64,3270,1),(1757,NULL,64,3271,1),(1758,NULL,64,3272,1),(1759,NULL,64,3273,1),(1760,NULL,64,3274,1),(1761,NULL,64,3275,1),(1762,NULL,64,3276,1),(1763,NULL,64,3277,1),(1764,NULL,64,3278,1),(1765,NULL,64,3279,1),(1766,NULL,64,3280,1),(1767,NULL,64,3281,1),(1768,NULL,64,3282,1),(1769,NULL,64,3283,1),(1770,NULL,64,3284,1),(1771,NULL,64,3285,1),(1772,NULL,64,3286,1),(1773,NULL,64,3287,1),(1774,NULL,64,3288,1),(1775,NULL,64,3289,1),(1776,NULL,64,3290,1),(1777,NULL,64,3291,1),(1778,NULL,64,3292,1),(1779,NULL,64,3293,1),(1780,NULL,64,3294,1),(1781,NULL,64,3295,1),(1782,NULL,64,3296,1),(1783,NULL,64,3297,1),(1784,NULL,64,3298,1),(1785,NULL,64,3299,1),(1786,NULL,64,3300,1),(1787,NULL,64,3301,1),(1788,NULL,64,3302,1),(1789,NULL,64,3303,1),(1790,NULL,64,3304,1),(1791,NULL,64,3305,1),(1792,NULL,64,3306,1),(1793,NULL,64,3307,1),(1794,NULL,64,3308,1),(1795,NULL,64,3309,1),(1796,NULL,64,3310,1),(1797,NULL,64,3311,1),(1798,NULL,64,3312,1),(1799,NULL,64,3313,1),(1800,NULL,64,3314,1),(1801,NULL,64,3315,1),(1802,NULL,64,3316,1),(1803,NULL,64,3317,1),(1804,NULL,64,3318,1),(1805,NULL,64,3319,1),(1806,NULL,64,3320,1),(1807,NULL,64,3321,1),(1808,NULL,64,3322,1),(1809,NULL,64,3323,1),(1810,NULL,64,3324,1),(1811,NULL,64,3325,1),(1812,NULL,64,3326,1),(1813,NULL,64,3327,1),(1814,NULL,64,3328,1),(1815,NULL,64,3329,1),(1816,NULL,65,2926,1),(1817,NULL,65,2927,1),(1818,NULL,65,2928,1),(1819,NULL,65,2929,1),(1820,NULL,65,2930,1),(1821,NULL,65,2931,1),(1822,NULL,65,2932,1),(1823,NULL,65,2933,1),(1824,NULL,65,2934,1),(1825,NULL,65,2935,1),(1826,NULL,65,2936,1),(1827,NULL,65,2937,1),(1828,NULL,65,2938,1),(1829,NULL,65,2939,1),(1830,NULL,65,2940,1),(1831,NULL,65,2941,1),(1832,NULL,65,2942,1),(1833,NULL,65,2943,1),(1834,NULL,65,2944,1),(1835,NULL,65,2945,1),(1836,NULL,65,2946,1),(1837,NULL,65,2947,1),(1838,NULL,65,2948,1),(1839,NULL,65,2949,1),(1840,NULL,65,2950,1),(1841,NULL,65,2951,1),(1842,NULL,65,2952,1),(1843,NULL,65,2953,1),(1844,NULL,65,2954,1),(1845,NULL,65,2955,1),(1846,NULL,65,2956,1),(1847,NULL,65,2957,1),(1848,NULL,65,2958,1),(1849,NULL,65,2959,1),(1850,NULL,65,2960,1),(1851,NULL,65,2961,1),(1852,NULL,65,2962,1),(1853,NULL,65,2963,1),(1854,NULL,65,2964,1),(1855,NULL,65,2965,1),(1856,NULL,65,2966,1),(1857,NULL,65,2967,1),(1858,NULL,65,2968,1),(1859,NULL,65,2969,1),(1860,NULL,65,2970,1),(1861,NULL,65,2971,1),(1862,NULL,65,2972,1),(1863,NULL,65,2973,1),(1864,NULL,65,2974,1),(1865,NULL,65,2975,1),(1866,NULL,65,2976,1),(1867,NULL,65,2977,1),(1868,NULL,65,2978,1),(1869,NULL,65,2979,1),(1870,NULL,65,2980,1),(1871,NULL,65,2981,1),(1872,NULL,65,2982,1),(1873,NULL,65,2983,1),(1874,NULL,65,2984,1),(1875,NULL,65,2985,1),(1876,NULL,65,2986,1),(1877,NULL,65,2987,1),(1878,NULL,65,2988,1),(1879,NULL,65,2989,1),(1880,NULL,65,2990,1),(1881,NULL,65,2991,1),(1882,NULL,65,2992,1),(1883,NULL,65,2993,1),(1884,NULL,65,2994,1),(1885,NULL,65,2995,1),(1886,NULL,65,2996,1),(1887,NULL,65,2997,1),(1888,NULL,65,2998,1),(1889,NULL,65,2999,1),(1890,NULL,65,3000,1),(1891,NULL,65,3001,1),(1892,NULL,65,3002,1),(1893,NULL,65,3003,1),(1894,NULL,65,3004,1),(1895,NULL,65,3005,1),(1896,NULL,65,3006,1),(1897,NULL,65,3007,1),(1898,NULL,65,3008,1),(1899,NULL,65,3009,1),(1900,NULL,65,3010,1),(1901,NULL,65,3011,1),(1902,NULL,65,3012,1),(1903,NULL,65,3013,1),(1904,NULL,65,3014,1),(1905,NULL,65,3015,1),(1906,NULL,66,2926,1),(1907,NULL,66,2927,1),(1908,NULL,66,2928,1),(1909,NULL,66,2929,1),(1910,NULL,66,2930,1),(1911,NULL,66,2931,1),(1912,NULL,66,2932,1),(1913,NULL,66,2933,1),(1914,NULL,66,2934,1),(1915,NULL,66,2935,1),(1916,NULL,66,2936,1),(1917,NULL,66,2937,1),(1918,NULL,66,2938,1),(1919,NULL,66,2939,1),(1920,NULL,66,2940,1),(1921,NULL,66,2941,1),(1922,NULL,66,2942,1),(1923,NULL,66,2943,1),(1924,NULL,66,2944,1),(1925,NULL,66,2945,1),(1926,NULL,66,2946,1),(1927,NULL,66,2947,1),(1928,NULL,66,2948,1),(1929,NULL,66,2949,1),(1930,NULL,66,2950,1),(1931,NULL,66,2951,1),(1932,NULL,66,2952,1),(1933,NULL,66,2953,1),(1934,NULL,66,2954,1),(1935,NULL,66,2955,1),(1936,NULL,66,2956,1),(1937,NULL,66,2957,1),(1938,NULL,66,2958,1),(1939,NULL,66,2959,1),(1940,NULL,66,2960,1),(1941,NULL,66,2961,1),(1942,NULL,66,2962,1),(1943,NULL,66,2963,1),(1944,NULL,66,2964,1),(1945,NULL,66,2965,1),(1946,NULL,66,2966,1),(1947,NULL,66,2967,1),(1948,NULL,66,2968,1),(1949,NULL,66,2969,1),(1950,NULL,66,2970,1),(1951,NULL,66,2971,1),(1952,NULL,66,2972,1),(1953,NULL,66,2973,1),(1954,NULL,66,2974,1),(1955,NULL,66,2975,1),(1956,NULL,66,2976,1),(1957,NULL,66,2977,1),(1958,NULL,66,2978,1),(1959,NULL,66,2979,1),(1960,NULL,66,2980,1),(1961,NULL,66,2981,1),(1962,NULL,66,2982,1),(1963,NULL,66,2983,1),(1964,NULL,66,2984,1),(1965,NULL,66,2985,1),(1966,NULL,66,2986,1),(1967,NULL,66,2987,1),(1968,NULL,66,2988,1),(1969,NULL,66,2989,1),(1970,NULL,66,2990,1),(1971,NULL,66,2991,1),(1972,NULL,66,2992,1),(1973,NULL,66,2993,1),(1974,NULL,66,2994,1),(1975,NULL,66,2995,1),(1976,NULL,66,2996,1),(1977,NULL,66,2997,1),(1978,NULL,66,2998,1),(1979,NULL,66,2999,1),(1980,NULL,66,3000,1),(1981,NULL,66,3001,1),(1982,NULL,66,3002,1),(1983,NULL,66,3003,1),(1984,NULL,66,3004,1),(1985,NULL,66,3005,1),(1986,NULL,66,3006,1),(1987,NULL,66,3007,1),(1988,NULL,66,3008,1),(1989,NULL,66,3009,1),(1990,NULL,66,3010,1),(1991,NULL,66,3011,1),(1992,NULL,66,3012,1),(1993,NULL,66,3013,1),(1994,NULL,66,3014,1),(1995,NULL,66,3015,1),(1996,NULL,67,2926,1),(1997,NULL,67,2927,1),(1998,NULL,67,2928,1),(1999,NULL,67,2929,1),(2000,NULL,67,2930,1),(2001,NULL,67,2931,1),(2002,NULL,67,2932,1),(2003,NULL,67,2933,1),(2004,NULL,67,2934,1),(2005,NULL,67,2935,1),(2006,NULL,67,2936,1),(2007,NULL,67,2937,1),(2008,NULL,67,2938,1),(2009,NULL,67,2939,1),(2010,NULL,67,2940,1),(2011,NULL,67,2941,1),(2012,NULL,67,2942,1),(2013,NULL,67,2943,1),(2014,NULL,67,2944,1),(2015,NULL,67,2945,1),(2016,NULL,67,2946,1),(2017,NULL,67,2947,1),(2018,NULL,67,2948,1),(2019,NULL,67,2949,1),(2020,NULL,67,2950,1),(2021,NULL,67,2951,1),(2022,NULL,67,2952,1),(2023,NULL,67,2953,1),(2024,NULL,67,2954,1),(2025,NULL,67,2955,1),(2026,NULL,67,2956,1),(2027,NULL,67,2957,1),(2028,NULL,67,2958,1),(2029,NULL,67,2959,1),(2030,NULL,67,2960,1),(2031,NULL,67,2961,1),(2032,NULL,67,2962,1),(2033,NULL,67,2963,1),(2034,NULL,67,2964,1),(2035,NULL,67,2965,1),(2036,NULL,67,2966,1),(2037,NULL,67,2967,1),(2038,NULL,67,2968,1),(2039,NULL,67,2969,1),(2040,NULL,67,2970,1),(2041,NULL,67,2971,1),(2042,NULL,67,2972,1),(2043,NULL,67,2973,1),(2044,NULL,67,2974,1),(2045,NULL,67,2975,1),(2046,NULL,67,2976,1),(2047,NULL,67,2977,1),(2048,NULL,67,2978,1),(2049,NULL,67,2979,1),(2050,NULL,67,2980,1),(2051,NULL,67,2981,1),(2052,NULL,67,2982,1),(2053,NULL,67,2983,1),(2054,NULL,67,2984,1),(2055,NULL,67,2985,1),(2056,NULL,67,2986,1),(2057,NULL,67,2987,1),(2058,NULL,67,2988,1),(2059,NULL,67,2989,1),(2060,NULL,67,2990,1),(2061,NULL,67,2991,1),(2062,NULL,67,2992,1),(2063,NULL,67,2993,1),(2064,NULL,67,2994,1),(2065,NULL,67,2995,1),(2066,NULL,67,2996,1),(2067,NULL,67,2997,1),(2068,NULL,67,2998,1),(2069,NULL,67,2999,1),(2070,NULL,67,3000,1),(2071,NULL,67,3001,1),(2072,NULL,67,3002,1),(2073,NULL,67,3003,1),(2074,NULL,67,3004,1),(2075,NULL,67,3005,1),(2076,NULL,67,3006,1),(2077,NULL,67,3007,1),(2078,NULL,67,3008,1),(2079,NULL,67,3009,1),(2080,NULL,67,3010,1),(2081,NULL,67,3011,1),(2082,NULL,67,3012,1),(2083,NULL,67,3013,1),(2084,NULL,67,3014,1),(2085,NULL,67,3015,1),(2086,NULL,68,2926,1),(2087,NULL,68,2927,1),(2088,NULL,68,2928,1),(2089,NULL,68,2929,1),(2090,NULL,68,2930,1),(2091,NULL,68,2931,1),(2092,NULL,68,2932,1),(2093,NULL,68,2933,1),(2094,NULL,68,2934,1),(2095,NULL,68,2935,1),(2096,NULL,68,2936,1),(2097,NULL,68,2937,1),(2098,NULL,68,2938,1),(2099,NULL,68,2939,1),(2100,NULL,68,2940,1),(2101,NULL,68,2941,1),(2102,NULL,68,2942,1),(2103,NULL,68,2943,1),(2104,NULL,68,2944,1),(2105,NULL,68,2945,1),(2106,NULL,68,2946,1),(2107,NULL,68,2947,1),(2108,NULL,68,2948,1),(2109,NULL,68,2949,1),(2110,NULL,68,2950,1),(2111,NULL,68,2951,1),(2112,NULL,68,2952,1),(2113,NULL,68,2953,1),(2114,NULL,68,2954,1),(2115,NULL,68,2955,1),(2116,NULL,68,2956,1),(2117,NULL,68,2957,1),(2118,NULL,68,2958,1),(2119,NULL,68,2959,1),(2120,NULL,68,2960,1),(2121,NULL,68,2961,1),(2122,NULL,68,2962,1),(2123,NULL,68,2963,1),(2124,NULL,68,2964,1),(2125,NULL,68,2965,1),(2126,NULL,68,2966,1),(2127,NULL,68,2967,1),(2128,NULL,68,2968,1),(2129,NULL,68,2969,1),(2130,NULL,68,2970,1),(2131,NULL,68,2971,1),(2132,NULL,68,2972,1),(2133,NULL,68,2973,1),(2134,NULL,68,2974,1),(2135,NULL,68,2975,1),(2136,NULL,68,2976,1),(2137,NULL,68,2977,1),(2138,NULL,68,2978,1),(2139,NULL,68,2979,1),(2140,NULL,68,2980,1),(2141,NULL,68,2981,1),(2142,NULL,68,2982,1),(2143,NULL,68,2983,1),(2144,NULL,68,2984,1),(2145,NULL,68,2985,1),(2146,NULL,68,2986,1),(2147,NULL,68,2987,1),(2148,NULL,68,2988,1),(2149,NULL,68,2989,1),(2150,NULL,68,2990,1),(2151,NULL,68,2991,1),(2152,NULL,68,2992,1),(2153,NULL,68,2993,1),(2154,NULL,68,2994,1),(2155,NULL,68,2995,1),(2156,NULL,68,2996,1),(2157,NULL,68,2997,1),(2158,NULL,68,2998,1),(2159,NULL,68,2999,1),(2160,NULL,68,3000,1),(2161,NULL,68,3001,1),(2162,NULL,68,3002,1),(2163,NULL,68,3003,1),(2164,NULL,68,3004,1),(2165,NULL,68,3005,1),(2166,NULL,68,3006,1),(2167,NULL,68,3007,1),(2168,NULL,68,3008,1),(2169,NULL,68,3009,1),(2170,NULL,68,3010,1),(2171,NULL,68,3011,1),(2172,NULL,68,3012,1),(2173,NULL,68,3013,1),(2174,NULL,68,3014,1),(2175,NULL,68,3015,1),(2176,NULL,69,2926,1),(2177,NULL,69,2927,1),(2178,NULL,69,2928,1),(2179,NULL,69,2929,1),(2180,NULL,69,2930,1),(2181,NULL,69,2931,1),(2182,NULL,69,2932,1),(2183,NULL,69,2933,1),(2184,NULL,69,2934,1),(2185,NULL,69,2935,1),(2186,NULL,69,2936,1),(2187,NULL,69,2937,1),(2188,NULL,69,2938,1),(2189,NULL,69,2939,1),(2190,NULL,69,2940,1),(2191,NULL,69,2941,1),(2192,NULL,69,2942,1),(2193,NULL,69,2943,1),(2194,NULL,69,2944,1),(2195,NULL,69,2945,1),(2196,NULL,69,2946,1),(2197,NULL,69,2947,1),(2198,NULL,69,2948,1),(2199,NULL,69,2949,1),(2200,NULL,69,2950,1),(2201,NULL,69,2951,1),(2202,NULL,69,2952,1),(2203,NULL,69,2953,1),(2204,NULL,69,2954,1),(2205,NULL,69,2955,1),(2206,NULL,69,2956,1),(2207,NULL,69,2957,1),(2208,NULL,69,2958,1),(2209,NULL,69,2959,1),(2210,NULL,69,2960,1),(2211,NULL,69,2961,1),(2212,NULL,69,2962,1),(2213,NULL,69,2963,1),(2214,NULL,69,2964,1),(2215,NULL,69,2965,1),(2216,NULL,69,2966,1),(2217,NULL,69,2967,1),(2218,NULL,69,2968,1),(2219,NULL,69,2969,1),(2220,NULL,69,2970,1),(2221,NULL,69,2971,1),(2222,NULL,69,2972,1),(2223,NULL,69,2973,1),(2224,NULL,69,2974,1),(2225,NULL,69,2975,1),(2226,NULL,69,2976,1),(2227,NULL,69,2977,1),(2228,NULL,69,2978,1),(2229,NULL,69,2979,1),(2230,NULL,69,2980,1),(2231,NULL,69,2981,1),(2232,NULL,69,2982,1),(2233,NULL,69,2983,1),(2234,NULL,69,2984,1),(2235,NULL,69,2985,1),(2236,NULL,69,2986,1),(2237,NULL,69,2987,1),(2238,NULL,69,2988,1),(2239,NULL,69,2989,1),(2240,NULL,69,2990,1),(2241,NULL,69,2991,1),(2242,NULL,69,2992,1),(2243,NULL,69,2993,1),(2244,NULL,69,2994,1),(2245,NULL,69,2995,1),(2246,NULL,69,2996,1),(2247,NULL,69,2997,1),(2248,NULL,69,2998,1),(2249,NULL,69,2999,1),(2250,NULL,69,3000,1),(2251,NULL,69,3001,1),(2252,NULL,69,3002,1),(2253,NULL,69,3003,1),(2254,NULL,69,3004,1),(2255,NULL,69,3005,1),(2256,NULL,69,3006,1),(2257,NULL,69,3007,1),(2258,NULL,69,3008,1),(2259,NULL,69,3009,1),(2260,NULL,69,3010,1),(2261,NULL,69,3011,1),(2262,NULL,69,3012,1),(2263,NULL,69,3013,1),(2264,NULL,69,3014,1),(2265,NULL,69,3015,1),(2266,NULL,70,2926,1),(2267,NULL,70,2927,1),(2268,NULL,70,2928,1),(2269,NULL,70,2929,1),(2270,NULL,70,2930,1),(2271,NULL,70,2931,1),(2272,NULL,70,2932,1),(2273,NULL,70,2933,1),(2274,NULL,70,2934,1),(2275,NULL,70,2935,1),(2276,NULL,70,2936,1),(2277,NULL,70,2937,1),(2278,NULL,70,2938,1),(2279,NULL,70,2939,1),(2280,NULL,70,2940,1),(2281,NULL,70,2941,1),(2282,NULL,70,2942,1),(2283,NULL,70,2943,1),(2284,NULL,70,2944,1),(2285,NULL,70,2945,1),(2286,NULL,70,2946,1),(2287,NULL,70,2947,1),(2288,NULL,70,2948,1),(2289,NULL,70,2949,1),(2290,NULL,70,2950,1),(2291,NULL,70,2951,1),(2292,NULL,70,2952,1),(2293,NULL,70,2953,1),(2294,NULL,70,2954,1),(2295,NULL,70,2955,1),(2296,NULL,70,2956,1),(2297,NULL,70,2957,1),(2298,NULL,70,2958,1),(2299,NULL,70,2959,1),(2300,NULL,70,2960,1),(2301,NULL,70,2961,1),(2302,NULL,70,2962,1),(2303,NULL,70,2963,1),(2304,NULL,70,2964,1),(2305,NULL,70,2965,1),(2306,NULL,70,2966,1),(2307,NULL,70,2967,1),(2308,NULL,70,2968,1),(2309,NULL,70,2969,1),(2310,NULL,70,2970,1),(2311,NULL,70,2971,1),(2312,NULL,70,2972,1),(2313,NULL,70,2973,1),(2314,NULL,70,2974,1),(2315,NULL,70,2975,1),(2316,NULL,70,2976,1),(2317,NULL,70,2977,1),(2318,NULL,70,2978,1),(2319,NULL,70,2979,1),(2320,NULL,70,2980,1),(2321,NULL,70,2981,1),(2322,NULL,70,2982,1),(2323,NULL,70,2983,1),(2324,NULL,70,2984,1),(2325,NULL,70,2985,1),(2326,NULL,70,2986,1),(2327,NULL,70,2987,1),(2328,NULL,70,2988,1),(2329,NULL,70,2989,1),(2330,NULL,70,2990,1),(2331,NULL,70,2991,1),(2332,NULL,70,2992,1),(2333,NULL,70,2993,1),(2334,NULL,70,2994,1),(2335,NULL,70,2995,1),(2336,NULL,70,2996,1),(2337,NULL,70,2997,1),(2338,NULL,70,2998,1),(2339,NULL,70,2999,1),(2340,NULL,70,3000,1),(2341,NULL,70,3001,1),(2342,NULL,70,3002,1),(2343,NULL,70,3003,1),(2344,NULL,70,3004,1),(2345,NULL,70,3005,1),(2346,NULL,70,3006,1),(2347,NULL,70,3007,1),(2348,NULL,70,3008,1),(2349,NULL,70,3009,1),(2350,NULL,70,3010,1),(2351,NULL,70,3011,1),(2352,NULL,70,3012,1),(2353,NULL,70,3013,1),(2354,NULL,70,3014,1),(2355,NULL,70,3015,1),(2356,NULL,71,2926,1),(2357,NULL,71,2927,1),(2358,NULL,71,2928,1),(2359,NULL,71,2929,1),(2360,NULL,71,2930,1),(2361,NULL,71,2931,1),(2362,NULL,71,2932,1),(2363,NULL,71,2933,1),(2364,NULL,71,2934,1),(2365,NULL,71,2935,1),(2366,NULL,71,2936,1),(2367,NULL,71,2937,1),(2368,NULL,71,2938,1),(2369,NULL,71,2939,1),(2370,NULL,71,2940,1),(2371,NULL,71,2941,1),(2372,NULL,71,2942,1),(2373,NULL,71,2943,1),(2374,NULL,71,2944,1),(2375,NULL,71,2945,1),(2376,NULL,71,2946,1),(2377,NULL,71,2947,1),(2378,NULL,71,2948,1),(2379,NULL,71,2949,1),(2380,NULL,71,2950,1),(2381,NULL,71,2951,1),(2382,NULL,71,2952,1),(2383,NULL,71,2953,1),(2384,NULL,71,2954,1),(2385,NULL,71,2955,1),(2386,NULL,71,2956,1),(2387,NULL,71,2957,1),(2388,NULL,71,2958,1),(2389,NULL,71,2959,1),(2390,NULL,71,2960,1),(2391,NULL,71,2961,1),(2392,NULL,71,2962,1),(2393,NULL,71,2963,1),(2394,NULL,71,2964,1),(2395,NULL,71,2965,1),(2396,NULL,71,2966,1),(2397,NULL,71,2967,1),(2398,NULL,71,2968,1),(2399,NULL,71,2969,1),(2400,NULL,71,2970,1),(2401,NULL,71,2971,1),(2402,NULL,71,2972,1),(2403,NULL,71,2973,1),(2404,NULL,71,2974,1),(2405,NULL,71,2975,1),(2406,NULL,71,2976,1),(2407,NULL,71,2977,1),(2408,NULL,71,2978,1),(2409,NULL,71,2979,1),(2410,NULL,71,2980,1),(2411,NULL,71,2981,1),(2412,NULL,71,2982,1),(2413,NULL,71,2983,1),(2414,NULL,71,2984,1),(2415,NULL,71,2985,1),(2416,NULL,71,2986,1),(2417,NULL,71,2987,1),(2418,NULL,71,2988,1),(2419,NULL,71,2989,1),(2420,NULL,71,2990,1),(2421,NULL,71,2991,1),(2422,NULL,71,2992,1),(2423,NULL,71,2993,1),(2424,NULL,71,2994,1),(2425,NULL,71,2995,1),(2426,NULL,71,2996,1),(2427,NULL,71,2997,1),(2428,NULL,71,2998,1),(2429,NULL,71,2999,1),(2430,NULL,71,3000,1),(2431,NULL,71,3001,1),(2432,NULL,71,3002,1),(2433,NULL,71,3003,1),(2434,NULL,71,3004,1),(2435,NULL,71,3005,1),(2436,NULL,71,3006,1),(2437,NULL,71,3007,1),(2438,NULL,71,3008,1),(2439,NULL,71,3009,1),(2440,NULL,71,3010,1),(2441,NULL,71,3011,1),(2442,NULL,71,3012,1),(2443,NULL,71,3013,1),(2444,NULL,71,3014,1),(2445,NULL,71,3015,1),(2446,NULL,72,2926,1),(2447,NULL,72,2927,1),(2448,NULL,72,2928,1),(2449,NULL,72,2929,1),(2450,NULL,72,2930,1),(2451,NULL,72,2931,1),(2452,NULL,72,2932,1),(2453,NULL,72,2933,1),(2454,NULL,72,2934,1),(2455,NULL,72,2935,1),(2456,NULL,72,2936,1),(2457,NULL,72,2937,1),(2458,NULL,72,2938,1),(2459,NULL,72,2939,1),(2460,NULL,72,2940,1),(2461,NULL,72,2941,1),(2462,NULL,72,2942,1),(2463,NULL,72,2943,1),(2464,NULL,72,2944,1),(2465,NULL,72,2945,1),(2466,NULL,72,2946,1),(2467,NULL,72,2947,1),(2468,NULL,72,2948,1),(2469,NULL,72,2949,1),(2470,NULL,72,2950,1),(2471,NULL,72,2951,1),(2472,NULL,72,2952,1),(2473,NULL,72,2953,1),(2474,NULL,72,2954,1),(2475,NULL,72,2955,1),(2476,NULL,72,2956,1),(2477,NULL,72,2957,1),(2478,NULL,72,2958,1),(2479,NULL,72,2959,1),(2480,NULL,72,2960,1),(2481,NULL,72,2961,1),(2482,NULL,72,2962,1),(2483,NULL,72,2963,1),(2484,NULL,72,2964,1),(2485,NULL,72,2965,1),(2486,NULL,72,2966,1),(2487,NULL,72,2967,1),(2488,NULL,72,2968,1),(2489,NULL,72,2969,1),(2490,NULL,72,2970,1),(2491,NULL,72,2971,1),(2492,NULL,72,2972,1),(2493,NULL,72,2973,1),(2494,NULL,72,2974,1),(2495,NULL,72,2975,1),(2496,NULL,72,2976,1),(2497,NULL,72,2977,1),(2498,NULL,72,2978,1),(2499,NULL,72,2979,1),(2500,NULL,72,2980,1),(2501,NULL,72,2981,1),(2502,NULL,72,2982,1),(2503,NULL,72,2983,1),(2504,NULL,72,2984,1),(2505,NULL,72,2985,1),(2506,NULL,72,2986,1),(2507,NULL,72,2987,1),(2508,NULL,72,2988,1),(2509,NULL,72,2989,1),(2510,NULL,72,2990,1),(2511,NULL,72,2991,1),(2512,NULL,72,2992,1),(2513,NULL,72,2993,1),(2514,NULL,72,2994,1),(2515,NULL,72,2995,1),(2516,NULL,72,2996,1),(2517,NULL,72,2997,1),(2518,NULL,72,2998,1),(2519,NULL,72,2999,1),(2520,NULL,72,3000,1),(2521,NULL,72,3001,1),(2522,NULL,72,3002,1),(2523,NULL,72,3003,1),(2524,NULL,72,3004,1),(2525,NULL,72,3005,1),(2526,NULL,72,3006,1),(2527,NULL,72,3007,1),(2528,NULL,72,3008,1),(2529,NULL,72,3009,1),(2530,NULL,72,3010,1),(2531,NULL,72,3011,1),(2532,NULL,72,3012,1),(2533,NULL,72,3013,1),(2534,NULL,72,3014,1),(2535,NULL,72,3015,1),(2536,NULL,73,2926,1),(2537,NULL,73,2927,1),(2538,NULL,73,2928,1),(2539,NULL,73,2929,1),(2540,NULL,73,2930,1),(2541,NULL,73,2931,1),(2542,NULL,73,2932,1),(2543,NULL,73,2933,1),(2544,NULL,73,2934,1),(2545,NULL,73,2935,1),(2546,NULL,73,2936,1),(2547,NULL,73,2937,1),(2548,NULL,73,2938,1),(2549,NULL,73,2939,1),(2550,NULL,73,2940,1),(2551,NULL,73,2941,1),(2552,NULL,73,2942,1),(2553,NULL,73,2943,1),(2554,NULL,73,2944,1),(2555,NULL,73,2945,1),(2556,NULL,73,2946,1),(2557,NULL,73,2947,1),(2558,NULL,73,2948,1),(2559,NULL,73,2949,1),(2560,NULL,73,2950,1),(2561,NULL,73,2951,1),(2562,NULL,73,2952,1),(2563,NULL,73,2953,1),(2564,NULL,73,2954,1),(2565,NULL,73,2955,1),(2566,NULL,73,2956,1),(2567,NULL,73,2957,1),(2568,NULL,73,2958,1),(2569,NULL,73,2959,1),(2570,NULL,73,2960,1),(2571,NULL,73,2961,1),(2572,NULL,73,2962,1),(2573,NULL,73,2963,1),(2574,NULL,73,2964,1),(2575,NULL,73,2965,1),(2576,NULL,73,2966,1),(2577,NULL,73,2967,1),(2578,NULL,73,2968,1),(2579,NULL,73,2969,1),(2580,NULL,73,2970,1),(2581,NULL,73,2971,1),(2582,NULL,73,2972,1),(2583,NULL,73,2973,1),(2584,NULL,73,2974,1),(2585,NULL,73,2975,1),(2586,NULL,73,2976,1),(2587,NULL,73,2977,1),(2588,NULL,73,2978,1),(2589,NULL,73,2979,1),(2590,NULL,73,2980,1),(2591,NULL,73,2981,1),(2592,NULL,73,2982,1),(2593,NULL,73,2983,1),(2594,NULL,73,2984,1),(2595,NULL,73,2985,1),(2596,NULL,73,2986,1),(2597,NULL,73,2987,1),(2598,NULL,73,2988,1),(2599,NULL,73,2989,1),(2600,NULL,73,2990,1),(2601,NULL,73,2991,1),(2602,NULL,73,2992,1),(2603,NULL,73,2993,1),(2604,NULL,73,2994,1),(2605,NULL,73,2995,1),(2606,NULL,73,2996,1),(2607,NULL,73,2997,1),(2608,NULL,73,2998,1),(2609,NULL,73,2999,1),(2610,NULL,73,3000,1),(2611,NULL,73,3001,1),(2612,NULL,73,3002,1),(2613,NULL,73,3003,1),(2614,NULL,73,3004,1),(2615,NULL,73,3005,1),(2616,NULL,73,3006,1),(2617,NULL,73,3007,1),(2618,NULL,73,3008,1),(2619,NULL,73,3009,1),(2620,NULL,73,3010,1),(2621,NULL,73,3011,1),(2622,NULL,73,3012,1),(2623,NULL,73,3013,1),(2624,NULL,73,3014,1),(2625,NULL,73,3015,1),(2626,NULL,74,2926,3),(2627,NULL,74,2927,3),(2628,NULL,74,2928,3),(2629,NULL,74,2929,3),(2630,NULL,74,2930,1),(2631,NULL,74,2931,1),(2632,NULL,74,2932,1),(2633,NULL,74,2933,1),(2634,NULL,74,2934,1),(2635,NULL,74,2935,1),(2636,NULL,74,2936,3),(2637,NULL,74,2937,3),(2638,NULL,74,2938,3),(2639,NULL,74,2939,3),(2640,NULL,74,2940,3),(2641,NULL,74,2941,1),(2642,NULL,74,2942,1),(2643,NULL,74,2943,1),(2644,NULL,74,2944,1),(2645,NULL,74,2945,1),(2646,NULL,74,2946,3),(2647,NULL,74,2947,3),(2648,NULL,74,2948,3),(2649,NULL,74,2949,3),(2650,NULL,74,2950,1),(2651,NULL,74,2951,1),(2652,NULL,74,2952,1),(2653,NULL,74,2953,1),(2654,NULL,74,2954,1),(2655,NULL,74,2955,1),(2656,NULL,74,2956,3),(2657,NULL,74,2957,3),(2658,NULL,74,2958,3),(2659,NULL,74,2959,3),(2660,NULL,74,2960,1),(2661,NULL,74,2961,1),(2662,NULL,74,2962,1),(2663,NULL,74,2963,1),(2664,NULL,74,2964,1),(2665,NULL,74,2965,1),(2666,NULL,74,2966,3),(2667,NULL,74,2967,3),(2668,NULL,74,2968,3),(2669,NULL,74,2969,3),(2670,NULL,74,2970,1),(2671,NULL,74,2971,1),(2672,NULL,74,2972,1),(2673,NULL,74,2973,1),(2674,NULL,74,2974,1),(2675,NULL,74,2975,1),(2676,NULL,74,2976,3),(2677,NULL,74,2977,3),(2678,NULL,74,2978,3),(2679,NULL,74,2979,3),(2680,NULL,74,2980,1),(2681,NULL,74,2981,3),(2682,NULL,74,2982,1),(2683,NULL,74,2983,1),(2684,NULL,74,2984,1),(2685,NULL,74,2985,1),(2686,NULL,74,2986,3),(2687,NULL,74,2987,3),(2688,NULL,74,2988,1),(2689,NULL,74,2989,3),(2690,NULL,74,2990,1),(2691,NULL,74,2991,1),(2692,NULL,74,2992,1),(2693,NULL,74,2993,1),(2694,NULL,74,2994,1),(2695,NULL,74,2995,1),(2696,NULL,74,2996,3),(2697,NULL,74,2997,3),(2698,NULL,74,2998,1),(2699,NULL,74,2999,3),(2700,NULL,74,3000,3),(2701,NULL,74,3001,3),(2702,NULL,74,3002,1),(2703,NULL,74,3003,1),(2704,NULL,74,3004,1),(2705,NULL,74,3005,1),(2706,NULL,74,3006,3),(2707,NULL,74,3007,3),(2708,NULL,74,3008,1),(2709,NULL,74,3009,3),(2710,NULL,74,3010,1),(2711,NULL,74,3011,1),(2712,NULL,74,3012,1),(2713,NULL,74,3013,1),(2714,NULL,74,3014,1),(2715,NULL,74,3015,1),(2716,NULL,75,2926,1),(2717,NULL,75,2927,1),(2718,NULL,75,2928,1),(2719,NULL,75,2929,1),(2720,NULL,75,2930,1),(2721,NULL,75,2931,1),(2722,NULL,75,2932,1),(2723,NULL,75,2933,1),(2724,NULL,75,2934,1),(2725,NULL,75,2935,1),(2726,NULL,75,2936,1),(2727,NULL,75,2937,1),(2728,NULL,75,2938,1),(2729,NULL,75,2939,1),(2730,NULL,75,2940,1),(2731,NULL,75,2941,1),(2732,NULL,75,2942,1),(2733,NULL,75,2943,1),(2734,NULL,75,2944,1),(2735,NULL,75,2945,1),(2736,NULL,75,2946,1),(2737,NULL,75,2947,1),(2738,NULL,75,2948,1),(2739,NULL,75,2949,1),(2740,NULL,75,2950,1),(2741,NULL,75,2951,1),(2742,NULL,75,2952,1),(2743,NULL,75,2953,1),(2744,NULL,75,2954,1),(2745,NULL,75,2955,1),(2746,NULL,75,2956,1),(2747,NULL,75,2957,1),(2748,NULL,75,2958,1),(2749,NULL,75,2959,1),(2750,NULL,75,2960,1),(2751,NULL,75,2961,1),(2752,NULL,75,2962,1),(2753,NULL,75,2963,1),(2754,NULL,75,2964,1),(2755,NULL,75,2965,1),(2756,NULL,75,2966,1),(2757,NULL,75,2967,1),(2758,NULL,75,2968,1),(2759,NULL,75,2969,1),(2760,NULL,75,2970,1),(2761,NULL,75,2971,1),(2762,NULL,75,2972,1),(2763,NULL,75,2973,1),(2764,NULL,75,2974,1),(2765,NULL,75,2975,1),(2766,NULL,75,2976,1),(2767,NULL,75,2977,1),(2768,NULL,75,2978,1),(2769,NULL,75,2979,1),(2770,NULL,75,2980,1),(2771,NULL,75,2981,1),(2772,NULL,75,2982,1),(2773,NULL,75,2983,1),(2774,NULL,75,2984,1),(2775,NULL,75,2985,1),(2776,NULL,75,2986,1),(2777,NULL,75,2987,1),(2778,NULL,75,2988,1),(2779,NULL,75,2989,1),(2780,NULL,75,2990,1),(2781,NULL,75,2991,1),(2782,NULL,75,2992,1),(2783,NULL,75,2993,1),(2784,NULL,75,2994,1),(2785,NULL,75,2995,1),(2786,NULL,75,2996,1),(2787,NULL,75,2997,1),(2788,NULL,75,2998,1),(2789,NULL,75,2999,1),(2790,NULL,75,3000,1),(2791,NULL,75,3001,1),(2792,NULL,75,3002,1),(2793,NULL,75,3003,1),(2794,NULL,75,3004,1),(2795,NULL,75,3005,1),(2796,NULL,75,3006,1),(2797,NULL,75,3007,1),(2798,NULL,75,3008,1),(2799,NULL,75,3009,1),(2800,NULL,75,3010,1),(2801,NULL,75,3011,1),(2802,NULL,75,3012,1),(2803,NULL,75,3013,1),(2804,NULL,75,3014,1),(2805,NULL,75,3015,1),(2806,NULL,76,2926,1),(2807,NULL,76,2927,1),(2808,NULL,76,2928,1),(2809,NULL,76,2929,1),(2810,NULL,76,2930,1),(2811,NULL,76,2931,1),(2812,NULL,76,2932,1),(2813,NULL,76,2933,1),(2814,NULL,76,2934,1),(2815,NULL,76,2935,1),(2816,NULL,76,2936,1),(2817,NULL,76,2937,1),(2818,NULL,76,2938,1),(2819,NULL,76,2939,1),(2820,NULL,76,2940,1),(2821,NULL,76,2941,1),(2822,NULL,76,2942,1),(2823,NULL,76,2943,1),(2824,NULL,76,2944,1),(2825,NULL,76,2945,1),(2826,NULL,76,2946,1),(2827,NULL,76,2947,1),(2828,NULL,76,2948,1),(2829,NULL,76,2949,1),(2830,NULL,76,2950,1),(2831,NULL,76,2951,1),(2832,NULL,76,2952,1),(2833,NULL,76,2953,1),(2834,NULL,76,2954,1),(2835,NULL,76,2955,1),(2836,NULL,76,2956,1),(2837,NULL,76,2957,1),(2838,NULL,76,2958,1),(2839,NULL,76,2959,1),(2840,NULL,76,2960,1),(2841,NULL,76,2961,1),(2842,NULL,76,2962,1),(2843,NULL,76,2963,1),(2844,NULL,76,2964,1),(2845,NULL,76,2965,1),(2846,NULL,76,2966,1),(2847,NULL,76,2967,1),(2848,NULL,76,2968,1),(2849,NULL,76,2969,1),(2850,NULL,76,2970,1),(2851,NULL,76,2971,1),(2852,NULL,76,2972,1),(2853,NULL,76,2973,1),(2854,NULL,76,2974,1),(2855,NULL,76,2975,1),(2856,NULL,76,2976,1),(2857,NULL,76,2977,1),(2858,NULL,76,2978,1),(2859,NULL,76,2979,1),(2860,NULL,76,2980,1),(2861,NULL,76,2981,1),(2862,NULL,76,2982,1),(2863,NULL,76,2983,1),(2864,NULL,76,2984,1),(2865,NULL,76,2985,1),(2866,NULL,76,2986,1),(2867,NULL,76,2987,1),(2868,NULL,76,2988,1),(2869,NULL,76,2989,1),(2870,NULL,76,2990,1),(2871,NULL,76,2991,1),(2872,NULL,76,2992,1),(2873,NULL,76,2993,1),(2874,NULL,76,2994,1),(2875,NULL,76,2995,1),(2876,NULL,76,2996,1),(2877,NULL,76,2997,1),(2878,NULL,76,2998,1),(2879,NULL,76,2999,1),(2880,NULL,76,3000,1),(2881,NULL,76,3001,1),(2882,NULL,76,3002,1),(2883,NULL,76,3003,1),(2884,NULL,76,3004,1),(2885,NULL,76,3005,1),(2886,NULL,76,3006,1),(2887,NULL,76,3007,1),(2888,NULL,76,3008,1),(2889,NULL,76,3009,1),(2890,NULL,76,3010,1),(2891,NULL,76,3011,1),(2892,NULL,76,3012,1),(2893,NULL,76,3013,1),(2894,NULL,76,3014,1),(2895,NULL,76,3015,1),(2896,NULL,77,2926,1),(2897,NULL,77,2927,1),(2898,NULL,77,2928,1),(2899,NULL,77,2929,1),(2900,NULL,77,2930,1),(2901,NULL,77,2931,1),(2902,NULL,77,2932,1),(2903,NULL,77,2933,1),(2904,NULL,77,2934,1),(2905,NULL,77,2935,1),(2906,NULL,77,2936,1),(2907,NULL,77,2937,1),(2908,NULL,77,2938,1),(2909,NULL,77,2939,1),(2910,NULL,77,2940,1),(2911,NULL,77,2941,1),(2912,NULL,77,2942,1),(2913,NULL,77,2943,1),(2914,NULL,77,2944,1),(2915,NULL,77,2945,1),(2916,NULL,77,2946,1),(2917,NULL,77,2947,1),(2918,NULL,77,2948,1),(2919,NULL,77,2949,1),(2920,NULL,77,2950,1),(2921,NULL,77,2951,1),(2922,NULL,77,2952,1),(2923,NULL,77,2953,1),(2924,NULL,77,2954,1),(2925,NULL,77,2955,1),(2926,NULL,77,2956,1),(2927,NULL,77,2957,1),(2928,NULL,77,2958,1),(2929,NULL,77,2959,1),(2930,NULL,77,2960,1),(2931,NULL,77,2961,1),(2932,NULL,77,2962,1),(2933,NULL,77,2963,1),(2934,NULL,77,2964,1),(2935,NULL,77,2965,1),(2936,NULL,77,2966,1),(2937,NULL,77,2967,1),(2938,NULL,77,2968,1),(2939,NULL,77,2969,1),(2940,NULL,77,2970,1),(2941,NULL,77,2971,1),(2942,NULL,77,2972,1),(2943,NULL,77,2973,1),(2944,NULL,77,2974,1),(2945,NULL,77,2975,1),(2946,NULL,77,2976,1),(2947,NULL,77,2977,1),(2948,NULL,77,2978,1),(2949,NULL,77,2979,1),(2950,NULL,77,2980,1),(2951,NULL,77,2981,1),(2952,NULL,77,2982,1),(2953,NULL,77,2983,1),(2954,NULL,77,2984,1),(2955,NULL,77,2985,1),(2956,NULL,77,2986,1),(2957,NULL,77,2987,1),(2958,NULL,77,2988,1),(2959,NULL,77,2989,1),(2960,NULL,77,2990,1),(2961,NULL,77,2991,1),(2962,NULL,77,2992,1),(2963,NULL,77,2993,1),(2964,NULL,77,2994,1),(2965,NULL,77,2995,1),(2966,NULL,77,2996,1),(2967,NULL,77,2997,1),(2968,NULL,77,2998,1),(2969,NULL,77,2999,1),(2970,NULL,77,3000,1),(2971,NULL,77,3001,1),(2972,NULL,77,3002,1),(2973,NULL,77,3003,1),(2974,NULL,77,3004,1),(2975,NULL,77,3005,1),(2976,NULL,77,3006,1),(2977,NULL,77,3007,1),(2978,NULL,77,3008,1),(2979,NULL,77,3009,1),(2980,NULL,77,3010,1),(2981,NULL,77,3011,1),(2982,NULL,77,3012,1),(2983,NULL,77,3013,1),(2984,NULL,77,3014,1),(2985,NULL,77,3015,1),(2986,NULL,78,2926,1),(2987,NULL,78,2927,1),(2988,NULL,78,2928,1),(2989,NULL,78,2929,1),(2990,NULL,78,2930,1),(2991,NULL,78,2931,1),(2992,NULL,78,2932,1),(2993,NULL,78,2933,1),(2994,NULL,78,2934,1),(2995,NULL,78,2935,1),(2996,NULL,78,2936,1),(2997,NULL,78,2937,1),(2998,NULL,78,2938,1),(2999,NULL,78,2939,1),(3000,NULL,78,2940,1),(3001,NULL,78,2941,1),(3002,NULL,78,2942,1),(3003,NULL,78,2943,1),(3004,NULL,78,2944,1),(3005,NULL,78,2945,1),(3006,NULL,78,2946,1),(3007,NULL,78,2947,1),(3008,NULL,78,2948,1),(3009,NULL,78,2949,1),(3010,NULL,78,2950,1),(3011,NULL,78,2951,1),(3012,NULL,78,2952,1),(3013,NULL,78,2953,1),(3014,NULL,78,2954,1),(3015,NULL,78,2955,1),(3016,NULL,78,2956,1),(3017,NULL,78,2957,1),(3018,NULL,78,2958,1),(3019,NULL,78,2959,1),(3020,NULL,78,2960,1),(3021,NULL,78,2961,1),(3022,NULL,78,2962,1),(3023,NULL,78,2963,1),(3024,NULL,78,2964,1),(3025,NULL,78,2965,1),(3026,NULL,78,2966,1),(3027,NULL,78,2967,1),(3028,NULL,78,2968,1),(3029,NULL,78,2969,1),(3030,NULL,78,2970,1),(3031,NULL,78,2971,1),(3032,NULL,78,2972,1),(3033,NULL,78,2973,1),(3034,NULL,78,2974,1),(3035,NULL,78,2975,1),(3036,NULL,78,2976,1),(3037,NULL,78,2977,1),(3038,NULL,78,2978,1),(3039,NULL,78,2979,1),(3040,NULL,78,2980,1),(3041,NULL,78,2981,1),(3042,NULL,78,2982,1),(3043,NULL,78,2983,1),(3044,NULL,78,2984,1),(3045,NULL,78,2985,1),(3046,NULL,78,2986,1),(3047,NULL,78,2987,1),(3048,NULL,78,2988,1),(3049,NULL,78,2989,1),(3050,NULL,78,2990,1),(3051,NULL,78,2991,1),(3052,NULL,78,2992,1),(3053,NULL,78,2993,1),(3054,NULL,78,2994,1),(3055,NULL,78,2995,1),(3056,NULL,78,2996,1),(3057,NULL,78,2997,1),(3058,NULL,78,2998,1),(3059,NULL,78,2999,1),(3060,NULL,78,3000,1),(3061,NULL,78,3001,1),(3062,NULL,78,3002,1),(3063,NULL,78,3003,1),(3064,NULL,78,3004,1),(3065,NULL,78,3005,1),(3066,NULL,78,3006,1),(3067,NULL,78,3007,1),(3068,NULL,78,3008,1),(3069,NULL,78,3009,1),(3070,NULL,78,3010,1),(3071,NULL,78,3011,1),(3072,NULL,78,3012,1),(3073,NULL,78,3013,1),(3074,NULL,78,3014,1),(3075,NULL,78,3015,1),(3076,NULL,79,2926,1),(3077,NULL,79,2927,1),(3078,NULL,79,2928,1),(3079,NULL,79,2929,1),(3080,NULL,79,2930,1),(3081,NULL,79,2931,1),(3082,NULL,79,2932,1),(3083,NULL,79,2933,1),(3084,NULL,79,2934,1),(3085,NULL,79,2935,1),(3086,NULL,79,2936,1),(3087,NULL,79,2937,1),(3088,NULL,79,2938,1),(3089,NULL,79,2939,1),(3090,NULL,79,2940,1),(3091,NULL,79,2941,1),(3092,NULL,79,2942,1),(3093,NULL,79,2943,1),(3094,NULL,79,2944,1),(3095,NULL,79,2945,1),(3096,NULL,79,2946,1),(3097,NULL,79,2947,1),(3098,NULL,79,2948,1),(3099,NULL,79,2949,1),(3100,NULL,79,2950,1),(3101,NULL,79,2951,1),(3102,NULL,79,2952,1),(3103,NULL,79,2953,1),(3104,NULL,79,2954,1),(3105,NULL,79,2955,1),(3106,NULL,79,2956,1),(3107,NULL,79,2957,1),(3108,NULL,79,2958,1),(3109,NULL,79,2959,1),(3110,NULL,79,2960,1),(3111,NULL,79,2961,1),(3112,NULL,79,2962,1),(3113,NULL,79,2963,1),(3114,NULL,79,2964,1),(3115,NULL,79,2965,1),(3116,NULL,79,2966,1),(3117,NULL,79,2967,1),(3118,NULL,79,2968,1),(3119,NULL,79,2969,1),(3120,NULL,79,2970,1),(3121,NULL,79,2971,1),(3122,NULL,79,2972,1),(3123,NULL,79,2973,1),(3124,NULL,79,2974,1),(3125,NULL,79,2975,1),(3126,NULL,79,2976,1),(3127,NULL,79,2977,1),(3128,NULL,79,2978,1),(3129,NULL,79,2979,1),(3130,NULL,79,2980,1),(3131,NULL,79,2981,1),(3132,NULL,79,2982,1),(3133,NULL,79,2983,1),(3134,NULL,79,2984,1),(3135,NULL,79,2985,1),(3136,NULL,79,2986,1),(3137,NULL,79,2987,1),(3138,NULL,79,2988,1),(3139,NULL,79,2989,1),(3140,NULL,79,2990,1),(3141,NULL,79,2991,1),(3142,NULL,79,2992,1),(3143,NULL,79,2993,1),(3144,NULL,79,2994,1),(3145,NULL,79,2995,1),(3146,NULL,79,2996,1),(3147,NULL,79,2997,1),(3148,NULL,79,2998,1),(3149,NULL,79,2999,1),(3150,NULL,79,3000,1),(3151,NULL,79,3001,1),(3152,NULL,79,3002,1),(3153,NULL,79,3003,1),(3154,NULL,79,3004,1),(3155,NULL,79,3005,1),(3156,NULL,79,3006,1),(3157,NULL,79,3007,1),(3158,NULL,79,3008,1),(3159,NULL,79,3009,1),(3160,NULL,79,3010,1),(3161,NULL,79,3011,1),(3162,NULL,79,3012,1),(3163,NULL,79,3013,1),(3164,NULL,79,3014,1),(3165,NULL,79,3015,1),(3166,NULL,80,2926,1),(3167,NULL,80,2927,1),(3168,NULL,80,2928,1),(3169,NULL,80,2929,1),(3170,NULL,80,2930,1),(3171,NULL,80,2931,1),(3172,NULL,80,2932,1),(3173,NULL,80,2933,1),(3174,NULL,80,2934,1),(3175,NULL,80,2935,1),(3176,NULL,80,2936,1),(3177,NULL,80,2937,1),(3178,NULL,80,2938,1),(3179,NULL,80,2939,1),(3180,NULL,80,2940,1),(3181,NULL,80,2941,1),(3182,NULL,80,2942,1),(3183,NULL,80,2943,1),(3184,NULL,80,2944,1),(3185,NULL,80,2945,1),(3186,NULL,80,2946,1),(3187,NULL,80,2947,1),(3188,NULL,80,2948,1),(3189,NULL,80,2949,1),(3190,NULL,80,2950,1),(3191,NULL,80,2951,1),(3192,NULL,80,2952,1),(3193,NULL,80,2953,1),(3194,NULL,80,2954,1),(3195,NULL,80,2955,1),(3196,NULL,80,2956,1),(3197,NULL,80,2957,1),(3198,NULL,80,2958,1),(3199,NULL,80,2959,1),(3200,NULL,80,2960,1),(3201,NULL,80,2961,1),(3202,NULL,80,2962,1),(3203,NULL,80,2963,1),(3204,NULL,80,2964,1),(3205,NULL,80,2965,1),(3206,NULL,80,2966,1),(3207,NULL,80,2967,1),(3208,NULL,80,2968,1),(3209,NULL,80,2969,1),(3210,NULL,80,2970,1),(3211,NULL,80,2971,1),(3212,NULL,80,2972,1),(3213,NULL,80,2973,1),(3214,NULL,80,2974,1),(3215,NULL,80,2975,1),(3216,NULL,80,2976,1),(3217,NULL,80,2977,1),(3218,NULL,80,2978,1),(3219,NULL,80,2979,1),(3220,NULL,80,2980,1),(3221,NULL,80,2981,1),(3222,NULL,80,2982,1),(3223,NULL,80,2983,1),(3224,NULL,80,2984,1),(3225,NULL,80,2985,1),(3226,NULL,80,2986,1),(3227,NULL,80,2987,1),(3228,NULL,80,2988,1),(3229,NULL,80,2989,1),(3230,NULL,80,2990,1),(3231,NULL,80,2991,1),(3232,NULL,80,2992,1),(3233,NULL,80,2993,1),(3234,NULL,80,2994,1),(3235,NULL,80,2995,1),(3236,NULL,80,2996,1),(3237,NULL,80,2997,1),(3238,NULL,80,2998,1),(3239,NULL,80,2999,1),(3240,NULL,80,3000,1),(3241,NULL,80,3001,1),(3242,NULL,80,3002,1),(3243,NULL,80,3003,1),(3244,NULL,80,3004,1),(3245,NULL,80,3005,1),(3246,NULL,80,3006,1),(3247,NULL,80,3007,1),(3248,NULL,80,3008,1),(3249,NULL,80,3009,1),(3250,NULL,80,3010,1),(3251,NULL,80,3011,1),(3252,NULL,80,3012,1),(3253,NULL,80,3013,1),(3254,NULL,80,3014,1),(3255,NULL,80,3015,1),(3256,NULL,81,2926,1),(3257,NULL,81,2927,1),(3258,NULL,81,2928,1),(3259,NULL,81,2929,1),(3260,NULL,81,2930,1),(3261,NULL,81,2931,1),(3262,NULL,81,2932,1),(3263,NULL,81,2933,1),(3264,NULL,81,2934,1),(3265,NULL,81,2935,1),(3266,NULL,81,2936,1),(3267,NULL,81,2937,1),(3268,NULL,81,2938,1),(3269,NULL,81,2939,1),(3270,NULL,81,2940,1),(3271,NULL,81,2941,1),(3272,NULL,81,2942,1),(3273,NULL,81,2943,1),(3274,NULL,81,2944,1),(3275,NULL,81,2945,1),(3276,NULL,81,2946,1),(3277,NULL,81,2947,1),(3278,NULL,81,2948,1),(3279,NULL,81,2949,1),(3280,NULL,81,2950,1),(3281,NULL,81,2951,1),(3282,NULL,81,2952,1),(3283,NULL,81,2953,1),(3284,NULL,81,2954,1),(3285,NULL,81,2955,1),(3286,NULL,81,2956,1),(3287,NULL,81,2957,1),(3288,NULL,81,2958,1),(3289,NULL,81,2959,1),(3290,NULL,81,2960,1),(3291,NULL,81,2961,1),(3292,NULL,81,2962,1),(3293,NULL,81,2963,1),(3294,NULL,81,2964,1),(3295,NULL,81,2965,1),(3296,NULL,81,2966,1),(3297,NULL,81,2967,1),(3298,NULL,81,2968,1),(3299,NULL,81,2969,1),(3300,NULL,81,2970,1),(3301,NULL,81,2971,1),(3302,NULL,81,2972,1),(3303,NULL,81,2973,1),(3304,NULL,81,2974,1),(3305,NULL,81,2975,1),(3306,NULL,81,2976,1),(3307,NULL,81,2977,1),(3308,NULL,81,2978,1),(3309,NULL,81,2979,1),(3310,NULL,81,2980,1),(3311,NULL,81,2981,1),(3312,NULL,81,2982,1),(3313,NULL,81,2983,1),(3314,NULL,81,2984,1),(3315,NULL,81,2985,1),(3316,NULL,81,2986,1),(3317,NULL,81,2987,1),(3318,NULL,81,2988,1),(3319,NULL,81,2989,1),(3320,NULL,81,2990,1),(3321,NULL,81,2991,1),(3322,NULL,81,2992,1),(3323,NULL,81,2993,1),(3324,NULL,81,2994,1),(3325,NULL,81,2995,1),(3326,NULL,81,2996,1),(3327,NULL,81,2997,1),(3328,NULL,81,2998,1),(3329,NULL,81,2999,1),(3330,NULL,81,3000,1),(3331,NULL,81,3001,1),(3332,NULL,81,3002,1),(3333,NULL,81,3003,1),(3334,NULL,81,3004,1),(3335,NULL,81,3005,1),(3336,NULL,81,3006,1),(3337,NULL,81,3007,1),(3338,NULL,81,3008,1),(3339,NULL,81,3009,1),(3340,NULL,81,3010,1),(3341,NULL,81,3011,1),(3342,NULL,81,3012,1),(3343,NULL,81,3013,1),(3344,NULL,81,3014,1),(3345,NULL,81,3015,1),(3346,NULL,82,2926,1),(3347,NULL,82,2927,1),(3348,NULL,82,2928,1),(3349,NULL,82,2929,1),(3350,NULL,82,2930,1),(3351,NULL,82,2931,1),(3352,NULL,82,2932,1),(3353,NULL,82,2933,1),(3354,NULL,82,2934,1),(3355,NULL,82,2935,1),(3356,NULL,82,2936,1),(3357,NULL,82,2937,1),(3358,NULL,82,2938,1),(3359,NULL,82,2939,1),(3360,NULL,82,2940,1),(3361,NULL,82,2941,1),(3362,NULL,82,2942,1),(3363,NULL,82,2943,1),(3364,NULL,82,2944,1),(3365,NULL,82,2945,1),(3366,NULL,82,2946,1),(3367,NULL,82,2947,1),(3368,NULL,82,2948,1),(3369,NULL,82,2949,1),(3370,NULL,82,2950,1),(3371,NULL,82,2951,1),(3372,NULL,82,2952,1),(3373,NULL,82,2953,1),(3374,NULL,82,2954,1),(3375,NULL,82,2955,1),(3376,NULL,82,2956,1),(3377,NULL,82,2957,1),(3378,NULL,82,2958,1),(3379,NULL,82,2959,1),(3380,NULL,82,2960,1),(3381,NULL,82,2961,1),(3382,NULL,82,2962,1),(3383,NULL,82,2963,1),(3384,NULL,82,2964,1),(3385,NULL,82,2965,1),(3386,NULL,82,2966,1),(3387,NULL,82,2967,1),(3388,NULL,82,2968,1),(3389,NULL,82,2969,1),(3390,NULL,82,2970,1),(3391,NULL,82,2971,1),(3392,NULL,82,2972,1),(3393,NULL,82,2973,1),(3394,NULL,82,2974,1),(3395,NULL,82,2975,1),(3396,NULL,82,2976,1),(3397,NULL,82,2977,1),(3398,NULL,82,2978,1),(3399,NULL,82,2979,1),(3400,NULL,82,2980,1),(3401,NULL,82,2981,1),(3402,NULL,82,2982,1),(3403,NULL,82,2983,1),(3404,NULL,82,2984,1),(3405,NULL,82,2985,1),(3406,NULL,82,2986,1),(3407,NULL,82,2987,1),(3408,NULL,82,2988,1),(3409,NULL,82,2989,1),(3410,NULL,82,2990,1),(3411,NULL,82,2991,1),(3412,NULL,82,2992,1),(3413,NULL,82,2993,1),(3414,NULL,82,2994,1),(3415,NULL,82,2995,1),(3416,NULL,82,2996,1),(3417,NULL,82,2997,1),(3418,NULL,82,2998,1),(3419,NULL,82,2999,1),(3420,NULL,82,3000,1),(3421,NULL,82,3001,1),(3422,NULL,82,3002,1),(3423,NULL,82,3003,1),(3424,NULL,82,3004,1),(3425,NULL,82,3005,1),(3426,NULL,82,3006,1),(3427,NULL,82,3007,1),(3428,NULL,82,3008,1),(3429,NULL,82,3009,1),(3430,NULL,82,3010,1),(3431,NULL,82,3011,1),(3432,NULL,82,3012,1),(3433,NULL,82,3013,1),(3434,NULL,82,3014,1),(3435,NULL,82,3015,1),(3436,NULL,83,2926,1),(3437,NULL,83,2927,1),(3438,NULL,83,2928,1),(3439,NULL,83,2929,1),(3440,NULL,83,2930,1),(3441,NULL,83,2931,1),(3442,NULL,83,2932,1),(3443,NULL,83,2933,1),(3444,NULL,83,2934,1),(3445,NULL,83,2935,1),(3446,NULL,83,2936,1),(3447,NULL,83,2937,1),(3448,NULL,83,2938,1),(3449,NULL,83,2939,1),(3450,NULL,83,2940,1),(3451,NULL,83,2941,1),(3452,NULL,83,2942,1),(3453,NULL,83,2943,1),(3454,NULL,83,2944,1),(3455,NULL,83,2945,1),(3456,NULL,83,2946,1),(3457,NULL,83,2947,1),(3458,NULL,83,2948,1),(3459,NULL,83,2949,1),(3460,NULL,83,2950,1),(3461,NULL,83,2951,1),(3462,NULL,83,2952,1),(3463,NULL,83,2953,1),(3464,NULL,83,2954,1),(3465,NULL,83,2955,1),(3466,NULL,83,2956,1),(3467,NULL,83,2957,1),(3468,NULL,83,2958,1),(3469,NULL,83,2959,1),(3470,NULL,83,2960,1),(3471,NULL,83,2961,1),(3472,NULL,83,2962,1),(3473,NULL,83,2963,1),(3474,NULL,83,2964,1),(3475,NULL,83,2965,1),(3476,NULL,83,2966,1),(3477,NULL,83,2967,1),(3478,NULL,83,2968,1),(3479,NULL,83,2969,1),(3480,NULL,83,2970,1),(3481,NULL,83,2971,1),(3482,NULL,83,2972,1),(3483,NULL,83,2973,1),(3484,NULL,83,2974,1),(3485,NULL,83,2975,1),(3486,NULL,83,2976,1),(3487,NULL,83,2977,1),(3488,NULL,83,2978,1),(3489,NULL,83,2979,1),(3490,NULL,83,2980,1),(3491,NULL,83,2981,1),(3492,NULL,83,2982,1),(3493,NULL,83,2983,1),(3494,NULL,83,2984,1),(3495,NULL,83,2985,1),(3496,NULL,83,2986,1),(3497,NULL,83,2987,1),(3498,NULL,83,2988,1),(3499,NULL,83,2989,1),(3500,NULL,83,2990,1),(3501,NULL,83,2991,1),(3502,NULL,83,2992,1),(3503,NULL,83,2993,1),(3504,NULL,83,2994,1),(3505,NULL,83,2995,1),(3506,NULL,83,2996,1),(3507,NULL,83,2997,1),(3508,NULL,83,2998,1),(3509,NULL,83,2999,1),(3510,NULL,83,3000,1),(3511,NULL,83,3001,1),(3512,NULL,83,3002,1),(3513,NULL,83,3003,1),(3514,NULL,83,3004,1),(3515,NULL,83,3005,1),(3516,NULL,83,3006,1),(3517,NULL,83,3007,1),(3518,NULL,83,3008,1),(3519,NULL,83,3009,1),(3520,NULL,83,3010,1),(3521,NULL,83,3011,1),(3522,NULL,83,3012,1),(3523,NULL,83,3013,1),(3524,NULL,83,3014,1),(3525,NULL,83,3015,1),(3526,NULL,84,2926,1),(3527,NULL,84,2927,1),(3528,NULL,84,2928,1),(3529,NULL,84,2929,1),(3530,NULL,84,2930,1),(3531,NULL,84,2931,1),(3532,NULL,84,2932,1),(3533,NULL,84,2933,1),(3534,NULL,84,2934,1),(3535,NULL,84,2935,1),(3536,NULL,84,2936,1),(3537,NULL,84,2937,1),(3538,NULL,84,2938,1),(3539,NULL,84,2939,1),(3540,NULL,84,2940,1),(3541,NULL,84,2941,1),(3542,NULL,84,2942,1),(3543,NULL,84,2943,1),(3544,NULL,84,2944,1),(3545,NULL,84,2945,1),(3546,NULL,84,2946,1),(3547,NULL,84,2947,1),(3548,NULL,84,2948,1),(3549,NULL,84,2949,1),(3550,NULL,84,2950,1),(3551,NULL,84,2951,1),(3552,NULL,84,2952,1),(3553,NULL,84,2953,1),(3554,NULL,84,2954,1),(3555,NULL,84,2955,1),(3556,NULL,84,2956,1),(3557,NULL,84,2957,1),(3558,NULL,84,2958,1),(3559,NULL,84,2959,1),(3560,NULL,84,2960,1),(3561,NULL,84,2961,1),(3562,NULL,84,2962,1),(3563,NULL,84,2963,1),(3564,NULL,84,2964,1),(3565,NULL,84,2965,1),(3566,NULL,84,2966,1),(3567,NULL,84,2967,1),(3568,NULL,84,2968,1),(3569,NULL,84,2969,1),(3570,NULL,84,2970,1),(3571,NULL,84,2971,1),(3572,NULL,84,2972,1),(3573,NULL,84,2973,1),(3574,NULL,84,2974,1),(3575,NULL,84,2975,1),(3576,NULL,84,2976,1),(3577,NULL,84,2977,1),(3578,NULL,84,2978,1),(3579,NULL,84,2979,1),(3580,NULL,84,2980,1),(3581,NULL,84,2981,1),(3582,NULL,84,2982,1),(3583,NULL,84,2983,1),(3584,NULL,84,2984,1),(3585,NULL,84,2985,1),(3586,NULL,84,2986,1),(3587,NULL,84,2987,1),(3588,NULL,84,2988,1),(3589,NULL,84,2989,1),(3590,NULL,84,2990,1),(3591,NULL,84,2991,1),(3592,NULL,84,2992,1),(3593,NULL,84,2993,1),(3594,NULL,84,2994,1),(3595,NULL,84,2995,1),(3596,NULL,84,2996,1),(3597,NULL,84,2997,1),(3598,NULL,84,2998,1),(3599,NULL,84,2999,1),(3600,NULL,84,3000,1),(3601,NULL,84,3001,1),(3602,NULL,84,3002,1),(3603,NULL,84,3003,1),(3604,NULL,84,3004,1),(3605,NULL,84,3005,1),(3606,NULL,84,3006,1),(3607,NULL,84,3007,1),(3608,NULL,84,3008,1),(3609,NULL,84,3009,1),(3610,NULL,84,3010,1),(3611,NULL,84,3011,1),(3612,NULL,84,3012,1),(3613,NULL,84,3013,1),(3614,NULL,84,3014,1),(3615,NULL,84,3015,1),(3616,NULL,85,2926,1),(3617,NULL,85,2927,1),(3618,NULL,85,2928,1),(3619,NULL,85,2929,1),(3620,NULL,85,2930,1),(3621,NULL,85,2931,1),(3622,NULL,85,2932,1),(3623,NULL,85,2933,1),(3624,NULL,85,2934,1),(3625,NULL,85,2935,1),(3626,NULL,85,2936,1),(3627,NULL,85,2937,1),(3628,NULL,85,2938,1),(3629,NULL,85,2939,1),(3630,NULL,85,2940,1),(3631,NULL,85,2941,1),(3632,NULL,85,2942,1),(3633,NULL,85,2943,1),(3634,NULL,85,2944,1),(3635,NULL,85,2945,1),(3636,NULL,85,2946,1),(3637,NULL,85,2947,1),(3638,NULL,85,2948,1),(3639,NULL,85,2949,1),(3640,NULL,85,2950,1),(3641,NULL,85,2951,1),(3642,NULL,85,2952,1),(3643,NULL,85,2953,1),(3644,NULL,85,2954,1),(3645,NULL,85,2955,1),(3646,NULL,85,2956,1),(3647,NULL,85,2957,1),(3648,NULL,85,2958,1),(3649,NULL,85,2959,1),(3650,NULL,85,2960,1),(3651,NULL,85,2961,1),(3652,NULL,85,2962,1),(3653,NULL,85,2963,1),(3654,NULL,85,2964,1),(3655,NULL,85,2965,1),(3656,NULL,85,2966,1),(3657,NULL,85,2967,1),(3658,NULL,85,2968,1),(3659,NULL,85,2969,1),(3660,NULL,85,2970,1),(3661,NULL,85,2971,1),(3662,NULL,85,2972,1),(3663,NULL,85,2973,1),(3664,NULL,85,2974,1),(3665,NULL,85,2975,1),(3666,NULL,85,2976,1),(3667,NULL,85,2977,1),(3668,NULL,85,2978,1),(3669,NULL,85,2979,1),(3670,NULL,85,2980,1),(3671,NULL,85,2981,1),(3672,NULL,85,2982,1),(3673,NULL,85,2983,1),(3674,NULL,85,2984,1),(3675,NULL,85,2985,1),(3676,NULL,85,2986,1),(3677,NULL,85,2987,1),(3678,NULL,85,2988,1),(3679,NULL,85,2989,1),(3680,NULL,85,2990,1),(3681,NULL,85,2991,1),(3682,NULL,85,2992,1),(3683,NULL,85,2993,1),(3684,NULL,85,2994,1),(3685,NULL,85,2995,1),(3686,NULL,85,2996,1),(3687,NULL,85,2997,1),(3688,NULL,85,2998,1),(3689,NULL,85,2999,1),(3690,NULL,85,3000,1),(3691,NULL,85,3001,1),(3692,NULL,85,3002,1),(3693,NULL,85,3003,1),(3694,NULL,85,3004,1),(3695,NULL,85,3005,1),(3696,NULL,85,3006,1),(3697,NULL,85,3007,1),(3698,NULL,85,3008,1),(3699,NULL,85,3009,1),(3700,NULL,85,3010,1),(3701,NULL,85,3011,1),(3702,NULL,85,3012,1),(3703,NULL,85,3013,1),(3704,NULL,85,3014,1),(3705,NULL,85,3015,1),(3706,NULL,86,2926,1),(3707,NULL,86,2927,1),(3708,NULL,86,2928,1),(3709,NULL,86,2929,1),(3710,NULL,86,2930,1),(3711,NULL,86,2931,1),(3712,NULL,86,2932,1),(3713,NULL,86,2933,1),(3714,NULL,86,2934,1),(3715,NULL,86,2935,1),(3716,NULL,86,2936,1),(3717,NULL,86,2937,1),(3718,NULL,86,2938,1),(3719,NULL,86,2939,1),(3720,NULL,86,2940,1),(3721,NULL,86,2941,1),(3722,NULL,86,2942,1),(3723,NULL,86,2943,1),(3724,NULL,86,2944,1),(3725,NULL,86,2945,1),(3726,NULL,86,2946,1),(3727,NULL,86,2947,1),(3728,NULL,86,2948,1),(3729,NULL,86,2949,1),(3730,NULL,86,2950,1),(3731,NULL,86,2951,1),(3732,NULL,86,2952,1),(3733,NULL,86,2953,1),(3734,NULL,86,2954,1),(3735,NULL,86,2955,1),(3736,NULL,86,2956,1),(3737,NULL,86,2957,1),(3738,NULL,86,2958,1),(3739,NULL,86,2959,1),(3740,NULL,86,2960,1),(3741,NULL,86,2961,1),(3742,NULL,86,2962,1),(3743,NULL,86,2963,1),(3744,NULL,86,2964,1),(3745,NULL,86,2965,1),(3746,NULL,86,2966,1),(3747,NULL,86,2967,1),(3748,NULL,86,2968,1),(3749,NULL,86,2969,1),(3750,NULL,86,2970,1),(3751,NULL,86,2971,1),(3752,NULL,86,2972,1),(3753,NULL,86,2973,1),(3754,NULL,86,2974,1),(3755,NULL,86,2975,1),(3756,NULL,86,2976,1),(3757,NULL,86,2977,1),(3758,NULL,86,2978,1),(3759,NULL,86,2979,1),(3760,NULL,86,2980,1),(3761,NULL,86,2981,1),(3762,NULL,86,2982,1),(3763,NULL,86,2983,1),(3764,NULL,86,2984,1),(3765,NULL,86,2985,1),(3766,NULL,86,2986,1),(3767,NULL,86,2987,1),(3768,NULL,86,2988,1),(3769,NULL,86,2989,1),(3770,NULL,86,2990,1),(3771,NULL,86,2991,1),(3772,NULL,86,2992,1),(3773,NULL,86,2993,1),(3774,NULL,86,2994,1),(3775,NULL,86,2995,1),(3776,NULL,86,2996,1),(3777,NULL,86,2997,1),(3778,NULL,86,2998,1),(3779,NULL,86,2999,1),(3780,NULL,86,3000,1),(3781,NULL,86,3001,1),(3782,NULL,86,3002,1),(3783,NULL,86,3003,1),(3784,NULL,86,3004,1),(3785,NULL,86,3005,1),(3786,NULL,86,3006,1),(3787,NULL,86,3007,1),(3788,NULL,86,3008,1),(3789,NULL,86,3009,1),(3790,NULL,86,3010,1),(3791,NULL,86,3011,1),(3792,NULL,86,3012,1),(3793,NULL,86,3013,1),(3794,NULL,86,3014,1),(3795,NULL,86,3015,1),(3796,NULL,87,2926,1),(3797,NULL,87,2927,1),(3798,NULL,87,2928,1),(3799,NULL,87,2929,1),(3800,NULL,87,2930,1),(3801,NULL,87,2931,1),(3802,NULL,87,2932,1),(3803,NULL,87,2933,1),(3804,NULL,87,2934,1),(3805,NULL,87,2935,1),(3806,NULL,87,2936,1),(3807,NULL,87,2937,1),(3808,NULL,87,2938,1),(3809,NULL,87,2939,1),(3810,NULL,87,2940,1),(3811,NULL,87,2941,1),(3812,NULL,87,2942,1),(3813,NULL,87,2943,1),(3814,NULL,87,2944,1),(3815,NULL,87,2945,1),(3816,NULL,87,2946,1),(3817,NULL,87,2947,1),(3818,NULL,87,2948,1),(3819,NULL,87,2949,1),(3820,NULL,87,2950,1),(3821,NULL,87,2951,1),(3822,NULL,87,2952,1),(3823,NULL,87,2953,1),(3824,NULL,87,2954,1),(3825,NULL,87,2955,1),(3826,NULL,87,2956,1),(3827,NULL,87,2957,1),(3828,NULL,87,2958,1),(3829,NULL,87,2959,1),(3830,NULL,87,2960,1),(3831,NULL,87,2961,1),(3832,NULL,87,2962,1),(3833,NULL,87,2963,1),(3834,NULL,87,2964,1),(3835,NULL,87,2965,1),(3836,NULL,87,2966,1),(3837,NULL,87,2967,1),(3838,NULL,87,2968,1),(3839,NULL,87,2969,1),(3840,NULL,87,2970,1),(3841,NULL,87,2971,1),(3842,NULL,87,2972,1),(3843,NULL,87,2973,1),(3844,NULL,87,2974,1),(3845,NULL,87,2975,1),(3846,NULL,87,2976,1),(3847,NULL,87,2977,1),(3848,NULL,87,2978,1),(3849,NULL,87,2979,1),(3850,NULL,87,2980,1),(3851,NULL,87,2981,1),(3852,NULL,87,2982,1),(3853,NULL,87,2983,1),(3854,NULL,87,2984,1),(3855,NULL,87,2985,1),(3856,NULL,87,2986,1),(3857,NULL,87,2987,1),(3858,NULL,87,2988,1),(3859,NULL,87,2989,1),(3860,NULL,87,2990,1),(3861,NULL,87,2991,1),(3862,NULL,87,2992,1),(3863,NULL,87,2993,1),(3864,NULL,87,2994,1),(3865,NULL,87,2995,1),(3866,NULL,87,2996,1),(3867,NULL,87,2997,1),(3868,NULL,87,2998,1),(3869,NULL,87,2999,1),(3870,NULL,87,3000,1),(3871,NULL,87,3001,1),(3872,NULL,87,3002,1),(3873,NULL,87,3003,1),(3874,NULL,87,3004,1),(3875,NULL,87,3005,1),(3876,NULL,87,3006,1),(3877,NULL,87,3007,1),(3878,NULL,87,3008,1),(3879,NULL,87,3009,1),(3880,NULL,87,3010,1),(3881,NULL,87,3011,1),(3882,NULL,87,3012,1),(3883,NULL,87,3013,1),(3884,NULL,87,3014,1),(3885,NULL,87,3015,1),(3886,NULL,88,2926,1),(3887,NULL,88,2927,1),(3888,NULL,88,2928,1),(3889,NULL,88,2929,1),(3890,NULL,88,2930,1),(3891,NULL,88,2931,1),(3892,NULL,88,2932,1),(3893,NULL,88,2933,1),(3894,NULL,88,2934,1),(3895,NULL,88,2935,1),(3896,NULL,88,2936,1),(3897,NULL,88,2937,1),(3898,NULL,88,2938,1),(3899,NULL,88,2939,1),(3900,NULL,88,2940,3),(3901,NULL,88,2941,1),(3902,NULL,88,2942,1),(3903,NULL,88,2943,1),(3904,NULL,88,2944,1),(3905,NULL,88,2945,1),(3906,NULL,88,2946,1),(3907,NULL,88,2947,1),(3908,NULL,88,2948,1),(3909,NULL,88,2949,1),(3910,NULL,88,2950,1),(3911,NULL,88,2951,1),(3912,NULL,88,2952,1),(3913,NULL,88,2953,1),(3914,NULL,88,2954,1),(3915,NULL,88,2955,1),(3916,NULL,88,2956,1),(3917,NULL,88,2957,1),(3918,NULL,88,2958,1),(3919,NULL,88,2959,1),(3920,NULL,88,2960,1),(3921,NULL,88,2961,1),(3922,NULL,88,2962,3),(3923,NULL,88,2963,1),(3924,NULL,88,2964,1),(3925,NULL,88,2965,1),(3926,NULL,88,2966,1),(3927,NULL,88,2967,1),(3928,NULL,88,2968,3),(3929,NULL,88,2969,3),(3930,NULL,88,2970,3),(3931,NULL,88,2971,3),(3932,NULL,88,2972,1),(3933,NULL,88,2973,1),(3934,NULL,88,2974,1),(3935,NULL,88,2975,1),(3936,NULL,88,2976,1),(3937,NULL,88,2977,1),(3938,NULL,88,2978,1),(3939,NULL,88,2979,1),(3940,NULL,88,2980,1),(3941,NULL,88,2981,1),(3942,NULL,88,2982,3),(3943,NULL,88,2983,1),(3944,NULL,88,2984,3),(3945,NULL,88,2985,1),(3946,NULL,88,2986,1),(3947,NULL,88,2987,1),(3948,NULL,88,2988,1),(3949,NULL,88,2989,1),(3950,NULL,88,2990,3),(3951,NULL,88,2991,1),(3952,NULL,88,2992,1),(3953,NULL,88,2993,1),(3954,NULL,88,2994,1),(3955,NULL,88,2995,1),(3956,NULL,88,2996,1),(3957,NULL,88,2997,1),(3958,NULL,88,2998,1),(3959,NULL,88,2999,1),(3960,NULL,88,3000,1),(3961,NULL,88,3001,1),(3962,NULL,88,3002,1),(3963,NULL,88,3003,1),(3964,NULL,88,3004,1),(3965,NULL,88,3005,1),(3966,NULL,88,3006,1),(3967,NULL,88,3007,1),(3968,NULL,88,3008,1),(3969,NULL,88,3009,1),(3970,NULL,88,3010,1),(3971,NULL,88,3011,1),(3972,NULL,88,3012,1),(3973,NULL,88,3013,1),(3974,NULL,88,3014,1),(3975,NULL,88,3015,1),(3976,NULL,89,2926,1),(3977,NULL,89,2927,1),(3978,NULL,89,2928,1),(3979,NULL,89,2929,1),(3980,NULL,89,2930,1),(3981,NULL,89,2931,1),(3982,NULL,89,2932,1),(3983,NULL,89,2933,1),(3984,NULL,89,2934,1),(3985,NULL,89,2935,1),(3986,NULL,89,2936,1),(3987,NULL,89,2937,1),(3988,NULL,89,2938,1),(3989,NULL,89,2939,1),(3990,NULL,89,2940,1),(3991,NULL,89,2941,1),(3992,NULL,89,2942,1),(3993,NULL,89,2943,1),(3994,NULL,89,2944,1),(3995,NULL,89,2945,1),(3996,NULL,89,2946,1),(3997,NULL,89,2947,1),(3998,NULL,89,2948,1),(3999,NULL,89,2949,1),(4000,NULL,89,2950,1),(4001,NULL,89,2951,3),(4002,NULL,89,2952,1),(4003,NULL,89,2953,1),(4004,NULL,89,2954,1),(4005,NULL,89,2955,1),(4006,NULL,89,2956,1),(4007,NULL,89,2957,1),(4008,NULL,89,2958,1),(4009,NULL,89,2959,3),(4010,NULL,89,2960,1),(4011,NULL,89,2961,1),(4012,NULL,89,2962,3),(4013,NULL,89,2963,1),(4014,NULL,89,2964,1),(4015,NULL,89,2965,1),(4016,NULL,89,2966,1),(4017,NULL,89,2967,1),(4018,NULL,89,2968,1),(4019,NULL,89,2969,1),(4020,NULL,89,2970,3),(4021,NULL,89,2971,3),(4022,NULL,89,2972,3),(4023,NULL,89,2973,1),(4024,NULL,89,2974,1),(4025,NULL,89,2975,1),(4026,NULL,89,2976,1),(4027,NULL,89,2977,1),(4028,NULL,89,2978,1),(4029,NULL,89,2979,3),(4030,NULL,89,2980,1),(4031,NULL,89,2981,1),(4032,NULL,89,2982,1),(4033,NULL,89,2983,3),(4034,NULL,89,2984,1),(4035,NULL,89,2985,1),(4036,NULL,89,2986,1),(4037,NULL,89,2987,1),(4038,NULL,89,2988,1),(4039,NULL,89,2989,1),(4040,NULL,89,2990,1),(4041,NULL,89,2991,3),(4042,NULL,89,2992,1),(4043,NULL,89,2993,1),(4044,NULL,89,2994,1),(4045,NULL,89,2995,1),(4046,NULL,89,2996,1),(4047,NULL,89,2997,1),(4048,NULL,89,2998,1),(4049,NULL,89,2999,1),(4050,NULL,89,3000,1),(4051,NULL,89,3001,1),(4052,NULL,89,3002,1),(4053,NULL,89,3003,1),(4054,NULL,89,3004,1),(4055,NULL,89,3005,1),(4056,NULL,89,3006,1),(4057,NULL,89,3007,1),(4058,NULL,89,3008,1),(4059,NULL,89,3009,1),(4060,NULL,89,3010,1),(4061,NULL,89,3011,1),(4062,NULL,89,3012,1),(4063,NULL,89,3013,1),(4064,NULL,89,3014,1),(4065,NULL,89,3015,1),(4066,NULL,90,2926,1),(4067,NULL,90,2927,1),(4068,NULL,90,2928,1),(4069,NULL,90,2929,1),(4070,NULL,90,2930,1),(4071,NULL,90,2931,1),(4072,NULL,90,2932,1),(4073,NULL,90,2933,1),(4074,NULL,90,2934,1),(4075,NULL,90,2935,1),(4076,NULL,90,2936,1),(4077,NULL,90,2937,1),(4078,NULL,90,2938,1),(4079,NULL,90,2939,1),(4080,NULL,90,2940,3),(4081,NULL,90,2941,1),(4082,NULL,90,2942,1),(4083,NULL,90,2943,1),(4084,NULL,90,2944,1),(4085,NULL,90,2945,1),(4086,NULL,90,2946,1),(4087,NULL,90,2947,1),(4088,NULL,90,2948,3),(4089,NULL,90,2949,1),(4090,NULL,90,2950,1),(4091,NULL,90,2951,1),(4092,NULL,90,2952,3),(4093,NULL,90,2953,1),(4094,NULL,90,2954,1),(4095,NULL,90,2955,1),(4096,NULL,90,2956,1),(4097,NULL,90,2957,1),(4098,NULL,90,2958,1),(4099,NULL,90,2959,1),(4100,NULL,90,2960,3),(4101,NULL,90,2961,1),(4102,NULL,90,2962,1),(4103,NULL,90,2963,1),(4104,NULL,90,2964,1),(4105,NULL,90,2965,1),(4106,NULL,90,2966,1),(4107,NULL,90,2967,1),(4108,NULL,90,2968,3),(4109,NULL,90,2969,1),(4110,NULL,90,2970,1),(4111,NULL,90,2971,1),(4112,NULL,90,2972,3),(4113,NULL,90,2973,1),(4114,NULL,90,2974,1),(4115,NULL,90,2975,3),(4116,NULL,90,2976,1),(4117,NULL,90,2977,1),(4118,NULL,90,2978,1),(4119,NULL,90,2979,1),(4120,NULL,90,2980,3),(4121,NULL,90,2981,1),(4122,NULL,90,2982,1),(4123,NULL,90,2983,1),(4124,NULL,90,2984,1),(4125,NULL,90,2985,1),(4126,NULL,90,2986,1),(4127,NULL,90,2987,1),(4128,NULL,90,2988,1),(4129,NULL,90,2989,1),(4130,NULL,90,2990,1),(4131,NULL,90,2991,1),(4132,NULL,90,2992,1),(4133,NULL,90,2993,1),(4134,NULL,90,2994,1),(4135,NULL,90,2995,1),(4136,NULL,90,2996,1),(4137,NULL,90,2997,1),(4138,NULL,90,2998,1),(4139,NULL,90,2999,1),(4140,NULL,90,3000,1),(4141,NULL,90,3001,1),(4142,NULL,90,3002,1),(4143,NULL,90,3003,1),(4144,NULL,90,3004,3),(4145,NULL,90,3005,1),(4146,NULL,90,3006,1),(4147,NULL,90,3007,1),(4148,NULL,90,3008,1),(4149,NULL,90,3009,1),(4150,NULL,90,3010,1),(4151,NULL,90,3011,1),(4152,NULL,90,3012,1),(4153,NULL,90,3013,1),(4154,NULL,90,3014,1),(4155,NULL,90,3015,1),(4156,NULL,91,2926,1),(4157,NULL,91,2927,1),(4158,NULL,91,2928,1),(4159,NULL,91,2929,1),(4160,NULL,91,2930,1),(4161,NULL,91,2931,1),(4162,NULL,91,2932,1),(4163,NULL,91,2933,1),(4164,NULL,91,2934,1),(4165,NULL,91,2935,1),(4166,NULL,91,2936,1),(4167,NULL,91,2937,1),(4168,NULL,91,2938,1),(4169,NULL,91,2939,1),(4170,NULL,91,2940,1),(4171,NULL,91,2941,3),(4172,NULL,91,2942,1),(4173,NULL,91,2943,1),(4174,NULL,91,2944,1),(4175,NULL,91,2945,1),(4176,NULL,91,2946,1),(4177,NULL,91,2947,1),(4178,NULL,91,2948,1),(4179,NULL,91,2949,1),(4180,NULL,91,2950,1),(4181,NULL,91,2951,1),(4182,NULL,91,2952,1),(4183,NULL,91,2953,1),(4184,NULL,91,2954,3),(4185,NULL,91,2955,1),(4186,NULL,91,2956,1),(4187,NULL,91,2957,3),(4188,NULL,91,2958,1),(4189,NULL,91,2959,3),(4190,NULL,91,2960,1),(4191,NULL,91,2961,3),(4192,NULL,91,2962,1),(4193,NULL,91,2963,1),(4194,NULL,91,2964,1),(4195,NULL,91,2965,1),(4196,NULL,91,2966,1),(4197,NULL,91,2967,1),(4198,NULL,91,2968,1),(4199,NULL,91,2969,3),(4200,NULL,91,2970,1),(4201,NULL,91,2971,1),(4202,NULL,91,2972,1),(4203,NULL,91,2973,3),(4204,NULL,91,2974,1),(4205,NULL,91,2975,1),(4206,NULL,91,2976,1),(4207,NULL,91,2977,1),(4208,NULL,91,2978,3),(4209,NULL,91,2979,1),(4210,NULL,91,2980,3),(4211,NULL,91,2981,3),(4212,NULL,91,2982,1),(4213,NULL,91,2983,1),(4214,NULL,91,2984,1),(4215,NULL,91,2985,1),(4216,NULL,91,2986,1),(4217,NULL,91,2987,1),(4218,NULL,91,2988,1),(4219,NULL,91,2989,3),(4220,NULL,91,2990,1),(4221,NULL,91,2991,1),(4222,NULL,91,2992,1),(4223,NULL,91,2993,1),(4224,NULL,91,2994,3),(4225,NULL,91,2995,1),(4226,NULL,91,2996,1),(4227,NULL,91,2997,1),(4228,NULL,91,2998,1),(4229,NULL,91,2999,1),(4230,NULL,91,3000,3),(4231,NULL,91,3001,1),(4232,NULL,91,3002,3),(4233,NULL,91,3003,1),(4234,NULL,91,3004,3),(4235,NULL,91,3005,1),(4236,NULL,91,3006,1),(4237,NULL,91,3007,1),(4238,NULL,91,3008,1),(4239,NULL,91,3009,1),(4240,NULL,91,3010,1),(4241,NULL,91,3011,1),(4242,NULL,91,3012,1),(4243,NULL,91,3013,1),(4244,NULL,91,3014,1),(4245,NULL,91,3015,1),(4246,NULL,92,2926,1),(4247,NULL,92,2927,1),(4248,NULL,92,2928,1),(4249,NULL,92,2929,1),(4250,NULL,92,2930,1),(4251,NULL,92,2931,1),(4252,NULL,92,2932,1),(4253,NULL,92,2933,1),(4254,NULL,92,2934,1),(4255,NULL,92,2935,1),(4256,NULL,92,2936,1),(4257,NULL,92,2937,1),(4258,NULL,92,2938,1),(4259,NULL,92,2939,1),(4260,NULL,92,2940,1),(4261,NULL,92,2941,1),(4262,NULL,92,2942,3),(4263,NULL,92,2943,1),(4264,NULL,92,2944,1),(4265,NULL,92,2945,1),(4266,NULL,92,2946,1),(4267,NULL,92,2947,1),(4268,NULL,92,2948,1),(4269,NULL,92,2949,1),(4270,NULL,92,2950,1),(4271,NULL,92,2951,1),(4272,NULL,92,2952,1),(4273,NULL,92,2953,1),(4274,NULL,92,2954,1),(4275,NULL,92,2955,1),(4276,NULL,92,2956,1),(4277,NULL,92,2957,1),(4278,NULL,92,2958,1),(4279,NULL,92,2959,3),(4280,NULL,92,2960,1),(4281,NULL,92,2961,1),(4282,NULL,92,2962,1),(4283,NULL,92,2963,1),(4284,NULL,92,2964,1),(4285,NULL,92,2965,1),(4286,NULL,92,2966,1),(4287,NULL,92,2967,1),(4288,NULL,92,2968,1),(4289,NULL,92,2969,1),(4290,NULL,92,2970,1),(4291,NULL,92,2971,1),(4292,NULL,92,2972,3),(4293,NULL,92,2973,3),(4294,NULL,92,2974,1),(4295,NULL,92,2975,1),(4296,NULL,92,2976,1),(4297,NULL,92,2977,1),(4298,NULL,92,2978,1),(4299,NULL,92,2979,3),(4300,NULL,92,2980,1),(4301,NULL,92,2981,3),(4302,NULL,92,2982,1),(4303,NULL,92,2983,1),(4304,NULL,92,2984,1),(4305,NULL,92,2985,1),(4306,NULL,92,2986,1),(4307,NULL,92,2987,1),(4308,NULL,92,2988,1),(4309,NULL,92,2989,1),(4310,NULL,92,2990,1),(4311,NULL,92,2991,1),(4312,NULL,92,2992,1),(4313,NULL,92,2993,1),(4314,NULL,92,2994,1),(4315,NULL,92,2995,1),(4316,NULL,92,2996,1),(4317,NULL,92,2997,1),(4318,NULL,92,2998,1),(4319,NULL,92,2999,1),(4320,NULL,92,3000,1),(4321,NULL,92,3001,1),(4322,NULL,92,3002,1),(4323,NULL,92,3003,1),(4324,NULL,92,3004,3),(4325,NULL,92,3005,1),(4326,NULL,92,3006,1),(4327,NULL,92,3007,1),(4328,NULL,92,3008,1),(4329,NULL,92,3009,1),(4330,NULL,92,3010,1),(4331,NULL,92,3011,1),(4332,NULL,92,3012,1),(4333,NULL,92,3013,1),(4334,NULL,92,3014,1),(4335,NULL,92,3015,1),(4336,NULL,93,2926,1),(4337,NULL,93,2927,1),(4338,NULL,93,2928,1),(4339,NULL,93,2929,1),(4340,NULL,93,2930,1),(4341,NULL,93,2931,1),(4342,NULL,93,2932,1),(4343,NULL,93,2933,1),(4344,NULL,93,2934,1),(4345,NULL,93,2935,1),(4346,NULL,93,2936,1),(4347,NULL,93,2937,1),(4348,NULL,93,2938,1),(4349,NULL,93,2939,1),(4350,NULL,93,2940,1),(4351,NULL,93,2941,1),(4352,NULL,93,2942,1),(4353,NULL,93,2943,1),(4354,NULL,93,2944,1),(4355,NULL,93,2945,1),(4356,NULL,93,2946,1),(4357,NULL,93,2947,1),(4358,NULL,93,2948,1),(4359,NULL,93,2949,3),(4360,NULL,93,2950,1),(4361,NULL,93,2951,1),(4362,NULL,93,2952,1),(4363,NULL,93,2953,3),(4364,NULL,93,2954,1),(4365,NULL,93,2955,1),(4366,NULL,93,2956,1),(4367,NULL,93,2957,1),(4368,NULL,93,2958,1),(4369,NULL,93,2959,1),(4370,NULL,93,2960,3),(4371,NULL,93,2961,1),(4372,NULL,93,2962,3),(4373,NULL,93,2963,1),(4374,NULL,93,2964,1),(4375,NULL,93,2965,1),(4376,NULL,93,2966,1),(4377,NULL,93,2967,1),(4378,NULL,93,2968,1),(4379,NULL,93,2969,1),(4380,NULL,93,2970,1),(4381,NULL,93,2971,1),(4382,NULL,93,2972,1),(4383,NULL,93,2973,1),(4384,NULL,93,2974,1),(4385,NULL,93,2975,1),(4386,NULL,93,2976,1),(4387,NULL,93,2977,1),(4388,NULL,93,2978,1),(4389,NULL,93,2979,3),(4390,NULL,93,2980,1),(4391,NULL,93,2981,3),(4392,NULL,93,2982,1),(4393,NULL,93,2983,1),(4394,NULL,93,2984,1),(4395,NULL,93,2985,1),(4396,NULL,93,2986,1),(4397,NULL,93,2987,1),(4398,NULL,93,2988,1),(4399,NULL,93,2989,1),(4400,NULL,93,2990,1),(4401,NULL,93,2991,1),(4402,NULL,93,2992,1),(4403,NULL,93,2993,3),(4404,NULL,93,2994,1),(4405,NULL,93,2995,1),(4406,NULL,93,2996,1),(4407,NULL,93,2997,1),(4408,NULL,93,2998,1),(4409,NULL,93,2999,1),(4410,NULL,93,3000,1),(4411,NULL,93,3001,1),(4412,NULL,93,3002,1),(4413,NULL,93,3003,1),(4414,NULL,93,3004,1),(4415,NULL,93,3005,1),(4416,NULL,93,3006,1),(4417,NULL,93,3007,1),(4418,NULL,93,3008,1),(4419,NULL,93,3009,1),(4420,NULL,93,3010,1),(4421,NULL,93,3011,1),(4422,NULL,93,3012,1),(4423,NULL,93,3013,1),(4424,NULL,93,3014,1),(4425,NULL,93,3015,1),(4426,NULL,94,2926,1),(4427,NULL,94,2927,1),(4428,NULL,94,2928,1),(4429,NULL,94,2929,1),(4430,NULL,94,2930,1),(4431,NULL,94,2931,1),(4432,NULL,94,2932,1),(4433,NULL,94,2933,1),(4434,NULL,94,2934,1),(4435,NULL,94,2935,1),(4436,NULL,94,2936,1),(4437,NULL,94,2937,1),(4438,NULL,94,2938,1),(4439,NULL,94,2939,1),(4440,NULL,94,2940,1),(4441,NULL,94,2941,1),(4442,NULL,94,2942,1),(4443,NULL,94,2943,1),(4444,NULL,94,2944,3),(4445,NULL,94,2945,1),(4446,NULL,94,2946,1),(4447,NULL,94,2947,1),(4448,NULL,94,2948,1),(4449,NULL,94,2949,1),(4450,NULL,94,2950,3),(4451,NULL,94,2951,1),(4452,NULL,94,2952,1),(4453,NULL,94,2953,1),(4454,NULL,94,2954,1),(4455,NULL,94,2955,1),(4456,NULL,94,2956,1),(4457,NULL,94,2957,1),(4458,NULL,94,2958,1),(4459,NULL,94,2959,1),(4460,NULL,94,2960,1),(4461,NULL,94,2961,1),(4462,NULL,94,2962,1),(4463,NULL,94,2963,3),(4464,NULL,94,2964,1),(4465,NULL,94,2965,1),(4466,NULL,94,2966,1),(4467,NULL,94,2967,1),(4468,NULL,94,2968,1),(4469,NULL,94,2969,3),(4470,NULL,94,2970,1),(4471,NULL,94,2971,3),(4472,NULL,94,2972,1),(4473,NULL,94,2973,1),(4474,NULL,94,2974,3),(4475,NULL,94,2975,1),(4476,NULL,94,2976,1),(4477,NULL,94,2977,1),(4478,NULL,94,2978,1),(4479,NULL,94,2979,3),(4480,NULL,94,2980,1),(4481,NULL,94,2981,1),(4482,NULL,94,2982,1),(4483,NULL,94,2983,3),(4484,NULL,94,2984,1),(4485,NULL,94,2985,1),(4486,NULL,94,2986,1),(4487,NULL,94,2987,1),(4488,NULL,94,2988,1),(4489,NULL,94,2989,1),(4490,NULL,94,2990,3),(4491,NULL,94,2991,3),(4492,NULL,94,2992,1),(4493,NULL,94,2993,1),(4494,NULL,94,2994,1),(4495,NULL,94,2995,1),(4496,NULL,94,2996,1),(4497,NULL,94,2997,1),(4498,NULL,94,2998,1),(4499,NULL,94,2999,1),(4500,NULL,94,3000,1),(4501,NULL,94,3001,1),(4502,NULL,94,3002,1),(4503,NULL,94,3003,1),(4504,NULL,94,3004,3),(4505,NULL,94,3005,1),(4506,NULL,94,3006,1),(4507,NULL,94,3007,1),(4508,NULL,94,3008,1),(4509,NULL,94,3009,1),(4510,NULL,94,3010,1),(4511,NULL,94,3011,1),(4512,NULL,94,3012,1),(4513,NULL,94,3013,1),(4514,NULL,94,3014,1),(4515,NULL,94,3015,1),(4516,NULL,95,2926,1),(4517,NULL,95,2927,1),(4518,NULL,95,2928,1),(4519,NULL,95,2929,1),(4520,NULL,95,2930,1),(4521,NULL,95,2931,1),(4522,NULL,95,2932,1),(4523,NULL,95,2933,1),(4524,NULL,95,2934,1),(4525,NULL,95,2935,1),(4526,NULL,95,2936,1),(4527,NULL,95,2937,1),(4528,NULL,95,2938,1),(4529,NULL,95,2939,1),(4530,NULL,95,2940,1),(4531,NULL,95,2941,1),(4532,NULL,95,2942,1),(4533,NULL,95,2943,1),(4534,NULL,95,2944,1),(4535,NULL,95,2945,1),(4536,NULL,95,2946,1),(4537,NULL,95,2947,1),(4538,NULL,95,2948,1),(4539,NULL,95,2949,1),(4540,NULL,95,2950,1),(4541,NULL,95,2951,1),(4542,NULL,95,2952,1),(4543,NULL,95,2953,1),(4544,NULL,95,2954,1),(4545,NULL,95,2955,1),(4546,NULL,95,2956,1),(4547,NULL,95,2957,1),(4548,NULL,95,2958,1),(4549,NULL,95,2959,1),(4550,NULL,95,2960,3),(4551,NULL,95,2961,1),(4552,NULL,95,2962,1),(4553,NULL,95,2963,1),(4554,NULL,95,2964,1),(4555,NULL,95,2965,1),(4556,NULL,95,2966,1),(4557,NULL,95,2967,1),(4558,NULL,95,2968,1),(4559,NULL,95,2969,1),(4560,NULL,95,2970,3),(4561,NULL,95,2971,1),(4562,NULL,95,2972,3),(4563,NULL,95,2973,1),(4564,NULL,95,2974,1),(4565,NULL,95,2975,1),(4566,NULL,95,2976,1),(4567,NULL,95,2977,1),(4568,NULL,95,2978,1),(4569,NULL,95,2979,1),(4570,NULL,95,2980,1),(4571,NULL,95,2981,1),(4572,NULL,95,2982,1),(4573,NULL,95,2983,1),(4574,NULL,95,2984,1),(4575,NULL,95,2985,1),(4576,NULL,95,2986,1),(4577,NULL,95,2987,1),(4578,NULL,95,2988,3),(4579,NULL,95,2989,1),(4580,NULL,95,2990,3),(4581,NULL,95,2991,3),(4582,NULL,95,2992,1),(4583,NULL,95,2993,1),(4584,NULL,95,2994,1),(4585,NULL,95,2995,3),(4586,NULL,95,2996,1),(4587,NULL,95,2997,1),(4588,NULL,95,2998,1),(4589,NULL,95,2999,1),(4590,NULL,95,3000,1),(4591,NULL,95,3001,1),(4592,NULL,95,3002,1),(4593,NULL,95,3003,1),(4594,NULL,95,3004,1),(4595,NULL,95,3005,1),(4596,NULL,95,3006,1),(4597,NULL,95,3007,1),(4598,NULL,95,3008,1),(4599,NULL,95,3009,1),(4600,NULL,95,3010,1),(4601,NULL,95,3011,1),(4602,NULL,95,3012,1),(4603,NULL,95,3013,1),(4604,NULL,95,3014,1),(4605,NULL,95,3015,1),(4606,NULL,96,2926,1),(4607,NULL,96,2927,1),(4608,NULL,96,2928,1),(4609,NULL,96,2929,1),(4610,NULL,96,2930,1),(4611,NULL,96,2931,1),(4612,NULL,96,2932,1),(4613,NULL,96,2933,1),(4614,NULL,96,2934,1),(4615,NULL,96,2935,1),(4616,NULL,96,2936,1),(4617,NULL,96,2937,1),(4618,NULL,96,2938,1),(4619,NULL,96,2939,1),(4620,NULL,96,2940,1),(4621,NULL,96,2941,1),(4622,NULL,96,2942,1),(4623,NULL,96,2943,1),(4624,NULL,96,2944,1),(4625,NULL,96,2945,1),(4626,NULL,96,2946,1),(4627,NULL,96,2947,1),(4628,NULL,96,2948,1),(4629,NULL,96,2949,3),(4630,NULL,96,2950,3),(4631,NULL,96,2951,1),(4632,NULL,96,2952,1),(4633,NULL,96,2953,1),(4634,NULL,96,2954,3),(4635,NULL,96,2955,1),(4636,NULL,96,2956,1),(4637,NULL,96,2957,1),(4638,NULL,96,2958,1),(4639,NULL,96,2959,1),(4640,NULL,96,2960,1),(4641,NULL,96,2961,3),(4642,NULL,96,2962,1),(4643,NULL,96,2963,3),(4644,NULL,96,2964,1),(4645,NULL,96,2965,1),(4646,NULL,96,2966,1),(4647,NULL,96,2967,1),(4648,NULL,96,2968,3),(4649,NULL,96,2969,1),(4650,NULL,96,2970,3),(4651,NULL,96,2971,1),(4652,NULL,96,2972,1),(4653,NULL,96,2973,1),(4654,NULL,96,2974,1),(4655,NULL,96,2975,1),(4656,NULL,96,2976,1),(4657,NULL,96,2977,1),(4658,NULL,96,2978,1),(4659,NULL,96,2979,1),(4660,NULL,96,2980,1),(4661,NULL,96,2981,1),(4662,NULL,96,2982,3),(4663,NULL,96,2983,1),(4664,NULL,96,2984,1),(4665,NULL,96,2985,1),(4666,NULL,96,2986,1),(4667,NULL,96,2987,1),(4668,NULL,96,2988,1),(4669,NULL,96,2989,1),(4670,NULL,96,2990,3),(4671,NULL,96,2991,1),(4672,NULL,96,2992,3),(4673,NULL,96,2993,1),(4674,NULL,96,2994,3),(4675,NULL,96,2995,1),(4676,NULL,96,2996,1),(4677,NULL,96,2997,1),(4678,NULL,96,2998,1),(4679,NULL,96,2999,1),(4680,NULL,96,3000,1),(4681,NULL,96,3001,1),(4682,NULL,96,3002,1),(4683,NULL,96,3003,1),(4684,NULL,96,3004,1),(4685,NULL,96,3005,1),(4686,NULL,96,3006,1),(4687,NULL,96,3007,1),(4688,NULL,96,3008,1),(4689,NULL,96,3009,1),(4690,NULL,96,3010,1),(4691,NULL,96,3011,1),(4692,NULL,96,3012,1),(4693,NULL,96,3013,1),(4694,NULL,96,3014,1),(4695,NULL,96,3015,1),(4696,NULL,97,2926,1),(4697,NULL,97,2927,1),(4698,NULL,97,2928,1),(4699,NULL,97,2929,1),(4700,NULL,97,2930,3),(4701,NULL,97,2931,1),(4702,NULL,97,2932,1),(4703,NULL,97,2933,3),(4704,NULL,97,2934,1),(4705,NULL,97,2935,1),(4706,NULL,97,2936,1),(4707,NULL,97,2937,3),(4708,NULL,97,2938,1),(4709,NULL,97,2939,3),(4710,NULL,97,2940,1),(4711,NULL,97,2941,1),(4712,NULL,97,2942,1),(4713,NULL,97,2943,1),(4714,NULL,97,2944,1),(4715,NULL,97,2945,3),(4716,NULL,97,2946,1),(4717,NULL,97,2947,1),(4718,NULL,97,2948,3),(4719,NULL,97,2949,1),(4720,NULL,97,2950,3),(4721,NULL,97,2951,3),(4722,NULL,97,2952,1),(4723,NULL,97,2953,3),(4724,NULL,97,2954,1),(4725,NULL,97,2955,1),(4726,NULL,97,2956,1),(4727,NULL,97,2957,3),(4728,NULL,97,2958,1),(4729,NULL,97,2959,3),(4730,NULL,97,2960,3),(4731,NULL,97,2961,3),(4732,NULL,97,2962,1),(4733,NULL,97,2963,1),(4734,NULL,97,2964,1),(4735,NULL,97,2965,3),(4736,NULL,97,2966,1),(4737,NULL,97,2967,1),(4738,NULL,97,2968,1),(4739,NULL,97,2969,3),(4740,NULL,97,2970,1),(4741,NULL,97,2971,1),(4742,NULL,97,2972,1),(4743,NULL,97,2973,3),(4744,NULL,97,2974,1),(4745,NULL,97,2975,1),(4746,NULL,97,2976,1),(4747,NULL,97,2977,1),(4748,NULL,97,2978,3),(4749,NULL,97,2979,1),(4750,NULL,97,2980,1),(4751,NULL,97,2981,3),(4752,NULL,97,2982,3),(4753,NULL,97,2983,1),(4754,NULL,97,2984,3),(4755,NULL,97,2985,1),(4756,NULL,97,2986,3),(4757,NULL,97,2987,1),(4758,NULL,97,2988,1),(4759,NULL,97,2989,3),(4760,NULL,97,2990,1),(4761,NULL,97,2991,3),(4762,NULL,97,2992,1),(4763,NULL,97,2993,3),(4764,NULL,97,2994,1),(4765,NULL,97,2995,1),(4766,NULL,97,2996,1),(4767,NULL,97,2997,1),(4768,NULL,97,2998,3),(4769,NULL,97,2999,3),(4770,NULL,97,3000,1),(4771,NULL,97,3001,3),(4772,NULL,97,3002,3),(4773,NULL,97,3003,1),(4774,NULL,97,3004,3),(4775,NULL,97,3005,3),(4776,NULL,97,3006,1),(4777,NULL,97,3007,3),(4778,NULL,97,3008,1),(4779,NULL,97,3009,3),(4780,NULL,97,3010,1),(4781,NULL,97,3011,1),(4782,NULL,97,3012,1),(4783,NULL,97,3013,1),(4784,NULL,97,3014,1),(4785,NULL,97,3015,3),(4786,NULL,98,2926,1),(4787,NULL,98,2927,1),(4788,NULL,98,2928,1),(4789,NULL,98,2929,1),(4790,NULL,98,2930,1),(4791,NULL,98,2931,1),(4792,NULL,98,2932,1),(4793,NULL,98,2933,1),(4794,NULL,98,2934,1),(4795,NULL,98,2935,1),(4796,NULL,98,2936,1),(4797,NULL,98,2937,1),(4798,NULL,98,2938,1),(4799,NULL,98,2939,1),(4800,NULL,98,2940,1),(4801,NULL,98,2941,1),(4802,NULL,98,2942,1),(4803,NULL,98,2943,1),(4804,NULL,98,2944,1),(4805,NULL,98,2945,1),(4806,NULL,98,2946,1),(4807,NULL,98,2947,1),(4808,NULL,98,2948,1),(4809,NULL,98,2949,1),(4810,NULL,98,2950,1),(4811,NULL,98,2951,1),(4812,NULL,98,2952,1),(4813,NULL,98,2953,1),(4814,NULL,98,2954,1),(4815,NULL,98,2955,1),(4816,NULL,98,2956,1),(4817,NULL,98,2957,1),(4818,NULL,98,2958,1),(4819,NULL,98,2959,3),(4820,NULL,98,2960,3),(4821,NULL,98,2961,3),(4822,NULL,98,2962,3),(4823,NULL,98,2963,1),(4824,NULL,98,2964,1),(4825,NULL,98,2965,1),(4826,NULL,98,2966,1),(4827,NULL,98,2967,1),(4828,NULL,98,2968,1),(4829,NULL,98,2969,3),(4830,NULL,98,2970,3),(4831,NULL,98,2971,3),(4832,NULL,98,2972,3),(4833,NULL,98,2973,1),(4834,NULL,98,2974,1),(4835,NULL,98,2975,1),(4836,NULL,98,2976,1),(4837,NULL,98,2977,1),(4838,NULL,98,2978,1),(4839,NULL,98,2979,3),(4840,NULL,98,2980,3),(4841,NULL,98,2981,3),(4842,NULL,98,2982,3),(4843,NULL,98,2983,1),(4844,NULL,98,2984,1),(4845,NULL,98,2985,1),(4846,NULL,98,2986,1),(4847,NULL,98,2987,1),(4848,NULL,98,2988,1),(4849,NULL,98,2989,1),(4850,NULL,98,2990,3),(4851,NULL,98,2991,1),(4852,NULL,98,2992,1),(4853,NULL,98,2993,1),(4854,NULL,98,2994,1),(4855,NULL,98,2995,1),(4856,NULL,98,2996,1),(4857,NULL,98,2997,1),(4858,NULL,98,2998,1),(4859,NULL,98,2999,1),(4860,NULL,98,3000,1),(4861,NULL,98,3001,1),(4862,NULL,98,3002,1),(4863,NULL,98,3003,1),(4864,NULL,98,3004,1),(4865,NULL,98,3005,1),(4866,NULL,98,3006,1),(4867,NULL,98,3007,1),(4868,NULL,98,3008,1),(4869,NULL,98,3009,1),(4870,NULL,98,3010,1),(4871,NULL,98,3011,1),(4872,NULL,98,3012,1),(4873,NULL,98,3013,1),(4874,NULL,98,3014,1),(4875,NULL,98,3015,1),(4876,NULL,99,2926,1),(4877,NULL,99,2927,1),(4878,NULL,99,2928,1),(4879,NULL,99,2929,1),(4880,NULL,99,2930,1),(4881,NULL,99,2931,1),(4882,NULL,99,2932,1),(4883,NULL,99,2933,1),(4884,NULL,99,2934,3),(4885,NULL,99,2935,1),(4886,NULL,99,2936,1),(4887,NULL,99,2937,3),(4888,NULL,99,2938,1),(4889,NULL,99,2939,1),(4890,NULL,99,2940,1),(4891,NULL,99,2941,1),(4892,NULL,99,2942,1),(4893,NULL,99,2943,1),(4894,NULL,99,2944,1),(4895,NULL,99,2945,1),(4896,NULL,99,2946,1),(4897,NULL,99,2947,1),(4898,NULL,99,2948,1),(4899,NULL,99,2949,3),(4900,NULL,99,2950,1),(4901,NULL,99,2951,3),(4902,NULL,99,2952,3),(4903,NULL,99,2953,1),(4904,NULL,99,2954,1),(4905,NULL,99,2955,1),(4906,NULL,99,2956,1),(4907,NULL,99,2957,1),(4908,NULL,99,2958,1),(4909,NULL,99,2959,1),(4910,NULL,99,2960,3),(4911,NULL,99,2961,3),(4912,NULL,99,2962,3),(4913,NULL,99,2963,1),(4914,NULL,99,2964,1),(4915,NULL,99,2965,1),(4916,NULL,99,2966,1),(4917,NULL,99,2967,3),(4918,NULL,99,2968,1),(4919,NULL,99,2969,1),(4920,NULL,99,2970,3),(4921,NULL,99,2971,3),(4922,NULL,99,2972,3),(4923,NULL,99,2973,1),(4924,NULL,99,2974,3),(4925,NULL,99,2975,1),(4926,NULL,99,2976,1),(4927,NULL,99,2977,1),(4928,NULL,99,2978,1),(4929,NULL,99,2979,3),(4930,NULL,99,2980,3),(4931,NULL,99,2981,3),(4932,NULL,99,2982,3),(4933,NULL,99,2983,1),(4934,NULL,99,2984,1),(4935,NULL,99,2985,1),(4936,NULL,99,2986,1),(4937,NULL,99,2987,1),(4938,NULL,99,2988,3),(4939,NULL,99,2989,3),(4940,NULL,99,2990,3),(4941,NULL,99,2991,3),(4942,NULL,99,2992,1),(4943,NULL,99,2993,1),(4944,NULL,99,2994,1),(4945,NULL,99,2995,1),(4946,NULL,99,2996,1),(4947,NULL,99,2997,1),(4948,NULL,99,2998,1),(4949,NULL,99,2999,3),(4950,NULL,99,3000,1),(4951,NULL,99,3001,1),(4952,NULL,99,3002,1),(4953,NULL,99,3003,3),(4954,NULL,99,3004,1),(4955,NULL,99,3005,1),(4956,NULL,99,3006,1),(4957,NULL,99,3007,1),(4958,NULL,99,3008,1),(4959,NULL,99,3009,1),(4960,NULL,99,3010,1),(4961,NULL,99,3011,1),(4962,NULL,99,3012,1),(4963,NULL,99,3013,1),(4964,NULL,99,3014,1),(4965,NULL,99,3015,1),(4966,NULL,100,2926,1),(4967,NULL,100,2927,1),(4968,NULL,100,2928,1),(4969,NULL,100,2929,1),(4970,NULL,100,2930,1),(4971,NULL,100,2931,1),(4972,NULL,100,2932,1),(4973,NULL,100,2933,1),(4974,NULL,100,2934,1),(4975,NULL,100,2935,1),(4976,NULL,100,2936,1),(4977,NULL,100,2937,1),(4978,NULL,100,2938,3),(4979,NULL,100,2939,3),(4980,NULL,100,2940,3),(4981,NULL,100,2941,3),(4982,NULL,100,2942,3),(4983,NULL,100,2943,3),(4984,NULL,100,2944,1),(4985,NULL,100,2945,1),(4986,NULL,100,2946,1),(4987,NULL,100,2947,3),(4988,NULL,100,2948,3),(4989,NULL,100,2949,3),(4990,NULL,100,2950,3),(4991,NULL,100,2951,3),(4992,NULL,100,2952,3),(4993,NULL,100,2953,3),(4994,NULL,100,2954,1),(4995,NULL,100,2955,1),(4996,NULL,100,2956,1),(4997,NULL,100,2957,3),(4998,NULL,100,2958,3),(4999,NULL,100,2959,3),(5000,NULL,100,2960,3),(5001,NULL,100,2961,3),(5002,NULL,100,2962,3),(5003,NULL,100,2963,3),(5004,NULL,100,2964,1),(5005,NULL,100,2965,1),(5006,NULL,100,2966,1),(5007,NULL,100,2967,3),(5008,NULL,100,2968,3),(5009,NULL,100,2969,3),(5010,NULL,100,2970,3),(5011,NULL,100,2971,3),(5012,NULL,100,2972,3),(5013,NULL,100,2973,3),(5014,NULL,100,2974,1),(5015,NULL,100,2975,1),(5016,NULL,100,2976,1),(5017,NULL,100,2977,3),(5018,NULL,100,2978,3),(5019,NULL,100,2979,3),(5020,NULL,100,2980,3),(5021,NULL,100,2981,3),(5022,NULL,100,2982,3),(5023,NULL,100,2983,3),(5024,NULL,100,2984,1),(5025,NULL,100,2985,1),(5026,NULL,100,2986,1),(5027,NULL,100,2987,3),(5028,NULL,100,2988,3),(5029,NULL,100,2989,3),(5030,NULL,100,2990,3),(5031,NULL,100,2991,3),(5032,NULL,100,2992,3),(5033,NULL,100,2993,3),(5034,NULL,100,2994,1),(5035,NULL,100,2995,1),(5036,NULL,100,2996,1),(5037,NULL,100,2997,1),(5038,NULL,100,2998,3),(5039,NULL,100,2999,3),(5040,NULL,100,3000,3),(5041,NULL,100,3001,3),(5042,NULL,100,3002,1),(5043,NULL,100,3003,1),(5044,NULL,100,3004,1),(5045,NULL,100,3005,1),(5046,NULL,100,3006,1),(5047,NULL,100,3007,1),(5048,NULL,100,3008,1),(5049,NULL,100,3009,1),(5050,NULL,100,3010,1),(5051,NULL,100,3011,1),(5052,NULL,100,3012,1),(5053,NULL,100,3013,1),(5054,NULL,100,3014,1),(5055,NULL,100,3015,1),(5056,NULL,101,2926,1),(5057,NULL,101,2927,1),(5058,NULL,101,2928,1),(5059,NULL,101,2929,1),(5060,NULL,101,2930,3),(5061,NULL,101,2931,3),(5062,NULL,101,2932,3),(5063,NULL,101,2933,1),(5064,NULL,101,2934,1),(5065,NULL,101,2935,1),(5066,NULL,101,2936,1),(5067,NULL,101,2937,1),(5068,NULL,101,2938,3),(5069,NULL,101,2939,3),(5070,NULL,101,2940,3),(5071,NULL,101,2941,3),(5072,NULL,101,2942,3),(5073,NULL,101,2943,3),(5074,NULL,101,2944,1),(5075,NULL,101,2945,1),(5076,NULL,101,2946,1),(5077,NULL,101,2947,1),(5078,NULL,101,2948,3),(5079,NULL,101,2949,3),(5080,NULL,101,2950,3),(5081,NULL,101,2951,3),(5082,NULL,101,2952,3),(5083,NULL,101,2953,3),(5084,NULL,101,2954,1),(5085,NULL,101,2955,1),(5086,NULL,101,2956,1),(5087,NULL,101,2957,1),(5088,NULL,101,2958,3),(5089,NULL,101,2959,3),(5090,NULL,101,2960,3),(5091,NULL,101,2961,3),(5092,NULL,101,2962,3),(5093,NULL,101,2963,3),(5094,NULL,101,2964,1),(5095,NULL,101,2965,1),(5096,NULL,101,2966,1),(5097,NULL,101,2967,1),(5098,NULL,101,2968,3),(5099,NULL,101,2969,3),(5100,NULL,101,2970,3),(5101,NULL,101,2971,3),(5102,NULL,101,2972,3),(5103,NULL,101,2973,3),(5104,NULL,101,2974,1),(5105,NULL,101,2975,1),(5106,NULL,101,2976,1),(5107,NULL,101,2977,1),(5108,NULL,101,2978,3),(5109,NULL,101,2979,3),(5110,NULL,101,2980,3),(5111,NULL,101,2981,3),(5112,NULL,101,2982,3),(5113,NULL,101,2983,3),(5114,NULL,101,2984,1),(5115,NULL,101,2985,1),(5116,NULL,101,2986,1),(5117,NULL,101,2987,1),(5118,NULL,101,2988,3),(5119,NULL,101,2989,3),(5120,NULL,101,2990,3),(5121,NULL,101,2991,3),(5122,NULL,101,2992,3),(5123,NULL,101,2993,3),(5124,NULL,101,2994,1),(5125,NULL,101,2995,1),(5126,NULL,101,2996,1),(5127,NULL,101,2997,1),(5128,NULL,101,2998,3),(5129,NULL,101,2999,3),(5130,NULL,101,3000,3),(5131,NULL,101,3001,3),(5132,NULL,101,3002,3),(5133,NULL,101,3003,3),(5134,NULL,101,3004,1),(5135,NULL,101,3005,1),(5136,NULL,101,3006,1),(5137,NULL,101,3007,1),(5138,NULL,101,3008,1),(5139,NULL,101,3009,1),(5140,NULL,101,3010,1),(5141,NULL,101,3011,1),(5142,NULL,101,3012,1),(5143,NULL,101,3013,1),(5144,NULL,101,3014,1),(5145,NULL,101,3015,1),(5146,NULL,102,2926,1),(5147,NULL,102,2927,1),(5148,NULL,102,2928,1),(5149,NULL,102,2929,1),(5150,NULL,102,2930,1),(5151,NULL,102,2931,1),(5152,NULL,102,2932,1),(5153,NULL,102,2933,1),(5154,NULL,102,2934,1),(5155,NULL,102,2935,1),(5156,NULL,102,2936,1),(5157,NULL,102,2937,1),(5158,NULL,102,2938,1),(5159,NULL,102,2939,1),(5160,NULL,102,2940,1),(5161,NULL,102,2941,1),(5162,NULL,102,2942,1),(5163,NULL,102,2943,1),(5164,NULL,102,2944,1),(5165,NULL,102,2945,1),(5166,NULL,102,2946,1),(5167,NULL,102,2947,1),(5168,NULL,102,2948,1),(5169,NULL,102,2949,3),(5170,NULL,102,2950,3),(5171,NULL,102,2951,3),(5172,NULL,102,2952,3),(5173,NULL,102,2953,1),(5174,NULL,102,2954,1),(5175,NULL,102,2955,1),(5176,NULL,102,2956,1),(5177,NULL,102,2957,1),(5178,NULL,102,2958,1),(5179,NULL,102,2959,3),(5180,NULL,102,2960,3),(5181,NULL,102,2961,3),(5182,NULL,102,2962,3),(5183,NULL,102,2963,3),(5184,NULL,102,2964,1),(5185,NULL,102,2965,1),(5186,NULL,102,2966,1),(5187,NULL,102,2967,1),(5188,NULL,102,2968,1),(5189,NULL,102,2969,3),(5190,NULL,102,2970,3),(5191,NULL,102,2971,3),(5192,NULL,102,2972,3),(5193,NULL,102,2973,3),(5194,NULL,102,2974,1),(5195,NULL,102,2975,1),(5196,NULL,102,2976,1),(5197,NULL,102,2977,1),(5198,NULL,102,2978,1),(5199,NULL,102,2979,3),(5200,NULL,102,2980,3),(5201,NULL,102,2981,3),(5202,NULL,102,2982,3),(5203,NULL,102,2983,1),(5204,NULL,102,2984,1),(5205,NULL,102,2985,1),(5206,NULL,102,2986,1),(5207,NULL,102,2987,1),(5208,NULL,102,2988,1),(5209,NULL,102,2989,1),(5210,NULL,102,2990,1),(5211,NULL,102,2991,1),(5212,NULL,102,2992,1),(5213,NULL,102,2993,1),(5214,NULL,102,2994,1),(5215,NULL,102,2995,1),(5216,NULL,102,2996,1),(5217,NULL,102,2997,1),(5218,NULL,102,2998,1),(5219,NULL,102,2999,1),(5220,NULL,102,3000,1),(5221,NULL,102,3001,1),(5222,NULL,102,3002,1),(5223,NULL,102,3003,1),(5224,NULL,102,3004,1),(5225,NULL,102,3005,1),(5226,NULL,102,3006,1),(5227,NULL,102,3007,1),(5228,NULL,102,3008,1),(5229,NULL,102,3009,1),(5230,NULL,102,3010,1),(5231,NULL,102,3011,1),(5232,NULL,102,3012,1),(5233,NULL,102,3013,1),(5234,NULL,102,3014,1),(5235,NULL,102,3015,1),(5236,NULL,103,2926,1),(5237,NULL,103,2927,1),(5238,NULL,103,2928,1),(5239,NULL,103,2929,1),(5240,NULL,103,2930,1),(5241,NULL,103,2931,1),(5242,NULL,103,2932,1),(5243,NULL,103,2933,1),(5244,NULL,103,2934,1),(5245,NULL,103,2935,1),(5246,NULL,103,2936,1),(5247,NULL,103,2937,1),(5248,NULL,103,2938,1),(5249,NULL,103,2939,1),(5250,NULL,103,2940,1),(5251,NULL,103,2941,1),(5252,NULL,103,2942,1),(5253,NULL,103,2943,1),(5254,NULL,103,2944,1),(5255,NULL,103,2945,1),(5256,NULL,103,2946,1),(5257,NULL,103,2947,1),(5258,NULL,103,2948,1),(5259,NULL,103,2949,3),(5260,NULL,103,2950,3),(5261,NULL,103,2951,3),(5262,NULL,103,2952,3),(5263,NULL,103,2953,1),(5264,NULL,103,2954,1),(5265,NULL,103,2955,1),(5266,NULL,103,2956,1),(5267,NULL,103,2957,1),(5268,NULL,103,2958,1),(5269,NULL,103,2959,3),(5270,NULL,103,2960,3),(5271,NULL,103,2961,3),(5272,NULL,103,2962,3),(5273,NULL,103,2963,1),(5274,NULL,103,2964,1),(5275,NULL,103,2965,1),(5276,NULL,103,2966,1),(5277,NULL,103,2967,1),(5278,NULL,103,2968,1),(5279,NULL,103,2969,3),(5280,NULL,103,2970,3),(5281,NULL,103,2971,3),(5282,NULL,103,2972,3),(5283,NULL,103,2973,1),(5284,NULL,103,2974,1),(5285,NULL,103,2975,1),(5286,NULL,103,2976,1),(5287,NULL,103,2977,1),(5288,NULL,103,2978,1),(5289,NULL,103,2979,3),(5290,NULL,103,2980,3),(5291,NULL,103,2981,3),(5292,NULL,103,2982,3),(5293,NULL,103,2983,1),(5294,NULL,103,2984,1),(5295,NULL,103,2985,1),(5296,NULL,103,2986,1),(5297,NULL,103,2987,1),(5298,NULL,103,2988,1),(5299,NULL,103,2989,1),(5300,NULL,103,2990,3),(5301,NULL,103,2991,3),(5302,NULL,103,2992,3),(5303,NULL,103,2993,1),(5304,NULL,103,2994,1),(5305,NULL,103,2995,1),(5306,NULL,103,2996,1),(5307,NULL,103,2997,1),(5308,NULL,103,2998,1),(5309,NULL,103,2999,1),(5310,NULL,103,3000,1),(5311,NULL,103,3001,1),(5312,NULL,103,3002,1),(5313,NULL,103,3003,1),(5314,NULL,103,3004,1),(5315,NULL,103,3005,1),(5316,NULL,103,3006,1),(5317,NULL,103,3007,1),(5318,NULL,103,3008,1),(5319,NULL,103,3009,1),(5320,NULL,103,3010,1),(5321,NULL,103,3011,1),(5322,NULL,103,3012,1),(5323,NULL,103,3013,1),(5324,NULL,103,3014,1),(5325,NULL,103,3015,1),(5326,NULL,104,2926,1),(5327,NULL,104,2927,1),(5328,NULL,104,2928,1),(5329,NULL,104,2929,1),(5330,NULL,104,2930,1),(5331,NULL,104,2931,1),(5332,NULL,104,2932,1),(5333,NULL,104,2933,1),(5334,NULL,104,2934,1),(5335,NULL,104,2935,1),(5336,NULL,104,2936,1),(5337,NULL,104,2937,1),(5338,NULL,104,2938,1),(5339,NULL,104,2939,1),(5340,NULL,104,2940,1),(5341,NULL,104,2941,1),(5342,NULL,104,2942,1),(5343,NULL,104,2943,1),(5344,NULL,104,2944,1),(5345,NULL,104,2945,1),(5346,NULL,104,2946,1),(5347,NULL,104,2947,1),(5348,NULL,104,2948,1),(5349,NULL,104,2949,3),(5350,NULL,104,2950,3),(5351,NULL,104,2951,3),(5352,NULL,104,2952,3),(5353,NULL,104,2953,1),(5354,NULL,104,2954,1),(5355,NULL,104,2955,1),(5356,NULL,104,2956,1),(5357,NULL,104,2957,1),(5358,NULL,104,2958,1),(5359,NULL,104,2959,3),(5360,NULL,104,2960,3),(5361,NULL,104,2961,3),(5362,NULL,104,2962,3),(5363,NULL,104,2963,1),(5364,NULL,104,2964,1),(5365,NULL,104,2965,1),(5366,NULL,104,2966,1),(5367,NULL,104,2967,1),(5368,NULL,104,2968,1),(5369,NULL,104,2969,3),(5370,NULL,104,2970,3),(5371,NULL,104,2971,3),(5372,NULL,104,2972,3),(5373,NULL,104,2973,1),(5374,NULL,104,2974,1),(5375,NULL,104,2975,1),(5376,NULL,104,2976,1),(5377,NULL,104,2977,1),(5378,NULL,104,2978,1),(5379,NULL,104,2979,3),(5380,NULL,104,2980,3),(5381,NULL,104,2981,3),(5382,NULL,104,2982,3),(5383,NULL,104,2983,1),(5384,NULL,104,2984,1),(5385,NULL,104,2985,1),(5386,NULL,104,2986,1),(5387,NULL,104,2987,1),(5388,NULL,104,2988,1),(5389,NULL,104,2989,1),(5390,NULL,104,2990,3),(5391,NULL,104,2991,3),(5392,NULL,104,2992,1),(5393,NULL,104,2993,1),(5394,NULL,104,2994,1),(5395,NULL,104,2995,1),(5396,NULL,104,2996,1),(5397,NULL,104,2997,1),(5398,NULL,104,2998,1),(5399,NULL,104,2999,1),(5400,NULL,104,3000,1),(5401,NULL,104,3001,1),(5402,NULL,104,3002,1),(5403,NULL,104,3003,1),(5404,NULL,104,3004,1),(5405,NULL,104,3005,1),(5406,NULL,104,3006,1),(5407,NULL,104,3007,1),(5408,NULL,104,3008,1),(5409,NULL,104,3009,1),(5410,NULL,104,3010,1),(5411,NULL,104,3011,1),(5412,NULL,104,3012,1),(5413,NULL,104,3013,1),(5414,NULL,104,3014,1),(5415,NULL,104,3015,1),(5416,NULL,105,2926,1),(5417,NULL,105,2927,1),(5418,NULL,105,2928,1),(5419,NULL,105,2929,1),(5420,NULL,105,2930,1),(5421,NULL,105,2931,1),(5422,NULL,105,2932,1),(5423,NULL,105,2933,1),(5424,NULL,105,2934,1),(5425,NULL,105,2935,1),(5426,NULL,105,2936,1),(5427,NULL,105,2937,1),(5428,NULL,105,2938,1),(5429,NULL,105,2939,1),(5430,NULL,105,2940,1),(5431,NULL,105,2941,1),(5432,NULL,105,2942,1),(5433,NULL,105,2943,1),(5434,NULL,105,2944,1),(5435,NULL,105,2945,1),(5436,NULL,105,2946,1),(5437,NULL,105,2947,3),(5438,NULL,105,2948,3),(5439,NULL,105,2949,3),(5440,NULL,105,2950,3),(5441,NULL,105,2951,3),(5442,NULL,105,2952,3),(5443,NULL,105,2953,3),(5444,NULL,105,2954,3),(5445,NULL,105,2955,1),(5446,NULL,105,2956,1),(5447,NULL,105,2957,3),(5448,NULL,105,2958,3),(5449,NULL,105,2959,3),(5450,NULL,105,2960,3),(5451,NULL,105,2961,3),(5452,NULL,105,2962,3),(5453,NULL,105,2963,3),(5454,NULL,105,2964,3),(5455,NULL,105,2965,1),(5456,NULL,105,2966,1),(5457,NULL,105,2967,3),(5458,NULL,105,2968,3),(5459,NULL,105,2969,3),(5460,NULL,105,2970,3),(5461,NULL,105,2971,3),(5462,NULL,105,2972,3),(5463,NULL,105,2973,3),(5464,NULL,105,2974,3),(5465,NULL,105,2975,1),(5466,NULL,105,2976,1),(5467,NULL,105,2977,3),(5468,NULL,105,2978,3),(5469,NULL,105,2979,3),(5470,NULL,105,2980,3),(5471,NULL,105,2981,3),(5472,NULL,105,2982,3),(5473,NULL,105,2983,3),(5474,NULL,105,2984,3),(5475,NULL,105,2985,1),(5476,NULL,105,2986,1),(5477,NULL,105,2987,3),(5478,NULL,105,2988,3),(5479,NULL,105,2989,3),(5480,NULL,105,2990,3),(5481,NULL,105,2991,3),(5482,NULL,105,2992,3),(5483,NULL,105,2993,3),(5484,NULL,105,2994,3),(5485,NULL,105,2995,1),(5486,NULL,105,2996,1),(5487,NULL,105,2997,1),(5488,NULL,105,2998,1),(5489,NULL,105,2999,1),(5490,NULL,105,3000,1),(5491,NULL,105,3001,1),(5492,NULL,105,3002,1),(5493,NULL,105,3003,1),(5494,NULL,105,3004,1),(5495,NULL,105,3005,1),(5496,NULL,105,3006,1),(5497,NULL,105,3007,1),(5498,NULL,105,3008,1),(5499,NULL,105,3009,1),(5500,NULL,105,3010,1),(5501,NULL,105,3011,1),(5502,NULL,105,3012,1),(5503,NULL,105,3013,1),(5504,NULL,105,3014,1),(5505,NULL,105,3015,1),(5506,NULL,106,2926,1),(5507,NULL,106,2927,1),(5508,NULL,106,2928,1),(5509,NULL,106,2929,1),(5510,NULL,106,2930,1),(5511,NULL,106,2931,1),(5512,NULL,106,2932,1),(5513,NULL,106,2933,1),(5514,NULL,106,2934,1),(5515,NULL,106,2935,1),(5516,NULL,106,2936,1),(5517,NULL,106,2937,1),(5518,NULL,106,2938,1),(5519,NULL,106,2939,1),(5520,NULL,106,2940,1),(5521,NULL,106,2941,1),(5522,NULL,106,2942,1),(5523,NULL,106,2943,3),(5524,NULL,106,2944,1),(5525,NULL,106,2945,1),(5526,NULL,106,2946,1),(5527,NULL,106,2947,1),(5528,NULL,106,2948,1),(5529,NULL,106,2949,1),(5530,NULL,106,2950,1),(5531,NULL,106,2951,3),(5532,NULL,106,2952,3),(5533,NULL,106,2953,3),(5534,NULL,106,2954,3),(5535,NULL,106,2955,3),(5536,NULL,106,2956,1),(5537,NULL,106,2957,1),(5538,NULL,106,2958,1),(5539,NULL,106,2959,1),(5540,NULL,106,2960,1),(5541,NULL,106,2961,3),(5542,NULL,106,2962,3),(5543,NULL,106,2963,3),(5544,NULL,106,2964,3),(5545,NULL,106,2965,3),(5546,NULL,106,2966,1),(5547,NULL,106,2967,1),(5548,NULL,106,2968,1),(5549,NULL,106,2969,1),(5550,NULL,106,2970,1),(5551,NULL,106,2971,3),(5552,NULL,106,2972,3),(5553,NULL,106,2973,3),(5554,NULL,106,2974,3),(5555,NULL,106,2975,3),(5556,NULL,106,2976,1),(5557,NULL,106,2977,1),(5558,NULL,106,2978,1),(5559,NULL,106,2979,1),(5560,NULL,106,2980,1),(5561,NULL,106,2981,3),(5562,NULL,106,2982,3),(5563,NULL,106,2983,3),(5564,NULL,106,2984,3),(5565,NULL,106,2985,3),(5566,NULL,106,2986,1),(5567,NULL,106,2987,1),(5568,NULL,106,2988,1),(5569,NULL,106,2989,1),(5570,NULL,106,2990,1),(5571,NULL,106,2991,1),(5572,NULL,106,2992,3),(5573,NULL,106,2993,3),(5574,NULL,106,2994,3),(5575,NULL,106,2995,3),(5576,NULL,106,2996,1),(5577,NULL,106,2997,1),(5578,NULL,106,2998,1),(5579,NULL,106,2999,1),(5580,NULL,106,3000,1),(5581,NULL,106,3001,1),(5582,NULL,106,3002,3),(5583,NULL,106,3003,3),(5584,NULL,106,3004,3),(5585,NULL,106,3005,3),(5586,NULL,106,3006,1),(5587,NULL,106,3007,1),(5588,NULL,106,3008,1),(5589,NULL,106,3009,1),(5590,NULL,106,3010,1),(5591,NULL,106,3011,1),(5592,NULL,106,3012,1),(5593,NULL,106,3013,1),(5594,NULL,106,3014,3),(5595,NULL,106,3015,3),(5596,NULL,107,2705,1),(5597,NULL,107,2706,1),(5598,NULL,107,2707,1),(5599,NULL,107,2708,1),(5600,NULL,107,2709,1),(5601,NULL,107,2710,1),(5602,NULL,107,2711,1),(5603,NULL,107,2712,1),(5604,NULL,107,2713,1),(5605,NULL,107,2714,1),(5606,NULL,107,2715,1),(5607,NULL,107,2716,1),(5608,NULL,107,2717,1),(5609,NULL,107,2718,1),(5610,NULL,107,2719,1),(5611,NULL,107,2720,1),(5612,NULL,107,2721,1),(5613,NULL,107,2722,1),(5614,NULL,107,2723,1),(5615,NULL,107,2724,1),(5616,NULL,107,2725,1),(5617,NULL,107,2726,1),(5618,NULL,107,2727,1),(5619,NULL,107,2728,1),(5620,NULL,107,2729,1),(5621,NULL,107,2730,1),(5622,NULL,107,2731,1),(5623,NULL,107,2732,1),(5624,NULL,107,2733,1),(5625,NULL,107,2734,1),(5626,NULL,107,2735,1),(5627,NULL,107,2736,1),(5628,NULL,107,2737,1),(5629,NULL,107,2738,1),(5630,NULL,107,2739,1),(5631,NULL,107,2740,1),(5632,NULL,107,2741,1),(5633,NULL,107,2742,1),(5634,NULL,107,2743,1),(5635,NULL,107,2744,1),(5636,NULL,107,2745,1),(5637,NULL,107,2746,1),(5638,NULL,107,2747,1),(5639,NULL,107,2748,1),(5640,NULL,107,2749,1),(5641,NULL,107,2750,1),(5642,NULL,107,2751,1),(5643,NULL,107,2752,1),(5644,NULL,107,2753,1),(5645,NULL,107,2754,1),(5646,NULL,107,2755,1),(5647,NULL,107,2756,1),(5648,NULL,107,2757,1),(5649,NULL,107,2758,1),(5650,NULL,107,2759,1),(5651,NULL,107,2760,1),(5652,NULL,107,2761,1),(5653,NULL,107,2762,1),(5654,NULL,107,2763,1),(5655,NULL,107,2764,1),(5656,NULL,107,2765,1),(5657,NULL,107,2766,1),(5658,NULL,107,2767,1),(5659,NULL,107,2768,1),(5660,NULL,107,2769,1),(5661,NULL,107,2770,1),(5662,NULL,107,2771,1),(5663,NULL,107,2772,1),(5664,NULL,107,2773,1),(5665,NULL,107,2774,1),(5666,NULL,107,2775,1),(5667,NULL,107,2776,1),(5668,NULL,107,2777,1),(5669,NULL,107,2778,1),(5670,NULL,107,2779,1),(5671,NULL,107,2780,1),(5672,NULL,107,2781,1),(5673,NULL,107,2782,1),(5674,NULL,107,2783,1),(5675,NULL,107,2784,1),(5676,NULL,107,2785,1),(5677,NULL,107,2786,1),(5678,NULL,107,2787,1),(5679,NULL,107,2788,1),(5680,NULL,107,2789,1),(5681,NULL,107,2790,1),(5682,NULL,107,2791,1),(5683,NULL,107,2792,1),(5684,NULL,107,2793,1),(5685,NULL,107,2794,1),(5686,NULL,107,2795,1),(5687,NULL,107,2796,1),(5688,NULL,107,2797,1),(5689,NULL,107,2798,1),(5690,NULL,107,2799,1),(5691,NULL,107,2800,1),(5692,NULL,107,2801,1),(5693,NULL,107,2802,1),(5694,NULL,107,2803,1),(5695,NULL,107,2804,1),(5696,NULL,108,3097,1),(5697,NULL,108,3098,1),(5698,NULL,108,3099,1),(5699,NULL,108,3100,1),(5700,NULL,108,3101,1),(5701,NULL,108,3102,1),(5702,NULL,108,3103,1),(5703,NULL,108,3104,1),(5704,NULL,108,3105,1),(5705,NULL,108,3106,1),(5706,NULL,108,3107,1),(5707,NULL,108,3108,1),(5708,NULL,108,3109,1),(5709,NULL,108,3110,1),(5710,NULL,108,3111,1),(5711,NULL,108,3112,1),(5712,NULL,108,3113,1),(5713,NULL,108,3114,1),(5714,NULL,108,3115,1),(5715,NULL,108,3116,1),(5716,NULL,108,3117,1),(5717,NULL,108,3118,1),(5718,NULL,108,3119,1),(5719,NULL,108,3120,1),(5720,NULL,108,3121,1),(5721,NULL,108,3122,1),(5722,NULL,108,3123,1),(5723,NULL,108,3124,1),(5724,NULL,108,3125,1),(5725,NULL,108,3126,1),(5726,NULL,108,3127,1),(5727,NULL,108,3128,1),(5728,NULL,108,3129,1),(5729,NULL,108,3130,1),(5730,NULL,108,3131,1),(5731,NULL,108,3132,1),(5732,NULL,108,3133,1),(5733,NULL,108,3134,1),(5734,NULL,108,3135,1),(5735,NULL,108,3136,1),(5736,NULL,108,3137,1),(5737,NULL,108,3138,1),(5738,NULL,108,3139,1),(5739,NULL,108,3140,1),(5740,NULL,108,3141,1),(5741,NULL,108,3142,1),(5742,NULL,108,3143,1),(5743,NULL,108,3144,1),(5744,NULL,108,3145,1),(5745,NULL,108,3146,1),(5746,NULL,108,3147,1),(5747,NULL,108,3148,1),(5748,NULL,108,3149,1),(5749,NULL,108,3150,1),(5750,NULL,108,3151,1),(5751,NULL,108,3152,1),(5752,NULL,108,3153,1),(5753,NULL,108,3154,1),(5754,NULL,108,3155,1),(5755,NULL,108,3156,1),(5756,NULL,108,3157,1),(5757,NULL,108,3158,1),(5758,NULL,108,3159,1),(5759,NULL,108,3160,1),(5760,NULL,108,3161,1),(5761,NULL,108,3162,1),(5762,NULL,108,3163,1),(5763,NULL,108,3164,1),(5764,NULL,108,3165,1),(5765,NULL,108,3166,1),(5766,NULL,108,3167,1),(5767,NULL,108,3168,1),(5768,NULL,108,3169,1),(5769,NULL,108,3170,1),(5770,NULL,108,3171,1),(5771,NULL,108,3172,1),(5772,NULL,108,3173,1),(5773,NULL,108,3174,1),(5774,NULL,108,3175,1),(5775,NULL,108,3176,1),(5776,NULL,108,3177,1),(5852,NULL,110,3097,1),(5853,NULL,110,3098,1),(5854,NULL,110,3099,1),(5855,NULL,110,3100,1),(5856,NULL,110,3101,1),(5857,NULL,110,3102,1),(5858,NULL,110,3103,1),(5859,NULL,110,3104,1),(5860,NULL,110,3105,1),(5861,NULL,110,3106,1),(5862,NULL,110,3107,1),(5863,NULL,110,3108,1),(5864,NULL,110,3109,1),(5865,NULL,110,3110,1),(5866,NULL,110,3111,1),(5867,NULL,110,3112,1),(5868,NULL,110,3113,1),(5869,NULL,110,3114,1),(5870,NULL,110,3115,1),(5871,NULL,110,3116,1),(5872,NULL,110,3117,1),(5873,NULL,110,3118,3),(5874,NULL,110,3119,3),(5875,NULL,110,3120,1),(5876,NULL,110,3121,1),(5877,NULL,110,3122,1),(5878,NULL,110,3123,1),(5879,NULL,110,3124,1),(5880,NULL,110,3125,1),(5881,NULL,110,3126,3),(5882,NULL,110,3127,3),(5883,NULL,110,3128,3),(5884,NULL,110,3129,3),(5885,NULL,110,3130,3),(5886,NULL,110,3131,1),(5887,NULL,110,3132,1),(5888,NULL,110,3133,1),(5889,NULL,110,3134,1),(5890,NULL,110,3135,3),(5891,NULL,110,3136,3),(5892,NULL,110,3137,3),(5893,NULL,110,3138,3),(5894,NULL,110,3139,3),(5895,NULL,110,3140,1),(5896,NULL,110,3141,1),(5897,NULL,110,3142,1),(5898,NULL,110,3143,1),(5899,NULL,110,3144,3),(5900,NULL,110,3145,3),(5901,NULL,110,3146,3),(5902,NULL,110,3147,3),(5903,NULL,110,3148,3),(5904,NULL,110,3149,1),(5905,NULL,110,3150,1),(5906,NULL,110,3151,1),(5907,NULL,110,3152,1),(5908,NULL,110,3153,1),(5909,NULL,110,3154,3),(5910,NULL,110,3155,3),(5911,NULL,110,3156,3),(5912,NULL,110,3157,1),(5913,NULL,110,3158,1),(5914,NULL,110,3159,1),(5915,NULL,110,3160,1),(5916,NULL,110,3161,1),(5917,NULL,110,3162,1),(5918,NULL,110,3163,1),(5919,NULL,110,3164,1),(5920,NULL,110,3165,1),(5921,NULL,110,3166,1),(5922,NULL,110,3167,1),(5923,NULL,110,3168,1),(5924,NULL,110,3169,1),(5925,NULL,110,3170,1),(5926,NULL,110,3171,1),(5927,NULL,110,3172,1),(5928,NULL,110,3173,1),(5929,NULL,110,3174,1),(5930,NULL,110,3175,1),(5931,NULL,110,3176,1),(5932,NULL,110,3177,1),(5933,NULL,111,3097,1),(5934,NULL,111,3098,1),(5935,NULL,111,3099,1),(5936,NULL,111,3100,1),(5937,NULL,111,3101,1),(5938,NULL,111,3102,1),(5939,NULL,111,3103,1),(5940,NULL,111,3104,1),(5941,NULL,111,3105,1),(5942,NULL,111,3106,1),(5943,NULL,111,3107,1),(5944,NULL,111,3108,1),(5945,NULL,111,3109,1),(5946,NULL,111,3110,1),(5947,NULL,111,3111,1),(5948,NULL,111,3112,1),(5949,NULL,111,3113,1),(5950,NULL,111,3114,1),(5951,NULL,111,3115,1),(5952,NULL,111,3116,1),(5953,NULL,111,3117,1),(5954,NULL,111,3118,1),(5955,NULL,111,3119,3),(5956,NULL,111,3120,3),(5957,NULL,111,3121,1),(5958,NULL,111,3122,1),(5959,NULL,111,3123,1),(5960,NULL,111,3124,1),(5961,NULL,111,3125,1),(5962,NULL,111,3126,3),(5963,NULL,111,3127,3),(5964,NULL,111,3128,3),(5965,NULL,111,3129,3),(5966,NULL,111,3130,3),(5967,NULL,111,3131,1),(5968,NULL,111,3132,1),(5969,NULL,111,3133,1),(5970,NULL,111,3134,1),(5971,NULL,111,3135,3),(5972,NULL,111,3136,3),(5973,NULL,111,3137,3),(5974,NULL,111,3138,3),(5975,NULL,111,3139,3),(5976,NULL,111,3140,1),(5977,NULL,111,3141,1),(5978,NULL,111,3142,1),(5979,NULL,111,3143,1),(5980,NULL,111,3144,3),(5981,NULL,111,3145,3),(5982,NULL,111,3146,3),(5983,NULL,111,3147,3),(5984,NULL,111,3148,3),(5985,NULL,111,3149,1),(5986,NULL,111,3150,1),(5987,NULL,111,3151,1),(5988,NULL,111,3152,1),(5989,NULL,111,3153,1),(5990,NULL,111,3154,1),(5991,NULL,111,3155,3),(5992,NULL,111,3156,3),(5993,NULL,111,3157,1),(5994,NULL,111,3158,1),(5995,NULL,111,3159,1),(5996,NULL,111,3160,1),(5997,NULL,111,3161,1),(5998,NULL,111,3162,1),(5999,NULL,111,3163,1),(6000,NULL,111,3164,1),(6001,NULL,111,3165,1),(6002,NULL,111,3166,1),(6003,NULL,111,3167,1),(6004,NULL,111,3168,1),(6005,NULL,111,3169,1),(6006,NULL,111,3170,1),(6007,NULL,111,3171,1),(6008,NULL,111,3172,1),(6009,NULL,111,3173,1),(6010,NULL,111,3174,1),(6011,NULL,111,3175,1),(6012,NULL,111,3176,1),(6013,NULL,111,3177,1),(6014,NULL,112,3097,1),(6015,NULL,112,3098,1),(6016,NULL,112,3099,1),(6017,NULL,112,3100,1),(6018,NULL,112,3101,1),(6019,NULL,112,3102,1),(6020,NULL,112,3103,1),(6021,NULL,112,3104,1),(6022,NULL,112,3105,1),(6023,NULL,112,3106,3),(6024,NULL,112,3107,1),(6025,NULL,112,3108,1),(6026,NULL,112,3109,1),(6027,NULL,112,3110,1),(6028,NULL,112,3111,1),(6029,NULL,112,3112,1),(6030,NULL,112,3113,1),(6031,NULL,112,3114,1),(6032,NULL,112,3115,1),(6033,NULL,112,3116,1),(6034,NULL,112,3117,1),(6035,NULL,112,3118,3),(6036,NULL,112,3119,1),(6037,NULL,112,3120,3),(6038,NULL,112,3121,1),(6039,NULL,112,3122,1),(6040,NULL,112,3123,1),(6041,NULL,112,3124,1),(6042,NULL,112,3125,1),(6043,NULL,112,3126,1),(6044,NULL,112,3127,3),(6045,NULL,112,3128,3),(6046,NULL,112,3129,1),(6047,NULL,112,3130,1),(6048,NULL,112,3131,3),(6049,NULL,112,3132,1),(6050,NULL,112,3133,1),(6051,NULL,112,3134,1),(6052,NULL,112,3135,3),(6053,NULL,112,3136,3),(6054,NULL,112,3137,3),(6055,NULL,112,3138,3),(6056,NULL,112,3139,3),(6057,NULL,112,3140,1),(6058,NULL,112,3141,1),(6059,NULL,112,3142,1),(6060,NULL,112,3143,1),(6061,NULL,112,3144,1),(6062,NULL,112,3145,3),(6063,NULL,112,3146,3),(6064,NULL,112,3147,1),(6065,NULL,112,3148,1),(6066,NULL,112,3149,1),(6067,NULL,112,3150,1),(6068,NULL,112,3151,1),(6069,NULL,112,3152,1),(6070,NULL,112,3153,3),(6071,NULL,112,3154,1),(6072,NULL,112,3155,1),(6073,NULL,112,3156,3),(6074,NULL,112,3157,1),(6075,NULL,112,3158,3),(6076,NULL,112,3159,1),(6077,NULL,112,3160,1),(6078,NULL,112,3161,1),(6079,NULL,112,3162,1),(6080,NULL,112,3163,1),(6081,NULL,112,3164,1),(6082,NULL,112,3165,1),(6083,NULL,112,3166,1),(6084,NULL,112,3167,1),(6085,NULL,112,3168,1),(6086,NULL,112,3169,1),(6087,NULL,112,3170,1),(6088,NULL,112,3171,1),(6089,NULL,112,3172,1),(6090,NULL,112,3173,1),(6091,NULL,112,3174,1),(6092,NULL,112,3175,1),(6093,NULL,112,3176,1),(6094,NULL,112,3177,1),(6095,NULL,113,3097,1),(6096,NULL,113,3098,1),(6097,NULL,113,3099,1),(6098,NULL,113,3100,1),(6099,NULL,113,3101,1),(6100,NULL,113,3102,1),(6101,NULL,113,3103,1),(6102,NULL,113,3104,1),(6103,NULL,113,3105,1),(6104,NULL,113,3106,1),(6105,NULL,113,3107,1),(6106,NULL,113,3108,1),(6107,NULL,113,3109,1),(6108,NULL,113,3110,1),(6109,NULL,113,3111,1),(6110,NULL,113,3112,1),(6111,NULL,113,3113,1),(6112,NULL,113,3114,1),(6113,NULL,113,3115,1),(6114,NULL,113,3116,1),(6115,NULL,113,3117,1),(6116,NULL,113,3118,3),(6117,NULL,113,3119,3),(6118,NULL,113,3120,3),(6119,NULL,113,3121,1),(6120,NULL,113,3122,1),(6121,NULL,113,3123,1),(6122,NULL,113,3124,1),(6123,NULL,113,3125,1),(6124,NULL,113,3126,3),(6125,NULL,113,3127,3),(6126,NULL,113,3128,3),(6127,NULL,113,3129,3),(6128,NULL,113,3130,3),(6129,NULL,113,3131,1),(6130,NULL,113,3132,1),(6131,NULL,113,3133,1),(6132,NULL,113,3134,1),(6133,NULL,113,3135,3),(6134,NULL,113,3136,3),(6135,NULL,113,3137,3),(6136,NULL,113,3138,3),(6137,NULL,113,3139,3),(6138,NULL,113,3140,1),(6139,NULL,113,3141,1),(6140,NULL,113,3142,1),(6141,NULL,113,3143,1),(6142,NULL,113,3144,3),(6143,NULL,113,3145,3),(6144,NULL,113,3146,3),(6145,NULL,113,3147,3),(6146,NULL,113,3148,3),(6147,NULL,113,3149,1),(6148,NULL,113,3150,1),(6149,NULL,113,3151,1),(6150,NULL,113,3152,1),(6151,NULL,113,3153,1),(6152,NULL,113,3154,3),(6153,NULL,113,3155,3),(6154,NULL,113,3156,3),(6155,NULL,113,3157,1),(6156,NULL,113,3158,1),(6157,NULL,113,3159,1),(6158,NULL,113,3160,1),(6159,NULL,113,3161,1),(6160,NULL,113,3162,1),(6161,NULL,113,3163,1),(6162,NULL,113,3164,1),(6163,NULL,113,3165,1),(6164,NULL,113,3166,1),(6165,NULL,113,3167,1),(6166,NULL,113,3168,1),(6167,NULL,113,3169,1),(6168,NULL,113,3170,1),(6169,NULL,113,3171,1),(6170,NULL,113,3172,1),(6171,NULL,113,3173,1),(6172,NULL,113,3174,1),(6173,NULL,113,3175,1),(6174,NULL,113,3176,1),(6175,NULL,113,3177,1),(6176,NULL,114,3097,1),(6177,NULL,114,3098,1),(6178,NULL,114,3099,1),(6179,NULL,114,3100,1),(6180,NULL,114,3101,1),(6181,NULL,114,3102,1),(6182,NULL,114,3103,1),(6183,NULL,114,3104,1),(6184,NULL,114,3105,1),(6185,NULL,114,3106,1),(6186,NULL,114,3107,1),(6187,NULL,114,3108,1),(6188,NULL,114,3109,1),(6189,NULL,114,3110,1),(6190,NULL,114,3111,1),(6191,NULL,114,3112,1),(6192,NULL,114,3113,1),(6193,NULL,114,3114,1),(6194,NULL,114,3115,1),(6195,NULL,114,3116,1),(6196,NULL,114,3117,1),(6197,NULL,114,3118,1),(6198,NULL,114,3119,3),(6199,NULL,114,3120,3),(6200,NULL,114,3121,3),(6201,NULL,114,3122,1),(6202,NULL,114,3123,1),(6203,NULL,114,3124,1),(6204,NULL,114,3125,1),(6205,NULL,114,3126,3),(6206,NULL,114,3127,3),(6207,NULL,114,3128,3),(6208,NULL,114,3129,3),(6209,NULL,114,3130,3),(6210,NULL,114,3131,1),(6211,NULL,114,3132,1),(6212,NULL,114,3133,1),(6213,NULL,114,3134,1),(6214,NULL,114,3135,1),(6215,NULL,114,3136,3),(6216,NULL,114,3137,3),(6217,NULL,114,3138,3),(6218,NULL,114,3139,3),(6219,NULL,114,3140,1),(6220,NULL,114,3141,1),(6221,NULL,114,3142,1),(6222,NULL,114,3143,1),(6223,NULL,114,3144,1),(6224,NULL,114,3145,3),(6225,NULL,114,3146,3),(6226,NULL,114,3147,3),(6227,NULL,114,3148,3),(6228,NULL,114,3149,1),(6229,NULL,114,3150,1),(6230,NULL,114,3151,1),(6231,NULL,114,3152,1),(6232,NULL,114,3153,1),(6233,NULL,114,3154,1),(6234,NULL,114,3155,1),(6235,NULL,114,3156,1),(6236,NULL,114,3157,1),(6237,NULL,114,3158,1),(6238,NULL,114,3159,1),(6239,NULL,114,3160,1),(6240,NULL,114,3161,1),(6241,NULL,114,3162,1),(6242,NULL,114,3163,1),(6243,NULL,114,3164,1),(6244,NULL,114,3165,1),(6245,NULL,114,3166,1),(6246,NULL,114,3167,1),(6247,NULL,114,3168,1),(6248,NULL,114,3169,1),(6249,NULL,114,3170,1),(6250,NULL,114,3171,1),(6251,NULL,114,3172,1),(6252,NULL,114,3173,1),(6253,NULL,114,3174,1),(6254,NULL,114,3175,1),(6255,NULL,114,3176,1),(6256,NULL,114,3177,1),(6257,NULL,115,3097,1),(6258,NULL,115,3098,1),(6259,NULL,115,3099,1),(6260,NULL,115,3100,1),(6261,NULL,115,3101,1),(6262,NULL,115,3102,1),(6263,NULL,115,3103,1),(6264,NULL,115,3104,1),(6265,NULL,115,3105,1),(6266,NULL,115,3106,1),(6267,NULL,115,3107,1),(6268,NULL,115,3108,1),(6269,NULL,115,3109,1),(6270,NULL,115,3110,1),(6271,NULL,115,3111,1),(6272,NULL,115,3112,1),(6273,NULL,115,3113,3),(6274,NULL,115,3114,1),(6275,NULL,115,3115,1),(6276,NULL,115,3116,3),(6277,NULL,115,3117,1),(6278,NULL,115,3118,3),(6279,NULL,115,3119,3),(6280,NULL,115,3120,3),(6281,NULL,115,3121,1),(6282,NULL,115,3122,1),(6283,NULL,115,3123,1),(6284,NULL,115,3124,1),(6285,NULL,115,3125,1),(6286,NULL,115,3126,1),(6287,NULL,115,3127,3),(6288,NULL,115,3128,1),(6289,NULL,115,3129,3),(6290,NULL,115,3130,1),(6291,NULL,115,3131,3),(6292,NULL,115,3132,1),(6293,NULL,115,3133,1),(6294,NULL,115,3134,1),(6295,NULL,115,3135,3),(6296,NULL,115,3136,3),(6297,NULL,115,3137,3),(6298,NULL,115,3138,3),(6299,NULL,115,3139,1),(6300,NULL,115,3140,1),(6301,NULL,115,3141,1),(6302,NULL,115,3142,1),(6303,NULL,115,3143,1),(6304,NULL,115,3144,1),(6305,NULL,115,3145,3),(6306,NULL,115,3146,3),(6307,NULL,115,3147,3),(6308,NULL,115,3148,1),(6309,NULL,115,3149,1),(6310,NULL,115,3150,1),(6311,NULL,115,3151,1),(6312,NULL,115,3152,1),(6313,NULL,115,3153,3),(6314,NULL,115,3154,3),(6315,NULL,115,3155,3),(6316,NULL,115,3156,3),(6317,NULL,115,3157,1),(6318,NULL,115,3158,1),(6319,NULL,115,3159,1),(6320,NULL,115,3160,1),(6321,NULL,115,3161,1),(6322,NULL,115,3162,1),(6323,NULL,115,3163,3),(6324,NULL,115,3164,1),(6325,NULL,115,3165,3),(6326,NULL,115,3166,1),(6327,NULL,115,3167,3),(6328,NULL,115,3168,1),(6329,NULL,115,3169,1),(6330,NULL,115,3170,1),(6331,NULL,115,3171,1),(6332,NULL,115,3172,1),(6333,NULL,115,3173,1),(6334,NULL,115,3174,1),(6335,NULL,115,3175,1),(6336,NULL,115,3176,1),(6337,NULL,115,3177,1),(6338,NULL,116,3097,1),(6339,NULL,116,3098,1),(6340,NULL,116,3099,1),(6341,NULL,116,3100,1),(6342,NULL,116,3101,1),(6343,NULL,116,3102,1),(6344,NULL,116,3103,1),(6345,NULL,116,3104,1),(6346,NULL,116,3105,1),(6347,NULL,116,3106,1),(6348,NULL,116,3107,1),(6349,NULL,116,3108,1),(6350,NULL,116,3109,1),(6351,NULL,116,3110,1),(6352,NULL,116,3111,1),(6353,NULL,116,3112,1),(6354,NULL,116,3113,1),(6355,NULL,116,3114,1),(6356,NULL,116,3115,1),(6357,NULL,116,3116,1),(6358,NULL,116,3117,1),(6359,NULL,116,3118,3),(6360,NULL,116,3119,3),(6361,NULL,116,3120,3),(6362,NULL,116,3121,1),(6363,NULL,116,3122,1),(6364,NULL,116,3123,1),(6365,NULL,116,3124,1),(6366,NULL,116,3125,1),(6367,NULL,116,3126,1),(6368,NULL,116,3127,1),(6369,NULL,116,3128,3),(6370,NULL,116,3129,3),(6371,NULL,116,3130,1),(6372,NULL,116,3131,1),(6373,NULL,116,3132,1),(6374,NULL,116,3133,1),(6375,NULL,116,3134,1),(6376,NULL,116,3135,1),(6377,NULL,116,3136,3),(6378,NULL,116,3137,1),(6379,NULL,116,3138,1),(6380,NULL,116,3139,1),(6381,NULL,116,3140,1),(6382,NULL,116,3141,1),(6383,NULL,116,3142,1),(6384,NULL,116,3143,1),(6385,NULL,116,3144,1),(6386,NULL,116,3145,1),(6387,NULL,116,3146,1),(6388,NULL,116,3147,3),(6389,NULL,116,3148,1),(6390,NULL,116,3149,1),(6391,NULL,116,3150,1),(6392,NULL,116,3151,1),(6393,NULL,116,3152,1),(6394,NULL,116,3153,1),(6395,NULL,116,3154,1),(6396,NULL,116,3155,1),(6397,NULL,116,3156,1),(6398,NULL,116,3157,1),(6399,NULL,116,3158,1),(6400,NULL,116,3159,1),(6401,NULL,116,3160,1),(6402,NULL,116,3161,1),(6403,NULL,116,3162,1),(6404,NULL,116,3163,1),(6405,NULL,116,3164,1),(6406,NULL,116,3165,1),(6407,NULL,116,3166,1),(6408,NULL,116,3167,1),(6409,NULL,116,3168,1),(6410,NULL,116,3169,1),(6411,NULL,116,3170,1),(6412,NULL,116,3171,1),(6413,NULL,116,3172,1),(6414,NULL,116,3173,1),(6415,NULL,116,3174,1),(6416,NULL,116,3175,1),(6417,NULL,116,3176,1),(6418,NULL,116,3177,1),(6419,NULL,117,3097,1),(6420,NULL,117,3098,1),(6421,NULL,117,3099,1),(6422,NULL,117,3100,1),(6423,NULL,117,3101,1),(6424,NULL,117,3102,1),(6425,NULL,117,3103,1),(6426,NULL,117,3104,1),(6427,NULL,117,3105,1),(6428,NULL,117,3106,1),(6429,NULL,117,3107,1),(6430,NULL,117,3108,1),(6431,NULL,117,3109,1),(6432,NULL,117,3110,1),(6433,NULL,117,3111,1),(6434,NULL,117,3112,1),(6435,NULL,117,3113,1),(6436,NULL,117,3114,1),(6437,NULL,117,3115,1),(6438,NULL,117,3116,1),(6439,NULL,117,3117,1),(6440,NULL,117,3118,3),(6441,NULL,117,3119,3),(6442,NULL,117,3120,3),(6443,NULL,117,3121,1),(6444,NULL,117,3122,1),(6445,NULL,117,3123,1),(6446,NULL,117,3124,1),(6447,NULL,117,3125,1),(6448,NULL,117,3126,1),(6449,NULL,117,3127,3),(6450,NULL,117,3128,3),(6451,NULL,117,3129,3),(6452,NULL,117,3130,1),(6453,NULL,117,3131,1),(6454,NULL,117,3132,1),(6455,NULL,117,3133,1),(6456,NULL,117,3134,1),(6457,NULL,117,3135,1),(6458,NULL,117,3136,3),(6459,NULL,117,3137,3),(6460,NULL,117,3138,3),(6461,NULL,117,3139,1),(6462,NULL,117,3140,1),(6463,NULL,117,3141,1),(6464,NULL,117,3142,1),(6465,NULL,117,3143,1),(6466,NULL,117,3144,1),(6467,NULL,117,3145,3),(6468,NULL,117,3146,3),(6469,NULL,117,3147,3),(6470,NULL,117,3148,1),(6471,NULL,117,3149,1),(6472,NULL,117,3150,1),(6473,NULL,117,3151,1),(6474,NULL,117,3152,1),(6475,NULL,117,3153,1),(6476,NULL,117,3154,1),(6477,NULL,117,3155,1),(6478,NULL,117,3156,1),(6479,NULL,117,3157,1),(6480,NULL,117,3158,1),(6481,NULL,117,3159,1),(6482,NULL,117,3160,1),(6483,NULL,117,3161,1),(6484,NULL,117,3162,1),(6485,NULL,117,3163,1),(6486,NULL,117,3164,1),(6487,NULL,117,3165,1),(6488,NULL,117,3166,1),(6489,NULL,117,3167,1),(6490,NULL,117,3168,1),(6491,NULL,117,3169,1),(6492,NULL,117,3170,1),(6493,NULL,117,3171,1),(6494,NULL,117,3172,1),(6495,NULL,117,3173,1),(6496,NULL,117,3174,1),(6497,NULL,117,3175,1),(6498,NULL,117,3176,1),(6499,NULL,117,3177,1),(6500,NULL,118,3097,1),(6501,NULL,118,3098,1),(6502,NULL,118,3099,1),(6503,NULL,118,3100,1),(6504,NULL,118,3101,1),(6505,NULL,118,3102,1),(6506,NULL,118,3103,1),(6507,NULL,118,3104,1),(6508,NULL,118,3105,1),(6509,NULL,118,3106,1),(6510,NULL,118,3107,1),(6511,NULL,118,3108,1),(6512,NULL,118,3109,1),(6513,NULL,118,3110,1),(6514,NULL,118,3111,1),(6515,NULL,118,3112,1),(6516,NULL,118,3113,1),(6517,NULL,118,3114,1),(6518,NULL,118,3115,1),(6519,NULL,118,3116,1),(6520,NULL,118,3117,1),(6521,NULL,118,3118,1),(6522,NULL,118,3119,3),(6523,NULL,118,3120,1),(6524,NULL,118,3121,1),(6525,NULL,118,3122,1),(6526,NULL,118,3123,1),(6527,NULL,118,3124,1),(6528,NULL,118,3125,1),(6529,NULL,118,3126,1),(6530,NULL,118,3127,3),(6531,NULL,118,3128,3),(6532,NULL,118,3129,3),(6533,NULL,118,3130,3),(6534,NULL,118,3131,1),(6535,NULL,118,3132,1),(6536,NULL,118,3133,1),(6537,NULL,118,3134,1),(6538,NULL,118,3135,1),(6539,NULL,118,3136,3),(6540,NULL,118,3137,3),(6541,NULL,118,3138,3),(6542,NULL,118,3139,1),(6543,NULL,118,3140,1),(6544,NULL,118,3141,1),(6545,NULL,118,3142,1),(6546,NULL,118,3143,1),(6547,NULL,118,3144,3),(6548,NULL,118,3145,3),(6549,NULL,118,3146,3),(6550,NULL,118,3147,3),(6551,NULL,118,3148,1),(6552,NULL,118,3149,1),(6553,NULL,118,3150,1),(6554,NULL,118,3151,1),(6555,NULL,118,3152,1),(6556,NULL,118,3153,1),(6557,NULL,118,3154,3),(6558,NULL,118,3155,3),(6559,NULL,118,3156,3),(6560,NULL,118,3157,3),(6561,NULL,118,3158,1),(6562,NULL,118,3159,1),(6563,NULL,118,3160,1),(6564,NULL,118,3161,1),(6565,NULL,118,3162,1),(6566,NULL,118,3163,1),(6567,NULL,118,3164,1),(6568,NULL,118,3165,3),(6569,NULL,118,3166,1),(6570,NULL,118,3167,1),(6571,NULL,118,3168,1),(6572,NULL,118,3169,1),(6573,NULL,118,3170,1),(6574,NULL,118,3171,1),(6575,NULL,118,3172,1),(6576,NULL,118,3173,1),(6577,NULL,118,3174,1),(6578,NULL,118,3175,1),(6579,NULL,118,3176,1),(6580,NULL,118,3177,1),(6581,NULL,119,3097,1),(6582,NULL,119,3098,1),(6583,NULL,119,3099,1),(6584,NULL,119,3100,3),(6585,NULL,119,3101,3),(6586,NULL,119,3102,3),(6587,NULL,119,3103,3),(6588,NULL,119,3104,1),(6589,NULL,119,3105,1),(6590,NULL,119,3106,1),(6591,NULL,119,3107,1),(6592,NULL,119,3108,3),(6593,NULL,119,3109,3),(6594,NULL,119,3110,3),(6595,NULL,119,3111,3),(6596,NULL,119,3112,3),(6597,NULL,119,3113,3),(6598,NULL,119,3114,1),(6599,NULL,119,3115,1),(6600,NULL,119,3116,3),(6601,NULL,119,3117,3),(6602,NULL,119,3118,3),(6603,NULL,119,3119,3),(6604,NULL,119,3120,3),(6605,NULL,119,3121,3),(6606,NULL,119,3122,3),(6607,NULL,119,3123,1),(6608,NULL,119,3124,1),(6609,NULL,119,3125,3),(6610,NULL,119,3126,3),(6611,NULL,119,3127,3),(6612,NULL,119,3128,3),(6613,NULL,119,3129,3),(6614,NULL,119,3130,3),(6615,NULL,119,3131,3),(6616,NULL,119,3132,1),(6617,NULL,119,3133,1),(6618,NULL,119,3134,3),(6619,NULL,119,3135,3),(6620,NULL,119,3136,3),(6621,NULL,119,3137,3),(6622,NULL,119,3138,3),(6623,NULL,119,3139,3),(6624,NULL,119,3140,3),(6625,NULL,119,3141,1),(6626,NULL,119,3142,1),(6627,NULL,119,3143,3),(6628,NULL,119,3144,3),(6629,NULL,119,3145,3),(6630,NULL,119,3146,3),(6631,NULL,119,3147,3),(6632,NULL,119,3148,3),(6633,NULL,119,3149,3),(6634,NULL,119,3150,1),(6635,NULL,119,3151,1),(6636,NULL,119,3152,3),(6637,NULL,119,3153,3),(6638,NULL,119,3154,3),(6639,NULL,119,3155,3),(6640,NULL,119,3156,3),(6641,NULL,119,3157,3),(6642,NULL,119,3158,3),(6643,NULL,119,3159,1),(6644,NULL,119,3160,3),(6645,NULL,119,3161,1),(6646,NULL,119,3162,3),(6647,NULL,119,3163,3),(6648,NULL,119,3164,3),(6649,NULL,119,3165,3),(6650,NULL,119,3166,3),(6651,NULL,119,3167,3),(6652,NULL,119,3168,1),(6653,NULL,119,3169,1),(6654,NULL,119,3170,1),(6655,NULL,119,3171,3),(6656,NULL,119,3172,3),(6657,NULL,119,3173,3),(6658,NULL,119,3174,3),(6659,NULL,119,3175,3),(6660,NULL,119,3176,3),(6661,NULL,119,3177,1),(6662,NULL,120,3097,1),(6663,NULL,120,3098,1),(6664,NULL,120,3099,3),(6665,NULL,120,3100,3),(6666,NULL,120,3101,3),(6667,NULL,120,3102,3),(6668,NULL,120,3103,3),(6669,NULL,120,3104,3),(6670,NULL,120,3105,1),(6671,NULL,120,3106,1),(6672,NULL,120,3107,3),(6673,NULL,120,3108,3),(6674,NULL,120,3109,3),(6675,NULL,120,3110,3),(6676,NULL,120,3111,3),(6677,NULL,120,3112,3),(6678,NULL,120,3113,3),(6679,NULL,120,3114,3),(6680,NULL,120,3115,3),(6681,NULL,120,3116,3),(6682,NULL,120,3117,3),(6683,NULL,120,3118,3),(6684,NULL,120,3119,3),(6685,NULL,120,3120,3),(6686,NULL,120,3121,3),(6687,NULL,120,3122,3),(6688,NULL,120,3123,3),(6689,NULL,120,3124,3),(6690,NULL,120,3125,3),(6691,NULL,120,3126,3),(6692,NULL,120,3127,3),(6693,NULL,120,3128,3),(6694,NULL,120,3129,3),(6695,NULL,120,3130,3),(6696,NULL,120,3131,3),(6697,NULL,120,3132,3),(6698,NULL,120,3133,3),(6699,NULL,120,3134,3),(6700,NULL,120,3135,3),(6701,NULL,120,3136,3),(6702,NULL,120,3137,3),(6703,NULL,120,3138,3),(6704,NULL,120,3139,3),(6705,NULL,120,3140,3),(6706,NULL,120,3141,3),(6707,NULL,120,3142,3),(6708,NULL,120,3143,3),(6709,NULL,120,3144,3),(6710,NULL,120,3145,3),(6711,NULL,120,3146,3),(6712,NULL,120,3147,3),(6713,NULL,120,3148,3),(6714,NULL,120,3149,3),(6715,NULL,120,3150,3),(6716,NULL,120,3151,3),(6717,NULL,120,3152,3),(6718,NULL,120,3153,3),(6719,NULL,120,3154,3),(6720,NULL,120,3155,3),(6721,NULL,120,3156,3),(6722,NULL,120,3157,3),(6723,NULL,120,3158,3),(6724,NULL,120,3159,3),(6725,NULL,120,3160,1),(6726,NULL,120,3161,3),(6727,NULL,120,3162,3),(6728,NULL,120,3163,3),(6729,NULL,120,3164,3),(6730,NULL,120,3165,3),(6731,NULL,120,3166,3),(6732,NULL,120,3167,3),(6733,NULL,120,3168,1),(6734,NULL,120,3169,1),(6735,NULL,120,3170,1),(6736,NULL,120,3171,3),(6737,NULL,120,3172,3),(6738,NULL,120,3173,3),(6739,NULL,120,3174,3),(6740,NULL,120,3175,3),(6741,NULL,120,3176,1),(6742,NULL,120,3177,1),(6743,NULL,121,2705,1),(6744,NULL,121,2706,1),(6745,NULL,121,2707,1),(6746,NULL,121,2708,1),(6747,NULL,121,2709,1),(6748,NULL,121,2710,1),(6749,NULL,121,2711,1),(6750,NULL,121,2712,1),(6751,NULL,121,2713,1),(6752,NULL,121,2714,1),(6753,NULL,121,2715,1),(6754,NULL,121,2716,1),(6755,NULL,121,2717,1),(6756,NULL,121,2718,1),(6757,NULL,121,2719,1),(6758,NULL,121,2720,1),(6759,NULL,121,2721,1),(6760,NULL,121,2722,1),(6761,NULL,121,2723,1),(6762,NULL,121,2724,1),(6763,NULL,121,2725,1),(6764,NULL,121,2726,1),(6765,NULL,121,2727,1),(6766,NULL,121,2728,1),(6767,NULL,121,2729,1),(6768,NULL,121,2730,1),(6769,NULL,121,2731,1),(6770,NULL,121,2732,1),(6771,NULL,121,2733,1),(6772,NULL,121,2734,1),(6773,NULL,121,2735,1),(6774,NULL,121,2736,1),(6775,NULL,121,2737,1),(6776,NULL,121,2738,1),(6777,NULL,121,2739,1),(6778,NULL,121,2740,1),(6779,NULL,121,2741,1),(6780,NULL,121,2742,1),(6781,NULL,121,2743,1),(6782,NULL,121,2744,1),(6783,NULL,121,2745,1),(6784,NULL,121,2746,1),(6785,NULL,121,2747,1),(6786,NULL,121,2748,1),(6787,NULL,121,2749,1),(6788,NULL,121,2750,1),(6789,NULL,121,2751,1),(6790,NULL,121,2752,1),(6791,NULL,121,2753,1),(6792,NULL,121,2754,1),(6793,NULL,121,2755,1),(6794,NULL,121,2756,1),(6795,NULL,121,2757,1),(6796,NULL,121,2758,1),(6797,NULL,121,2759,1),(6798,NULL,121,2760,1),(6799,NULL,121,2761,1),(6800,NULL,121,2762,1),(6801,NULL,121,2763,1),(6802,NULL,121,2764,1),(6803,NULL,121,2765,1),(6804,NULL,121,2766,1),(6805,NULL,121,2767,1),(6806,NULL,121,2768,1),(6807,NULL,121,2769,1),(6808,NULL,121,2770,1),(6809,NULL,121,2771,1),(6810,NULL,121,2772,1),(6811,NULL,121,2773,1),(6812,NULL,121,2774,1),(6813,NULL,121,2775,1),(6814,NULL,121,2776,1),(6815,NULL,121,2777,1),(6816,NULL,121,2778,1),(6817,NULL,121,2779,1),(6818,NULL,121,2780,1),(6819,NULL,121,2781,1),(6820,NULL,121,2782,1),(6821,NULL,121,2783,1),(6822,NULL,121,2784,1),(6823,NULL,121,2785,1),(6824,NULL,121,2786,1),(6825,NULL,121,2787,1),(6826,NULL,121,2788,1),(6827,NULL,121,2789,1),(6828,NULL,121,2790,1),(6829,NULL,121,2791,1),(6830,NULL,121,2792,1),(6831,NULL,121,2793,1),(6832,NULL,121,2794,1),(6833,NULL,121,2795,1),(6834,NULL,121,2796,1),(6835,NULL,121,2797,1),(6836,NULL,121,2798,1),(6837,NULL,121,2799,1),(6838,NULL,121,2800,1),(6839,NULL,121,2801,1),(6840,NULL,121,2802,1),(6841,NULL,121,2803,1),(6842,NULL,121,2804,1),(6843,NULL,122,2705,1),(6844,NULL,122,2706,1),(6845,NULL,122,2707,1),(6846,NULL,122,2708,1),(6847,NULL,122,2709,1),(6848,NULL,122,2710,1),(6849,NULL,122,2711,1),(6850,NULL,122,2712,1),(6851,NULL,122,2713,1),(6852,NULL,122,2714,1),(6853,NULL,122,2715,1),(6854,NULL,122,2716,1),(6855,NULL,122,2717,1),(6856,NULL,122,2718,1),(6857,NULL,122,2719,1),(6858,NULL,122,2720,1),(6859,NULL,122,2721,1),(6860,NULL,122,2722,1),(6861,NULL,122,2723,1),(6862,NULL,122,2724,1),(6863,NULL,122,2725,1),(6864,NULL,122,2726,1),(6865,NULL,122,2727,1),(6866,NULL,122,2728,1),(6867,NULL,122,2729,1),(6868,NULL,122,2730,1),(6869,NULL,122,2731,1),(6870,NULL,122,2732,1),(6871,NULL,122,2733,1),(6872,NULL,122,2734,1),(6873,NULL,122,2735,1),(6874,NULL,122,2736,1),(6875,NULL,122,2737,1),(6876,NULL,122,2738,1),(6877,NULL,122,2739,1),(6878,NULL,122,2740,1),(6879,NULL,122,2741,1),(6880,NULL,122,2742,1),(6881,NULL,122,2743,1),(6882,NULL,122,2744,1),(6883,NULL,122,2745,1),(6884,NULL,122,2746,1),(6885,NULL,122,2747,1),(6886,NULL,122,2748,3),(6887,NULL,122,2749,3),(6888,NULL,122,2750,3),(6889,NULL,122,2751,3),(6890,NULL,122,2752,1),(6891,NULL,122,2753,1),(6892,NULL,122,2754,1),(6893,NULL,122,2755,1),(6894,NULL,122,2756,1),(6895,NULL,122,2757,1),(6896,NULL,122,2758,1),(6897,NULL,122,2759,1),(6898,NULL,122,2760,1),(6899,NULL,122,2761,1),(6900,NULL,122,2762,1),(6901,NULL,122,2763,1),(6902,NULL,122,2764,1),(6903,NULL,122,2765,1),(6904,NULL,122,2766,1),(6905,NULL,122,2767,1),(6906,NULL,122,2768,1),(6907,NULL,122,2769,1),(6908,NULL,122,2770,1),(6909,NULL,122,2771,1),(6910,NULL,122,2772,1),(6911,NULL,122,2773,1),(6912,NULL,122,2774,1),(6913,NULL,122,2775,1),(6914,NULL,122,2776,1),(6915,NULL,122,2777,1),(6916,NULL,122,2778,1),(6917,NULL,122,2779,1),(6918,NULL,122,2780,1),(6919,NULL,122,2781,1),(6920,NULL,122,2782,1),(6921,NULL,122,2783,1),(6922,NULL,122,2784,1),(6923,NULL,122,2785,1),(6924,NULL,122,2786,1),(6925,NULL,122,2787,1),(6926,NULL,122,2788,1),(6927,NULL,122,2789,1),(6928,NULL,122,2790,1),(6929,NULL,122,2791,1),(6930,NULL,122,2792,1),(6931,NULL,122,2793,1),(6932,NULL,122,2794,1),(6933,NULL,122,2795,1),(6934,NULL,122,2796,1),(6935,NULL,122,2797,1),(6936,NULL,122,2798,1),(6937,NULL,122,2799,1),(6938,NULL,122,2800,1),(6939,NULL,122,2801,1),(6940,NULL,122,2802,1),(6941,NULL,122,2803,1),(6942,NULL,122,2804,1),(6943,NULL,123,2705,1),(6944,NULL,123,2706,1),(6945,NULL,123,2707,1),(6946,NULL,123,2708,1),(6947,NULL,123,2709,1),(6948,NULL,123,2710,1),(6949,NULL,123,2711,1),(6950,NULL,123,2712,1),(6951,NULL,123,2713,1),(6952,NULL,123,2714,1),(6953,NULL,123,2715,1),(6954,NULL,123,2716,1),(6955,NULL,123,2717,1),(6956,NULL,123,2718,1),(6957,NULL,123,2719,1),(6958,NULL,123,2720,1),(6959,NULL,123,2721,1),(6960,NULL,123,2722,1),(6961,NULL,123,2723,1),(6962,NULL,123,2724,1),(6963,NULL,123,2725,1),(6964,NULL,123,2726,1),(6965,NULL,123,2727,1),(6966,NULL,123,2728,1),(6967,NULL,123,2729,1),(6968,NULL,123,2730,1),(6969,NULL,123,2731,1),(6970,NULL,123,2732,1),(6971,NULL,123,2733,1),(6972,NULL,123,2734,1),(6973,NULL,123,2735,1),(6974,NULL,123,2736,1),(6975,NULL,123,2737,1),(6976,NULL,123,2738,1),(6977,NULL,123,2739,1),(6978,NULL,123,2740,1),(6979,NULL,123,2741,1),(6980,NULL,123,2742,1),(6981,NULL,123,2743,1),(6982,NULL,123,2744,1),(6983,NULL,123,2745,1),(6984,NULL,123,2746,1),(6985,NULL,123,2747,1),(6986,NULL,123,2748,1),(6987,NULL,123,2749,1),(6988,NULL,123,2750,1),(6989,NULL,123,2751,1),(6990,NULL,123,2752,1),(6991,NULL,123,2753,1),(6992,NULL,123,2754,1),(6993,NULL,123,2755,1),(6994,NULL,123,2756,1),(6995,NULL,123,2757,1),(6996,NULL,123,2758,1),(6997,NULL,123,2759,1),(6998,NULL,123,2760,1),(6999,NULL,123,2761,1),(7000,NULL,123,2762,1),(7001,NULL,123,2763,1),(7002,NULL,123,2764,1),(7003,NULL,123,2765,1),(7004,NULL,123,2766,1),(7005,NULL,123,2767,1),(7006,NULL,123,2768,1),(7007,NULL,123,2769,1),(7008,NULL,123,2770,1),(7009,NULL,123,2771,1),(7010,NULL,123,2772,1),(7011,NULL,123,2773,1),(7012,NULL,123,2774,1),(7013,NULL,123,2775,1),(7014,NULL,123,2776,1),(7015,NULL,123,2777,1),(7016,NULL,123,2778,1),(7017,NULL,123,2779,1),(7018,NULL,123,2780,1),(7019,NULL,123,2781,1),(7020,NULL,123,2782,1),(7021,NULL,123,2783,1),(7022,NULL,123,2784,1),(7023,NULL,123,2785,1),(7024,NULL,123,2786,1),(7025,NULL,123,2787,1),(7026,NULL,123,2788,1),(7027,NULL,123,2789,1),(7028,NULL,123,2790,1),(7029,NULL,123,2791,1),(7030,NULL,123,2792,1),(7031,NULL,123,2793,1),(7032,NULL,123,2794,1),(7033,NULL,123,2795,1),(7034,NULL,123,2796,1),(7035,NULL,123,2797,1),(7036,NULL,123,2798,1),(7037,NULL,123,2799,1),(7038,NULL,123,2800,1),(7039,NULL,123,2801,1),(7040,NULL,123,2802,1),(7041,NULL,123,2803,1),(7042,NULL,123,2804,1),(7043,NULL,124,2705,1),(7044,NULL,124,2706,1),(7045,NULL,124,2707,1),(7046,NULL,124,2708,1),(7047,NULL,124,2709,1),(7048,NULL,124,2710,1),(7049,NULL,124,2711,1),(7050,NULL,124,2712,1),(7051,NULL,124,2713,1),(7052,NULL,124,2714,1),(7053,NULL,124,2715,1),(7054,NULL,124,2716,1),(7055,NULL,124,2717,1),(7056,NULL,124,2718,1),(7057,NULL,124,2719,1),(7058,NULL,124,2720,1),(7059,NULL,124,2721,1),(7060,NULL,124,2722,1),(7061,NULL,124,2723,1),(7062,NULL,124,2724,1),(7063,NULL,124,2725,1),(7064,NULL,124,2726,1),(7065,NULL,124,2727,1),(7066,NULL,124,2728,1),(7067,NULL,124,2729,1),(7068,NULL,124,2730,1),(7069,NULL,124,2731,1),(7070,NULL,124,2732,1),(7071,NULL,124,2733,1),(7072,NULL,124,2734,1),(7073,NULL,124,2735,1),(7074,NULL,124,2736,1),(7075,NULL,124,2737,1),(7076,NULL,124,2738,1),(7077,NULL,124,2739,1),(7078,NULL,124,2740,1),(7079,NULL,124,2741,1),(7080,NULL,124,2742,1),(7081,NULL,124,2743,1),(7082,NULL,124,2744,1),(7083,NULL,124,2745,1),(7084,NULL,124,2746,1),(7085,NULL,124,2747,1),(7086,NULL,124,2748,1),(7087,NULL,124,2749,1),(7088,NULL,124,2750,1),(7089,NULL,124,2751,1),(7090,NULL,124,2752,1),(7091,NULL,124,2753,1),(7092,NULL,124,2754,1),(7093,NULL,124,2755,1),(7094,NULL,124,2756,1),(7095,NULL,124,2757,1),(7096,NULL,124,2758,1),(7097,NULL,124,2759,1),(7098,NULL,124,2760,1),(7099,NULL,124,2761,1),(7100,NULL,124,2762,1),(7101,NULL,124,2763,1),(7102,NULL,124,2764,1),(7103,NULL,124,2765,1),(7104,NULL,124,2766,1),(7105,NULL,124,2767,1),(7106,NULL,124,2768,1),(7107,NULL,124,2769,1),(7108,NULL,124,2770,1),(7109,NULL,124,2771,1),(7110,NULL,124,2772,1),(7111,NULL,124,2773,1),(7112,NULL,124,2774,1),(7113,NULL,124,2775,1),(7114,NULL,124,2776,1),(7115,NULL,124,2777,1),(7116,NULL,124,2778,1),(7117,NULL,124,2779,1),(7118,NULL,124,2780,1),(7119,NULL,124,2781,1),(7120,NULL,124,2782,1),(7121,NULL,124,2783,1),(7122,NULL,124,2784,1),(7123,NULL,124,2785,1),(7124,NULL,124,2786,1),(7125,NULL,124,2787,1),(7126,NULL,124,2788,1),(7127,NULL,124,2789,1),(7128,NULL,124,2790,1),(7129,NULL,124,2791,1),(7130,NULL,124,2792,1),(7131,NULL,124,2793,1),(7132,NULL,124,2794,1),(7133,NULL,124,2795,1),(7134,NULL,124,2796,1),(7135,NULL,124,2797,1),(7136,NULL,124,2798,1),(7137,NULL,124,2799,1),(7138,NULL,124,2800,1),(7139,NULL,124,2801,1),(7140,NULL,124,2802,1),(7141,NULL,124,2803,1),(7142,NULL,124,2804,1),(7143,NULL,125,2705,1),(7144,NULL,125,2706,1),(7145,NULL,125,2707,1),(7146,NULL,125,2708,1),(7147,NULL,125,2709,1),(7148,NULL,125,2710,1),(7149,NULL,125,2711,1),(7150,NULL,125,2712,1),(7151,NULL,125,2713,1),(7152,NULL,125,2714,1),(7153,NULL,125,2715,1),(7154,NULL,125,2716,1),(7155,NULL,125,2717,1),(7156,NULL,125,2718,1),(7157,NULL,125,2719,1),(7158,NULL,125,2720,1),(7159,NULL,125,2721,1),(7160,NULL,125,2722,1),(7161,NULL,125,2723,1),(7162,NULL,125,2724,1),(7163,NULL,125,2725,1),(7164,NULL,125,2726,1),(7165,NULL,125,2727,1),(7166,NULL,125,2728,1),(7167,NULL,125,2729,1),(7168,NULL,125,2730,1),(7169,NULL,125,2731,1),(7170,NULL,125,2732,1),(7171,NULL,125,2733,1),(7172,NULL,125,2734,1),(7173,NULL,125,2735,1),(7174,NULL,125,2736,1),(7175,NULL,125,2737,1),(7176,NULL,125,2738,1),(7177,NULL,125,2739,1),(7178,NULL,125,2740,1),(7179,NULL,125,2741,1),(7180,NULL,125,2742,1),(7181,NULL,125,2743,1),(7182,NULL,125,2744,1),(7183,NULL,125,2745,1),(7184,NULL,125,2746,1),(7185,NULL,125,2747,1),(7186,NULL,125,2748,1),(7187,NULL,125,2749,1),(7188,NULL,125,2750,1),(7189,NULL,125,2751,1),(7190,NULL,125,2752,1),(7191,NULL,125,2753,1),(7192,NULL,125,2754,1),(7193,NULL,125,2755,1),(7194,NULL,125,2756,1),(7195,NULL,125,2757,1),(7196,NULL,125,2758,1),(7197,NULL,125,2759,1),(7198,NULL,125,2760,1),(7199,NULL,125,2761,1),(7200,NULL,125,2762,1),(7201,NULL,125,2763,1),(7202,NULL,125,2764,1),(7203,NULL,125,2765,1),(7204,NULL,125,2766,1),(7205,NULL,125,2767,1),(7206,NULL,125,2768,1),(7207,NULL,125,2769,1),(7208,NULL,125,2770,1),(7209,NULL,125,2771,1),(7210,NULL,125,2772,1),(7211,NULL,125,2773,1),(7212,NULL,125,2774,1),(7213,NULL,125,2775,1),(7214,NULL,125,2776,1),(7215,NULL,125,2777,1),(7216,NULL,125,2778,1),(7217,NULL,125,2779,1),(7218,NULL,125,2780,1),(7219,NULL,125,2781,1),(7220,NULL,125,2782,1),(7221,NULL,125,2783,1),(7222,NULL,125,2784,1),(7223,NULL,125,2785,1),(7224,NULL,125,2786,1),(7225,NULL,125,2787,1),(7226,NULL,125,2788,1),(7227,NULL,125,2789,1),(7228,NULL,125,2790,1),(7229,NULL,125,2791,1),(7230,NULL,125,2792,1),(7231,NULL,125,2793,1),(7232,NULL,125,2794,1),(7233,NULL,125,2795,1),(7234,NULL,125,2796,1),(7235,NULL,125,2797,1),(7236,NULL,125,2798,1),(7237,NULL,125,2799,1),(7238,NULL,125,2800,1),(7239,NULL,125,2801,1),(7240,NULL,125,2802,1),(7241,NULL,125,2803,1),(7242,NULL,125,2804,1),(7243,NULL,126,2705,1),(7244,NULL,126,2706,1),(7245,NULL,126,2707,1),(7246,NULL,126,2708,1),(7247,NULL,126,2709,1),(7248,NULL,126,2710,1),(7249,NULL,126,2711,1),(7250,NULL,126,2712,1),(7251,NULL,126,2713,1),(7252,NULL,126,2714,1),(7253,NULL,126,2715,1),(7254,NULL,126,2716,1),(7255,NULL,126,2717,1),(7256,NULL,126,2718,1),(7257,NULL,126,2719,1),(7258,NULL,126,2720,1),(7259,NULL,126,2721,1),(7260,NULL,126,2722,1),(7261,NULL,126,2723,1),(7262,NULL,126,2724,1),(7263,NULL,126,2725,1),(7264,NULL,126,2726,1),(7265,NULL,126,2727,1),(7266,NULL,126,2728,1),(7267,NULL,126,2729,1),(7268,NULL,126,2730,1),(7269,NULL,126,2731,1),(7270,NULL,126,2732,1),(7271,NULL,126,2733,1),(7272,NULL,126,2734,1),(7273,NULL,126,2735,1),(7274,NULL,126,2736,1),(7275,NULL,126,2737,1),(7276,NULL,126,2738,1),(7277,NULL,126,2739,1),(7278,NULL,126,2740,1),(7279,NULL,126,2741,1),(7280,NULL,126,2742,1),(7281,NULL,126,2743,1),(7282,NULL,126,2744,1),(7283,NULL,126,2745,1),(7284,NULL,126,2746,1),(7285,NULL,126,2747,1),(7286,NULL,126,2748,1),(7287,NULL,126,2749,1),(7288,NULL,126,2750,1),(7289,NULL,126,2751,1),(7290,NULL,126,2752,1),(7291,NULL,126,2753,1),(7292,NULL,126,2754,1),(7293,NULL,126,2755,1),(7294,NULL,126,2756,1),(7295,NULL,126,2757,1),(7296,NULL,126,2758,1),(7297,NULL,126,2759,1),(7298,NULL,126,2760,1),(7299,NULL,126,2761,1),(7300,NULL,126,2762,1),(7301,NULL,126,2763,1),(7302,NULL,126,2764,1),(7303,NULL,126,2765,1),(7304,NULL,126,2766,1),(7305,NULL,126,2767,1),(7306,NULL,126,2768,1),(7307,NULL,126,2769,1),(7308,NULL,126,2770,1),(7309,NULL,126,2771,1),(7310,NULL,126,2772,1),(7311,NULL,126,2773,1),(7312,NULL,126,2774,1),(7313,NULL,126,2775,1),(7314,NULL,126,2776,1),(7315,NULL,126,2777,1),(7316,NULL,126,2778,1),(7317,NULL,126,2779,1),(7318,NULL,126,2780,1),(7319,NULL,126,2781,1),(7320,NULL,126,2782,1),(7321,NULL,126,2783,1),(7322,NULL,126,2784,1),(7323,NULL,126,2785,1),(7324,NULL,126,2786,1),(7325,NULL,126,2787,1),(7326,NULL,126,2788,1),(7327,NULL,126,2789,1),(7328,NULL,126,2790,1),(7329,NULL,126,2791,1),(7330,NULL,126,2792,1),(7331,NULL,126,2793,1),(7332,NULL,126,2794,1),(7333,NULL,126,2795,1),(7334,NULL,126,2796,1),(7335,NULL,126,2797,1),(7336,NULL,126,2798,1),(7337,NULL,126,2799,1),(7338,NULL,126,2800,1),(7339,NULL,126,2801,1),(7340,NULL,126,2802,1),(7341,NULL,126,2803,1),(7342,NULL,126,2804,1),(7343,NULL,127,2705,1),(7344,NULL,127,2706,1),(7345,NULL,127,2707,1),(7346,NULL,127,2708,1),(7347,NULL,127,2709,1),(7348,NULL,127,2710,1),(7349,NULL,127,2711,1),(7350,NULL,127,2712,1),(7351,NULL,127,2713,1),(7352,NULL,127,2714,1),(7353,NULL,127,2715,1),(7354,NULL,127,2716,1),(7355,NULL,127,2717,1),(7356,NULL,127,2718,1),(7357,NULL,127,2719,1),(7358,NULL,127,2720,1),(7359,NULL,127,2721,1),(7360,NULL,127,2722,1),(7361,NULL,127,2723,1),(7362,NULL,127,2724,1),(7363,NULL,127,2725,1),(7364,NULL,127,2726,1),(7365,NULL,127,2727,1),(7366,NULL,127,2728,1),(7367,NULL,127,2729,1),(7368,NULL,127,2730,1),(7369,NULL,127,2731,1),(7370,NULL,127,2732,1),(7371,NULL,127,2733,1),(7372,NULL,127,2734,1),(7373,NULL,127,2735,1),(7374,NULL,127,2736,1),(7375,NULL,127,2737,1),(7376,NULL,127,2738,1),(7377,NULL,127,2739,1),(7378,NULL,127,2740,1),(7379,NULL,127,2741,1),(7380,NULL,127,2742,1),(7381,NULL,127,2743,1),(7382,NULL,127,2744,1),(7383,NULL,127,2745,1),(7384,NULL,127,2746,1),(7385,NULL,127,2747,1),(7386,NULL,127,2748,1),(7387,NULL,127,2749,1),(7388,NULL,127,2750,1),(7389,NULL,127,2751,1),(7390,NULL,127,2752,1),(7391,NULL,127,2753,1),(7392,NULL,127,2754,1),(7393,NULL,127,2755,1),(7394,NULL,127,2756,1),(7395,NULL,127,2757,1),(7396,NULL,127,2758,1),(7397,NULL,127,2759,1),(7398,NULL,127,2760,1),(7399,NULL,127,2761,1),(7400,NULL,127,2762,1),(7401,NULL,127,2763,1),(7402,NULL,127,2764,1),(7403,NULL,127,2765,1),(7404,NULL,127,2766,1),(7405,NULL,127,2767,1),(7406,NULL,127,2768,1),(7407,NULL,127,2769,3),(7408,NULL,127,2770,3),(7409,NULL,127,2771,3),(7410,NULL,127,2772,3),(7411,NULL,127,2773,1),(7412,NULL,127,2774,1),(7413,NULL,127,2775,1),(7414,NULL,127,2776,1),(7415,NULL,127,2777,1),(7416,NULL,127,2778,1),(7417,NULL,127,2779,1),(7418,NULL,127,2780,1),(7419,NULL,127,2781,1),(7420,NULL,127,2782,1),(7421,NULL,127,2783,1),(7422,NULL,127,2784,1),(7423,NULL,127,2785,1),(7424,NULL,127,2786,1),(7425,NULL,127,2787,1),(7426,NULL,127,2788,1),(7427,NULL,127,2789,1),(7428,NULL,127,2790,1),(7429,NULL,127,2791,1),(7430,NULL,127,2792,1),(7431,NULL,127,2793,1),(7432,NULL,127,2794,1),(7433,NULL,127,2795,1),(7434,NULL,127,2796,1),(7435,NULL,127,2797,1),(7436,NULL,127,2798,1),(7437,NULL,127,2799,1),(7438,NULL,127,2800,1),(7439,NULL,127,2801,1),(7440,NULL,127,2802,1),(7441,NULL,127,2803,1),(7442,NULL,127,2804,1),(7443,NULL,128,2705,1),(7444,NULL,128,2706,1),(7445,NULL,128,2707,1),(7446,NULL,128,2708,1),(7447,NULL,128,2709,1),(7448,NULL,128,2710,1),(7449,NULL,128,2711,1),(7450,NULL,128,2712,1),(7451,NULL,128,2713,1),(7452,NULL,128,2714,1),(7453,NULL,128,2715,1),(7454,NULL,128,2716,1),(7455,NULL,128,2717,1),(7456,NULL,128,2718,1),(7457,NULL,128,2719,1),(7458,NULL,128,2720,1),(7459,NULL,128,2721,1),(7460,NULL,128,2722,1),(7461,NULL,128,2723,1),(7462,NULL,128,2724,1),(7463,NULL,128,2725,1),(7464,NULL,128,2726,1),(7465,NULL,128,2727,1),(7466,NULL,128,2728,1),(7467,NULL,128,2729,1),(7468,NULL,128,2730,1),(7469,NULL,128,2731,1),(7470,NULL,128,2732,1),(7471,NULL,128,2733,1),(7472,NULL,128,2734,1),(7473,NULL,128,2735,1),(7474,NULL,128,2736,1),(7475,NULL,128,2737,1),(7476,NULL,128,2738,1),(7477,NULL,128,2739,1),(7478,NULL,128,2740,1),(7479,NULL,128,2741,1),(7480,NULL,128,2742,1),(7481,NULL,128,2743,1),(7482,NULL,128,2744,1),(7483,NULL,128,2745,1),(7484,NULL,128,2746,1),(7485,NULL,128,2747,1),(7486,NULL,128,2748,1),(7487,NULL,128,2749,1),(7488,NULL,128,2750,1),(7489,NULL,128,2751,1),(7490,NULL,128,2752,1),(7491,NULL,128,2753,1),(7492,NULL,128,2754,1),(7493,NULL,128,2755,1),(7494,NULL,128,2756,1),(7495,NULL,128,2757,1),(7496,NULL,128,2758,1),(7497,NULL,128,2759,1),(7498,NULL,128,2760,1),(7499,NULL,128,2761,1),(7500,NULL,128,2762,1),(7501,NULL,128,2763,1),(7502,NULL,128,2764,1),(7503,NULL,128,2765,1),(7504,NULL,128,2766,1),(7505,NULL,128,2767,1),(7506,NULL,128,2768,1),(7507,NULL,128,2769,1),(7508,NULL,128,2770,1),(7509,NULL,128,2771,1),(7510,NULL,128,2772,1),(7511,NULL,128,2773,1),(7512,NULL,128,2774,1),(7513,NULL,128,2775,1),(7514,NULL,128,2776,1),(7515,NULL,128,2777,1),(7516,NULL,128,2778,1),(7517,NULL,128,2779,1),(7518,NULL,128,2780,1),(7519,NULL,128,2781,1),(7520,NULL,128,2782,1),(7521,NULL,128,2783,1),(7522,NULL,128,2784,1),(7523,NULL,128,2785,1),(7524,NULL,128,2786,1),(7525,NULL,128,2787,1),(7526,NULL,128,2788,1),(7527,NULL,128,2789,1),(7528,NULL,128,2790,1),(7529,NULL,128,2791,1),(7530,NULL,128,2792,1),(7531,NULL,128,2793,1),(7532,NULL,128,2794,1),(7533,NULL,128,2795,1),(7534,NULL,128,2796,1),(7535,NULL,128,2797,1),(7536,NULL,128,2798,1),(7537,NULL,128,2799,1),(7538,NULL,128,2800,1),(7539,NULL,128,2801,1),(7540,NULL,128,2802,1),(7541,NULL,128,2803,1),(7542,NULL,128,2804,1),(7543,NULL,129,2705,3),(7544,NULL,129,2706,3),(7545,NULL,129,2707,1),(7546,NULL,129,2708,1),(7547,NULL,129,2709,1),(7548,NULL,129,2710,1),(7549,NULL,129,2711,1),(7550,NULL,129,2712,1),(7551,NULL,129,2713,1),(7552,NULL,129,2714,1),(7553,NULL,129,2715,3),(7554,NULL,129,2716,3),(7555,NULL,129,2717,1),(7556,NULL,129,2718,1),(7557,NULL,129,2719,1),(7558,NULL,129,2720,1),(7559,NULL,129,2721,1),(7560,NULL,129,2722,1),(7561,NULL,129,2723,1),(7562,NULL,129,2724,1),(7563,NULL,129,2725,3),(7564,NULL,129,2726,3),(7565,NULL,129,2727,1),(7566,NULL,129,2728,3),(7567,NULL,129,2729,3),(7568,NULL,129,2730,3),(7569,NULL,129,2731,3),(7570,NULL,129,2732,1),(7571,NULL,129,2733,1),(7572,NULL,129,2734,1),(7573,NULL,129,2735,3),(7574,NULL,129,2736,3),(7575,NULL,129,2737,3),(7576,NULL,129,2738,3),(7577,NULL,129,2739,3),(7578,NULL,129,2740,3),(7579,NULL,129,2741,3),(7580,NULL,129,2742,3),(7581,NULL,129,2743,3),(7582,NULL,129,2744,1),(7583,NULL,129,2745,3),(7584,NULL,129,2746,3),(7585,NULL,129,2747,3),(7586,NULL,129,2748,3),(7587,NULL,129,2749,3),(7588,NULL,129,2750,3),(7589,NULL,129,2751,3),(7590,NULL,129,2752,3),(7591,NULL,129,2753,3),(7592,NULL,129,2754,1),(7593,NULL,129,2755,3),(7594,NULL,129,2756,3),(7595,NULL,129,2757,3),(7596,NULL,129,2758,3),(7597,NULL,129,2759,3),(7598,NULL,129,2760,3),(7599,NULL,129,2761,3),(7600,NULL,129,2762,3),(7601,NULL,129,2763,3),(7602,NULL,129,2764,1),(7603,NULL,129,2765,3),(7604,NULL,129,2766,3),(7605,NULL,129,2767,3),(7606,NULL,129,2768,3),(7607,NULL,129,2769,3),(7608,NULL,129,2770,3),(7609,NULL,129,2771,3),(7610,NULL,129,2772,3),(7611,NULL,129,2773,3),(7612,NULL,129,2774,1),(7613,NULL,129,2775,3),(7614,NULL,129,2776,3),(7615,NULL,129,2777,3),(7616,NULL,129,2778,3),(7617,NULL,129,2779,3),(7618,NULL,129,2780,3),(7619,NULL,129,2781,3),(7620,NULL,129,2782,3),(7621,NULL,129,2783,3),(7622,NULL,129,2784,1),(7623,NULL,129,2785,3),(7624,NULL,129,2786,3),(7625,NULL,129,2787,3),(7626,NULL,129,2788,3),(7627,NULL,129,2789,3),(7628,NULL,129,2790,3),(7629,NULL,129,2791,3),(7630,NULL,129,2792,3),(7631,NULL,129,2793,3),(7632,NULL,129,2794,1),(7633,NULL,129,2795,3),(7634,NULL,129,2796,3),(7635,NULL,129,2797,1),(7636,NULL,129,2798,1),(7637,NULL,129,2799,1),(7638,NULL,129,2800,1),(7639,NULL,129,2801,1),(7640,NULL,129,2802,1),(7641,NULL,129,2803,1),(7642,NULL,129,2804,1),(7643,NULL,130,2705,1),(7644,NULL,130,2706,1),(7645,NULL,130,2707,1),(7646,NULL,130,2708,1),(7647,NULL,130,2709,1),(7648,NULL,130,2710,1),(7649,NULL,130,2711,1),(7650,NULL,130,2712,1),(7651,NULL,130,2713,1),(7652,NULL,130,2714,1),(7653,NULL,130,2715,1),(7654,NULL,130,2716,1),(7655,NULL,130,2717,1),(7656,NULL,130,2718,1),(7657,NULL,130,2719,1),(7658,NULL,130,2720,1),(7659,NULL,130,2721,1),(7660,NULL,130,2722,1),(7661,NULL,130,2723,1),(7662,NULL,130,2724,1),(7663,NULL,130,2725,1),(7664,NULL,130,2726,1),(7665,NULL,130,2727,1),(7666,NULL,130,2728,1),(7667,NULL,130,2729,1),(7668,NULL,130,2730,1),(7669,NULL,130,2731,1),(7670,NULL,130,2732,1),(7671,NULL,130,2733,1),(7672,NULL,130,2734,1),(7673,NULL,130,2735,1),(7674,NULL,130,2736,1),(7675,NULL,130,2737,1),(7676,NULL,130,2738,1),(7677,NULL,130,2739,1),(7678,NULL,130,2740,1),(7679,NULL,130,2741,3),(7680,NULL,130,2742,3),(7681,NULL,130,2743,3),(7682,NULL,130,2744,3),(7683,NULL,130,2745,1),(7684,NULL,130,2746,1),(7685,NULL,130,2747,1),(7686,NULL,130,2748,1),(7687,NULL,130,2749,1),(7688,NULL,130,2750,3),(7689,NULL,130,2751,3),(7690,NULL,130,2752,3),(7691,NULL,130,2753,3),(7692,NULL,130,2754,3),(7693,NULL,130,2755,1),(7694,NULL,130,2756,1),(7695,NULL,130,2757,1),(7696,NULL,130,2758,1),(7697,NULL,130,2759,3),(7698,NULL,130,2760,3),(7699,NULL,130,2761,3),(7700,NULL,130,2762,3),(7701,NULL,130,2763,3),(7702,NULL,130,2764,1),(7703,NULL,130,2765,1),(7704,NULL,130,2766,1),(7705,NULL,130,2767,1),(7706,NULL,130,2768,1),(7707,NULL,130,2769,1),(7708,NULL,130,2770,1),(7709,NULL,130,2771,1),(7710,NULL,130,2772,1),(7711,NULL,130,2773,1),(7712,NULL,130,2774,1),(7713,NULL,130,2775,1),(7714,NULL,130,2776,1),(7715,NULL,130,2777,1),(7716,NULL,130,2778,1),(7717,NULL,130,2779,1),(7718,NULL,130,2780,1),(7719,NULL,130,2781,1),(7720,NULL,130,2782,1),(7721,NULL,130,2783,1),(7722,NULL,130,2784,1),(7723,NULL,130,2785,1),(7724,NULL,130,2786,1),(7725,NULL,130,2787,1),(7726,NULL,130,2788,1),(7727,NULL,130,2789,1),(7728,NULL,130,2790,1),(7729,NULL,130,2791,1),(7730,NULL,130,2792,1),(7731,NULL,130,2793,1),(7732,NULL,130,2794,1),(7733,NULL,130,2795,1),(7734,NULL,130,2796,1),(7735,NULL,130,2797,1),(7736,NULL,130,2798,1),(7737,NULL,130,2799,1),(7738,NULL,130,2800,1),(7739,NULL,130,2801,1),(7740,NULL,130,2802,1),(7741,NULL,130,2803,1),(7742,NULL,130,2804,1),(7743,NULL,131,2705,1),(7744,NULL,131,2706,1),(7745,NULL,131,2707,1),(7746,NULL,131,2708,1),(7747,NULL,131,2709,1),(7748,NULL,131,2710,1),(7749,NULL,131,2711,1),(7750,NULL,131,2712,1),(7751,NULL,131,2713,1),(7752,NULL,131,2714,1),(7753,NULL,131,2715,1),(7754,NULL,131,2716,1),(7755,NULL,131,2717,1),(7756,NULL,131,2718,1),(7757,NULL,131,2719,1),(7758,NULL,131,2720,1),(7759,NULL,131,2721,1),(7760,NULL,131,2722,1),(7761,NULL,131,2723,1),(7762,NULL,131,2724,1),(7763,NULL,131,2725,1),(7764,NULL,131,2726,1),(7765,NULL,131,2727,1),(7766,NULL,131,2728,1),(7767,NULL,131,2729,1),(7768,NULL,131,2730,1),(7769,NULL,131,2731,1),(7770,NULL,131,2732,1),(7771,NULL,131,2733,1),(7772,NULL,131,2734,1),(7773,NULL,131,2735,1),(7774,NULL,131,2736,1),(7775,NULL,131,2737,1),(7776,NULL,131,2738,3),(7777,NULL,131,2739,3),(7778,NULL,131,2740,3),(7779,NULL,131,2741,1),(7780,NULL,131,2742,1),(7781,NULL,131,2743,1),(7782,NULL,131,2744,1),(7783,NULL,131,2745,1),(7784,NULL,131,2746,1),(7785,NULL,131,2747,1),(7786,NULL,131,2748,3),(7787,NULL,131,2749,3),(7788,NULL,131,2750,3),(7789,NULL,131,2751,1),(7790,NULL,131,2752,1),(7791,NULL,131,2753,1),(7792,NULL,131,2754,1),(7793,NULL,131,2755,1),(7794,NULL,131,2756,1),(7795,NULL,131,2757,1),(7796,NULL,131,2758,3),(7797,NULL,131,2759,3),(7798,NULL,131,2760,3),(7799,NULL,131,2761,1),(7800,NULL,131,2762,1),(7801,NULL,131,2763,1),(7802,NULL,131,2764,1),(7803,NULL,131,2765,1),(7804,NULL,131,2766,1),(7805,NULL,131,2767,1),(7806,NULL,131,2768,1),(7807,NULL,131,2769,1),(7808,NULL,131,2770,1),(7809,NULL,131,2771,1),(7810,NULL,131,2772,1),(7811,NULL,131,2773,1),(7812,NULL,131,2774,1),(7813,NULL,131,2775,1),(7814,NULL,131,2776,1),(7815,NULL,131,2777,1),(7816,NULL,131,2778,1),(7817,NULL,131,2779,1),(7818,NULL,131,2780,1),(7819,NULL,131,2781,1),(7820,NULL,131,2782,1),(7821,NULL,131,2783,1),(7822,NULL,131,2784,1),(7823,NULL,131,2785,1),(7824,NULL,131,2786,1),(7825,NULL,131,2787,1),(7826,NULL,131,2788,1),(7827,NULL,131,2789,1),(7828,NULL,131,2790,1),(7829,NULL,131,2791,1),(7830,NULL,131,2792,1),(7831,NULL,131,2793,1),(7832,NULL,131,2794,1),(7833,NULL,131,2795,1),(7834,NULL,131,2796,1),(7835,NULL,131,2797,1),(7836,NULL,131,2798,1),(7837,NULL,131,2799,1),(7838,NULL,131,2800,1),(7839,NULL,131,2801,1),(7840,NULL,131,2802,1),(7841,NULL,131,2803,1),(7842,NULL,131,2804,1),(7843,NULL,132,2705,1),(7844,NULL,132,2706,1),(7845,NULL,132,2707,1),(7846,NULL,132,2708,1),(7847,NULL,132,2709,1),(7848,NULL,132,2710,1),(7849,NULL,132,2711,1),(7850,NULL,132,2712,1),(7851,NULL,132,2713,1),(7852,NULL,132,2714,1),(7853,NULL,132,2715,1),(7854,NULL,132,2716,1),(7855,NULL,132,2717,1),(7856,NULL,132,2718,1),(7857,NULL,132,2719,1),(7858,NULL,132,2720,1),(7859,NULL,132,2721,1),(7860,NULL,132,2722,1),(7861,NULL,132,2723,1),(7862,NULL,132,2724,1),(7863,NULL,132,2725,1),(7864,NULL,132,2726,1),(7865,NULL,132,2727,1),(7866,NULL,132,2728,1),(7867,NULL,132,2729,3),(7868,NULL,132,2730,1),(7869,NULL,132,2731,3),(7870,NULL,132,2732,1),(7871,NULL,132,2733,1),(7872,NULL,132,2734,1),(7873,NULL,132,2735,1),(7874,NULL,132,2736,1),(7875,NULL,132,2737,3),(7876,NULL,132,2738,3),(7877,NULL,132,2739,3),(7878,NULL,132,2740,3),(7879,NULL,132,2741,3),(7880,NULL,132,2742,3),(7881,NULL,132,2743,1),(7882,NULL,132,2744,1),(7883,NULL,132,2745,1),(7884,NULL,132,2746,1),(7885,NULL,132,2747,3),(7886,NULL,132,2748,3),(7887,NULL,132,2749,3),(7888,NULL,132,2750,3),(7889,NULL,132,2751,3),(7890,NULL,132,2752,1),(7891,NULL,132,2753,1),(7892,NULL,132,2754,1),(7893,NULL,132,2755,1),(7894,NULL,132,2756,1),(7895,NULL,132,2757,1),(7896,NULL,132,2758,3),(7897,NULL,132,2759,3),(7898,NULL,132,2760,3),(7899,NULL,132,2761,3),(7900,NULL,132,2762,3),(7901,NULL,132,2763,1),(7902,NULL,132,2764,1),(7903,NULL,132,2765,1),(7904,NULL,132,2766,1),(7905,NULL,132,2767,1),(7906,NULL,132,2768,3),(7907,NULL,132,2769,3),(7908,NULL,132,2770,3),(7909,NULL,132,2771,3),(7910,NULL,132,2772,3),(7911,NULL,132,2773,1),(7912,NULL,132,2774,1),(7913,NULL,132,2775,1),(7914,NULL,132,2776,1),(7915,NULL,132,2777,1),(7916,NULL,132,2778,1),(7917,NULL,132,2779,1),(7918,NULL,132,2780,1),(7919,NULL,132,2781,1),(7920,NULL,132,2782,1),(7921,NULL,132,2783,1),(7922,NULL,132,2784,1),(7923,NULL,132,2785,1),(7924,NULL,132,2786,1),(7925,NULL,132,2787,1),(7926,NULL,132,2788,1),(7927,NULL,132,2789,1),(7928,NULL,132,2790,1),(7929,NULL,132,2791,1),(7930,NULL,132,2792,1),(7931,NULL,132,2793,1),(7932,NULL,132,2794,1),(7933,NULL,132,2795,1),(7934,NULL,132,2796,1),(7935,NULL,132,2797,1),(7936,NULL,132,2798,1),(7937,NULL,132,2799,1),(7938,NULL,132,2800,1),(7939,NULL,132,2801,1),(7940,NULL,132,2802,1),(7941,NULL,132,2803,1),(7942,NULL,132,2804,1),(7943,NULL,133,3178,1),(7944,NULL,133,3179,1),(7945,NULL,133,3180,1),(7946,NULL,133,3181,1),(7947,NULL,133,3182,1),(7948,NULL,133,3183,1),(7949,NULL,133,3184,1),(7950,NULL,133,3185,1),(7951,NULL,133,3186,1),(7952,NULL,133,3187,1),(7953,NULL,133,3188,1),(7954,NULL,133,3189,1),(7955,NULL,133,3190,1),(7956,NULL,133,3191,1),(7957,NULL,133,3192,1),(7958,NULL,133,3193,1),(7959,NULL,133,3194,1),(7960,NULL,133,3195,1),(7961,NULL,133,3196,1),(7962,NULL,133,3197,1),(7963,NULL,133,3198,1),(7964,NULL,133,3199,1),(7965,NULL,133,3200,1),(7966,NULL,133,3201,1),(7967,NULL,133,3202,1),(7968,NULL,133,3203,1),(7969,NULL,133,3204,1),(7970,NULL,133,3205,1),(7971,NULL,133,3206,1),(7972,NULL,133,3207,1),(7973,NULL,133,3208,1),(7974,NULL,133,3209,1),(7975,NULL,133,3210,1),(7976,NULL,133,3211,1),(7977,NULL,133,3212,1),(7978,NULL,133,3213,1),(7979,NULL,133,3214,1),(7980,NULL,133,3215,1),(7981,NULL,133,3216,1),(7982,NULL,133,3217,1),(7983,NULL,133,3218,1),(7984,NULL,133,3219,1),(7985,NULL,133,3220,1),(7986,NULL,133,3221,1),(7987,NULL,133,3222,1),(7988,NULL,133,3223,1),(7989,NULL,133,3224,1),(7990,NULL,133,3225,1),(7991,NULL,133,3226,1),(7992,NULL,133,3227,1),(7993,NULL,133,3228,1),(7994,NULL,133,3229,1),(7995,NULL,133,3230,1),(7996,NULL,133,3231,1),(7997,NULL,133,3232,1),(7998,NULL,133,3233,1),(7999,NULL,133,3234,1),(8000,NULL,133,3235,1),(8001,NULL,133,3236,1),(8002,NULL,133,3237,1),(8003,NULL,133,3238,1),(8004,NULL,133,3239,1),(8005,NULL,133,3240,1),(8006,NULL,133,3241,1),(8007,NULL,133,3242,1),(8008,NULL,133,3243,1),(8009,NULL,133,3244,1),(8010,NULL,133,3245,1),(8011,NULL,133,3246,1),(8012,NULL,133,3247,1),(8013,NULL,133,3248,1),(8014,NULL,133,3249,1),(8015,NULL,134,3178,1),(8016,NULL,134,3179,1),(8017,NULL,134,3180,1),(8018,NULL,134,3181,1),(8019,NULL,134,3182,1),(8020,NULL,134,3183,1),(8021,NULL,134,3184,1),(8022,NULL,134,3185,1),(8023,NULL,134,3186,1),(8024,NULL,134,3187,1),(8025,NULL,134,3188,1),(8026,NULL,134,3189,1),(8027,NULL,134,3190,1),(8028,NULL,134,3191,1),(8029,NULL,134,3192,1),(8030,NULL,134,3193,1),(8031,NULL,134,3194,1),(8032,NULL,134,3195,1),(8033,NULL,134,3196,1),(8034,NULL,134,3197,1),(8035,NULL,134,3198,1),(8036,NULL,134,3199,1),(8037,NULL,134,3200,1),(8038,NULL,134,3201,1),(8039,NULL,134,3202,1),(8040,NULL,134,3203,1),(8041,NULL,134,3204,1),(8042,NULL,134,3205,1),(8043,NULL,134,3206,1),(8044,NULL,134,3207,1),(8045,NULL,134,3208,1),(8046,NULL,134,3209,1),(8047,NULL,134,3210,1),(8048,NULL,134,3211,1),(8049,NULL,134,3212,1),(8050,NULL,134,3213,1),(8051,NULL,134,3214,1),(8052,NULL,134,3215,1),(8053,NULL,134,3216,1),(8054,NULL,134,3217,1),(8055,NULL,134,3218,1),(8056,NULL,134,3219,1),(8057,NULL,134,3220,1),(8058,NULL,134,3221,1),(8059,NULL,134,3222,1),(8060,NULL,134,3223,1),(8061,NULL,134,3224,1),(8062,NULL,134,3225,1),(8063,NULL,134,3226,1),(8064,NULL,134,3227,1),(8065,NULL,134,3228,1),(8066,NULL,134,3229,1),(8067,NULL,134,3230,1),(8068,NULL,134,3231,1),(8069,NULL,134,3232,1),(8070,NULL,134,3233,1),(8071,NULL,134,3234,1),(8072,NULL,134,3235,1),(8073,NULL,134,3236,1),(8074,NULL,134,3237,1),(8075,NULL,134,3238,1),(8076,NULL,134,3239,1),(8077,NULL,134,3240,1),(8078,NULL,134,3241,1),(8079,NULL,134,3242,1),(8080,NULL,134,3243,1),(8081,NULL,134,3244,1),(8082,NULL,134,3245,1),(8083,NULL,134,3246,1),(8084,NULL,134,3247,1),(8085,NULL,134,3248,1),(8086,NULL,134,3249,1),(8087,NULL,135,3178,1),(8088,NULL,135,3179,1),(8089,NULL,135,3180,1),(8090,NULL,135,3181,1),(8091,NULL,135,3182,1),(8092,NULL,135,3183,1),(8093,NULL,135,3184,1),(8094,NULL,135,3185,1),(8095,NULL,135,3186,1),(8096,NULL,135,3187,1),(8097,NULL,135,3188,1),(8098,NULL,135,3189,1),(8099,NULL,135,3190,1),(8100,NULL,135,3191,1),(8101,NULL,135,3192,3),(8102,NULL,135,3193,1),(8103,NULL,135,3194,1),(8104,NULL,135,3195,1),(8105,NULL,135,3196,1),(8106,NULL,135,3197,1),(8107,NULL,135,3198,1),(8108,NULL,135,3199,1),(8109,NULL,135,3200,1),(8110,NULL,135,3201,1),(8111,NULL,135,3202,1),(8112,NULL,135,3203,1),(8113,NULL,135,3204,1),(8114,NULL,135,3205,1),(8115,NULL,135,3206,1),(8116,NULL,135,3207,1),(8117,NULL,135,3208,1),(8118,NULL,135,3209,1),(8119,NULL,135,3210,1),(8120,NULL,135,3211,1),(8121,NULL,135,3212,1),(8122,NULL,135,3213,1),(8123,NULL,135,3214,1),(8124,NULL,135,3215,1),(8125,NULL,135,3216,1),(8126,NULL,135,3217,1),(8127,NULL,135,3218,1),(8128,NULL,135,3219,1),(8129,NULL,135,3220,1),(8130,NULL,135,3221,1),(8131,NULL,135,3222,1),(8132,NULL,135,3223,1),(8133,NULL,135,3224,1),(8134,NULL,135,3225,1),(8135,NULL,135,3226,1),(8136,NULL,135,3227,1),(8137,NULL,135,3228,1),(8138,NULL,135,3229,1),(8139,NULL,135,3230,1),(8140,NULL,135,3231,1),(8141,NULL,135,3232,1),(8142,NULL,135,3233,1),(8143,NULL,135,3234,1),(8144,NULL,135,3235,1),(8145,NULL,135,3236,1),(8146,NULL,135,3237,1),(8147,NULL,135,3238,1),(8148,NULL,135,3239,1),(8149,NULL,135,3240,1),(8150,NULL,135,3241,1),(8151,NULL,135,3242,1),(8152,NULL,135,3243,1),(8153,NULL,135,3244,1),(8154,NULL,135,3245,1),(8155,NULL,135,3246,1),(8156,NULL,135,3247,1),(8157,NULL,135,3248,1),(8158,NULL,135,3249,1),(8159,NULL,136,3178,1),(8160,NULL,136,3179,1),(8161,NULL,136,3180,1),(8162,NULL,136,3181,1),(8163,NULL,136,3182,1),(8164,NULL,136,3183,1),(8165,NULL,136,3184,1),(8166,NULL,136,3185,1),(8167,NULL,136,3186,1),(8168,NULL,136,3187,1),(8169,NULL,136,3188,1),(8170,NULL,136,3189,1),(8171,NULL,136,3190,1),(8172,NULL,136,3191,1),(8173,NULL,136,3192,1),(8174,NULL,136,3193,1),(8175,NULL,136,3194,1),(8176,NULL,136,3195,1),(8177,NULL,136,3196,1),(8178,NULL,136,3197,1),(8179,NULL,136,3198,1),(8180,NULL,136,3199,1),(8181,NULL,136,3200,1),(8182,NULL,136,3201,1),(8183,NULL,136,3202,1),(8184,NULL,136,3203,1),(8185,NULL,136,3204,1),(8186,NULL,136,3205,1),(8187,NULL,136,3206,1),(8188,NULL,136,3207,1),(8189,NULL,136,3208,1),(8190,NULL,136,3209,1),(8191,NULL,136,3210,1),(8192,NULL,136,3211,1),(8193,NULL,136,3212,1),(8194,NULL,136,3213,1),(8195,NULL,136,3214,1),(8196,NULL,136,3215,1),(8197,NULL,136,3216,1),(8198,NULL,136,3217,1),(8199,NULL,136,3218,1),(8200,NULL,136,3219,1),(8201,NULL,136,3220,1),(8202,NULL,136,3221,1),(8203,NULL,136,3222,1),(8204,NULL,136,3223,1),(8205,NULL,136,3224,1),(8206,NULL,136,3225,1),(8207,NULL,136,3226,1),(8208,NULL,136,3227,1),(8209,NULL,136,3228,1),(8210,NULL,136,3229,1),(8211,NULL,136,3230,1),(8212,NULL,136,3231,1),(8213,NULL,136,3232,1),(8214,NULL,136,3233,1),(8215,NULL,136,3234,1),(8216,NULL,136,3235,1),(8217,NULL,136,3236,1),(8218,NULL,136,3237,1),(8219,NULL,136,3238,1),(8220,NULL,136,3239,1),(8221,NULL,136,3240,1),(8222,NULL,136,3241,1),(8223,NULL,136,3242,1),(8224,NULL,136,3243,1),(8225,NULL,136,3244,1),(8226,NULL,136,3245,1),(8227,NULL,136,3246,1),(8228,NULL,136,3247,1),(8229,NULL,136,3248,1),(8230,NULL,136,3249,1),(8231,NULL,137,3178,1),(8232,NULL,137,3179,1),(8233,NULL,137,3180,1),(8234,NULL,137,3181,1),(8235,NULL,137,3182,1),(8236,NULL,137,3183,1),(8237,NULL,137,3184,1),(8238,NULL,137,3185,1),(8239,NULL,137,3186,1),(8240,NULL,137,3187,1),(8241,NULL,137,3188,1),(8242,NULL,137,3189,1),(8243,NULL,137,3190,1),(8244,NULL,137,3191,1),(8245,NULL,137,3192,1),(8246,NULL,137,3193,1),(8247,NULL,137,3194,1),(8248,NULL,137,3195,1),(8249,NULL,137,3196,1),(8250,NULL,137,3197,1),(8251,NULL,137,3198,1),(8252,NULL,137,3199,1),(8253,NULL,137,3200,1),(8254,NULL,137,3201,1),(8255,NULL,137,3202,1),(8256,NULL,137,3203,1),(8257,NULL,137,3204,1),(8258,NULL,137,3205,1),(8259,NULL,137,3206,1),(8260,NULL,137,3207,1),(8261,NULL,137,3208,1),(8262,NULL,137,3209,1),(8263,NULL,137,3210,1),(8264,NULL,137,3211,1),(8265,NULL,137,3212,1),(8266,NULL,137,3213,1),(8267,NULL,137,3214,1),(8268,NULL,137,3215,1),(8269,NULL,137,3216,1),(8270,NULL,137,3217,1),(8271,NULL,137,3218,1),(8272,NULL,137,3219,1),(8273,NULL,137,3220,1),(8274,NULL,137,3221,1),(8275,NULL,137,3222,1),(8276,NULL,137,3223,1),(8277,NULL,137,3224,1),(8278,NULL,137,3225,1),(8279,NULL,137,3226,1),(8280,NULL,137,3227,1),(8281,NULL,137,3228,1),(8282,NULL,137,3229,1),(8283,NULL,137,3230,1),(8284,NULL,137,3231,1),(8285,NULL,137,3232,1),(8286,NULL,137,3233,1),(8287,NULL,137,3234,1),(8288,NULL,137,3235,1),(8289,NULL,137,3236,1),(8290,NULL,137,3237,1),(8291,NULL,137,3238,1),(8292,NULL,137,3239,1),(8293,NULL,137,3240,1),(8294,NULL,137,3241,1),(8295,NULL,137,3242,1),(8296,NULL,137,3243,1),(8297,NULL,137,3244,1),(8298,NULL,137,3245,1),(8299,NULL,137,3246,1),(8300,NULL,137,3247,1),(8301,NULL,137,3248,1),(8302,NULL,137,3249,1),(8303,NULL,138,3178,1),(8304,NULL,138,3179,1),(8305,NULL,138,3180,1),(8306,NULL,138,3181,1),(8307,NULL,138,3182,1),(8308,NULL,138,3183,1),(8309,NULL,138,3184,1),(8310,NULL,138,3185,1),(8311,NULL,138,3186,1),(8312,NULL,138,3187,1),(8313,NULL,138,3188,1),(8314,NULL,138,3189,1),(8315,NULL,138,3190,1),(8316,NULL,138,3191,1),(8317,NULL,138,3192,1),(8318,NULL,138,3193,1),(8319,NULL,138,3194,1),(8320,NULL,138,3195,1),(8321,NULL,138,3196,1),(8322,NULL,138,3197,1),(8323,NULL,138,3198,1),(8324,NULL,138,3199,1),(8325,NULL,138,3200,1),(8326,NULL,138,3201,1),(8327,NULL,138,3202,1),(8328,NULL,138,3203,1),(8329,NULL,138,3204,1),(8330,NULL,138,3205,1),(8331,NULL,138,3206,1),(8332,NULL,138,3207,1),(8333,NULL,138,3208,1),(8334,NULL,138,3209,1),(8335,NULL,138,3210,1),(8336,NULL,138,3211,1),(8337,NULL,138,3212,1),(8338,NULL,138,3213,1),(8339,NULL,138,3214,1),(8340,NULL,138,3215,1),(8341,NULL,138,3216,1),(8342,NULL,138,3217,1),(8343,NULL,138,3218,1),(8344,NULL,138,3219,1),(8345,NULL,138,3220,1),(8346,NULL,138,3221,1),(8347,NULL,138,3222,1),(8348,NULL,138,3223,1),(8349,NULL,138,3224,1),(8350,NULL,138,3225,1),(8351,NULL,138,3226,1),(8352,NULL,138,3227,1),(8353,NULL,138,3228,1),(8354,NULL,138,3229,1),(8355,NULL,138,3230,1),(8356,NULL,138,3231,1),(8357,NULL,138,3232,1),(8358,NULL,138,3233,1),(8359,NULL,138,3234,1),(8360,NULL,138,3235,1),(8361,NULL,138,3236,1),(8362,NULL,138,3237,1),(8363,NULL,138,3238,1),(8364,NULL,138,3239,1),(8365,NULL,138,3240,1),(8366,NULL,138,3241,1),(8367,NULL,138,3242,1),(8368,NULL,138,3243,1),(8369,NULL,138,3244,1),(8370,NULL,138,3245,1),(8371,NULL,138,3246,1),(8372,NULL,138,3247,1),(8373,NULL,138,3248,1),(8374,NULL,138,3249,1),(8375,NULL,139,3178,1),(8376,NULL,139,3179,1),(8377,NULL,139,3180,1),(8378,NULL,139,3181,1),(8379,NULL,139,3182,1),(8380,NULL,139,3183,1),(8381,NULL,139,3184,1),(8382,NULL,139,3185,1),(8383,NULL,139,3186,1),(8384,NULL,139,3187,1),(8385,NULL,139,3188,1),(8386,NULL,139,3189,1),(8387,NULL,139,3190,1),(8388,NULL,139,3191,1),(8389,NULL,139,3192,1),(8390,NULL,139,3193,1),(8391,NULL,139,3194,1),(8392,NULL,139,3195,1),(8393,NULL,139,3196,1),(8394,NULL,139,3197,1),(8395,NULL,139,3198,1),(8396,NULL,139,3199,1),(8397,NULL,139,3200,1),(8398,NULL,139,3201,1),(8399,NULL,139,3202,1),(8400,NULL,139,3203,1),(8401,NULL,139,3204,1),(8402,NULL,139,3205,1),(8403,NULL,139,3206,1),(8404,NULL,139,3207,1),(8405,NULL,139,3208,1),(8406,NULL,139,3209,1),(8407,NULL,139,3210,1),(8408,NULL,139,3211,1),(8409,NULL,139,3212,1),(8410,NULL,139,3213,1),(8411,NULL,139,3214,1),(8412,NULL,139,3215,1),(8413,NULL,139,3216,1),(8414,NULL,139,3217,1),(8415,NULL,139,3218,1),(8416,NULL,139,3219,1),(8417,NULL,139,3220,1),(8418,NULL,139,3221,1),(8419,NULL,139,3222,1),(8420,NULL,139,3223,1),(8421,NULL,139,3224,1),(8422,NULL,139,3225,1),(8423,NULL,139,3226,1),(8424,NULL,139,3227,1),(8425,NULL,139,3228,1),(8426,NULL,139,3229,1),(8427,NULL,139,3230,1),(8428,NULL,139,3231,1),(8429,NULL,139,3232,1),(8430,NULL,139,3233,1),(8431,NULL,139,3234,1),(8432,NULL,139,3235,1),(8433,NULL,139,3236,1),(8434,NULL,139,3237,1),(8435,NULL,139,3238,1),(8436,NULL,139,3239,1),(8437,NULL,139,3240,1),(8438,NULL,139,3241,1),(8439,NULL,139,3242,1),(8440,NULL,139,3243,1),(8441,NULL,139,3244,1),(8442,NULL,139,3245,1),(8443,NULL,139,3246,1),(8444,NULL,139,3247,1),(8445,NULL,139,3248,1),(8446,NULL,139,3249,1),(8447,NULL,140,3178,1),(8448,NULL,140,3179,1),(8449,NULL,140,3180,1),(8450,NULL,140,3181,1),(8451,NULL,140,3182,1),(8452,NULL,140,3183,1),(8453,NULL,140,3184,1),(8454,NULL,140,3185,1),(8455,NULL,140,3186,1),(8456,NULL,140,3187,1),(8457,NULL,140,3188,1),(8458,NULL,140,3189,1),(8459,NULL,140,3190,1),(8460,NULL,140,3191,1),(8461,NULL,140,3192,1),(8462,NULL,140,3193,1),(8463,NULL,140,3194,1),(8464,NULL,140,3195,1),(8465,NULL,140,3196,1),(8466,NULL,140,3197,1),(8467,NULL,140,3198,1),(8468,NULL,140,3199,1),(8469,NULL,140,3200,1),(8470,NULL,140,3201,1),(8471,NULL,140,3202,1),(8472,NULL,140,3203,1),(8473,NULL,140,3204,1),(8474,NULL,140,3205,1),(8475,NULL,140,3206,1),(8476,NULL,140,3207,1),(8477,NULL,140,3208,1),(8478,NULL,140,3209,1),(8479,NULL,140,3210,1),(8480,NULL,140,3211,1),(8481,NULL,140,3212,1),(8482,NULL,140,3213,1),(8483,NULL,140,3214,1),(8484,NULL,140,3215,1),(8485,NULL,140,3216,1),(8486,NULL,140,3217,1),(8487,NULL,140,3218,1),(8488,NULL,140,3219,1),(8489,NULL,140,3220,1),(8490,NULL,140,3221,1),(8491,NULL,140,3222,1),(8492,NULL,140,3223,1),(8493,NULL,140,3224,1),(8494,NULL,140,3225,1),(8495,NULL,140,3226,1),(8496,NULL,140,3227,1),(8497,NULL,140,3228,1),(8498,NULL,140,3229,1),(8499,NULL,140,3230,1),(8500,NULL,140,3231,1),(8501,NULL,140,3232,1),(8502,NULL,140,3233,1),(8503,NULL,140,3234,1),(8504,NULL,140,3235,1),(8505,NULL,140,3236,1),(8506,NULL,140,3237,1),(8507,NULL,140,3238,1),(8508,NULL,140,3239,1),(8509,NULL,140,3240,1),(8510,NULL,140,3241,1),(8511,NULL,140,3242,1),(8512,NULL,140,3243,1),(8513,NULL,140,3244,1),(8514,NULL,140,3245,1),(8515,NULL,140,3246,1),(8516,NULL,140,3247,1),(8517,NULL,140,3248,1),(8518,NULL,140,3249,1),(8519,NULL,141,3178,1),(8520,NULL,141,3179,1),(8521,NULL,141,3180,1),(8522,NULL,141,3181,1),(8523,NULL,141,3182,1),(8524,NULL,141,3183,1),(8525,NULL,141,3184,1),(8526,NULL,141,3185,1),(8527,NULL,141,3186,1),(8528,NULL,141,3187,1),(8529,NULL,141,3188,1),(8530,NULL,141,3189,1),(8531,NULL,141,3190,1),(8532,NULL,141,3191,1),(8533,NULL,141,3192,1),(8534,NULL,141,3193,1),(8535,NULL,141,3194,1),(8536,NULL,141,3195,1),(8537,NULL,141,3196,1),(8538,NULL,141,3197,1),(8539,NULL,141,3198,1),(8540,NULL,141,3199,1),(8541,NULL,141,3200,1),(8542,NULL,141,3201,1),(8543,NULL,141,3202,1),(8544,NULL,141,3203,1),(8545,NULL,141,3204,1),(8546,NULL,141,3205,1),(8547,NULL,141,3206,1),(8548,NULL,141,3207,1),(8549,NULL,141,3208,1),(8550,NULL,141,3209,1),(8551,NULL,141,3210,1),(8552,NULL,141,3211,1),(8553,NULL,141,3212,1),(8554,NULL,141,3213,1),(8555,NULL,141,3214,1),(8556,NULL,141,3215,1),(8557,NULL,141,3216,1),(8558,NULL,141,3217,1),(8559,NULL,141,3218,1),(8560,NULL,141,3219,1),(8561,NULL,141,3220,1),(8562,NULL,141,3221,1),(8563,NULL,141,3222,1),(8564,NULL,141,3223,1),(8565,NULL,141,3224,1),(8566,NULL,141,3225,1),(8567,NULL,141,3226,1),(8568,NULL,141,3227,1),(8569,NULL,141,3228,1),(8570,NULL,141,3229,1),(8571,NULL,141,3230,1),(8572,NULL,141,3231,1),(8573,NULL,141,3232,1),(8574,NULL,141,3233,1),(8575,NULL,141,3234,1),(8576,NULL,141,3235,1),(8577,NULL,141,3236,1),(8578,NULL,141,3237,1),(8579,NULL,141,3238,1),(8580,NULL,141,3239,1),(8581,NULL,141,3240,1),(8582,NULL,141,3241,1),(8583,NULL,141,3242,1),(8584,NULL,141,3243,1),(8585,NULL,141,3244,1),(8586,NULL,141,3245,1),(8587,NULL,141,3246,1),(8588,NULL,141,3247,1),(8589,NULL,141,3248,1),(8590,NULL,141,3249,1),(8591,NULL,142,3178,1),(8592,NULL,142,3179,1),(8593,NULL,142,3180,1),(8594,NULL,142,3181,1),(8595,NULL,142,3182,1),(8596,NULL,142,3183,1),(8597,NULL,142,3184,1),(8598,NULL,142,3185,1),(8599,NULL,142,3186,1),(8600,NULL,142,3187,1),(8601,NULL,142,3188,1),(8602,NULL,142,3189,1),(8603,NULL,142,3190,1),(8604,NULL,142,3191,1),(8605,NULL,142,3192,1),(8606,NULL,142,3193,1),(8607,NULL,142,3194,1),(8608,NULL,142,3195,1),(8609,NULL,142,3196,1),(8610,NULL,142,3197,1),(8611,NULL,142,3198,1),(8612,NULL,142,3199,1),(8613,NULL,142,3200,1),(8614,NULL,142,3201,1),(8615,NULL,142,3202,1),(8616,NULL,142,3203,1),(8617,NULL,142,3204,1),(8618,NULL,142,3205,1),(8619,NULL,142,3206,1),(8620,NULL,142,3207,1),(8621,NULL,142,3208,1),(8622,NULL,142,3209,1),(8623,NULL,142,3210,1),(8624,NULL,142,3211,1),(8625,NULL,142,3212,1),(8626,NULL,142,3213,1),(8627,NULL,142,3214,1),(8628,NULL,142,3215,1),(8629,NULL,142,3216,1),(8630,NULL,142,3217,1),(8631,NULL,142,3218,1),(8632,NULL,142,3219,1),(8633,NULL,142,3220,1),(8634,NULL,142,3221,1),(8635,NULL,142,3222,1),(8636,NULL,142,3223,1),(8637,NULL,142,3224,1),(8638,NULL,142,3225,1),(8639,NULL,142,3226,1),(8640,NULL,142,3227,1),(8641,NULL,142,3228,1),(8642,NULL,142,3229,1),(8643,NULL,142,3230,1),(8644,NULL,142,3231,1),(8645,NULL,142,3232,1),(8646,NULL,142,3233,1),(8647,NULL,142,3234,1),(8648,NULL,142,3235,1),(8649,NULL,142,3236,1),(8650,NULL,142,3237,1),(8651,NULL,142,3238,1),(8652,NULL,142,3239,1),(8653,NULL,142,3240,1),(8654,NULL,142,3241,1),(8655,NULL,142,3242,1),(8656,NULL,142,3243,1),(8657,NULL,142,3244,1),(8658,NULL,142,3245,1),(8659,NULL,142,3246,1),(8660,NULL,142,3247,1),(8661,NULL,142,3248,1),(8662,NULL,142,3249,1),(8663,NULL,143,3178,1),(8664,NULL,143,3179,1),(8665,NULL,143,3180,1),(8666,NULL,143,3181,1),(8667,NULL,143,3182,1),(8668,NULL,143,3183,1),(8669,NULL,143,3184,1),(8670,NULL,143,3185,1),(8671,NULL,143,3186,1),(8672,NULL,143,3187,1),(8673,NULL,143,3188,1),(8674,NULL,143,3189,1),(8675,NULL,143,3190,1),(8676,NULL,143,3191,1),(8677,NULL,143,3192,1),(8678,NULL,143,3193,1),(8679,NULL,143,3194,1),(8680,NULL,143,3195,1),(8681,NULL,143,3196,1),(8682,NULL,143,3197,1),(8683,NULL,143,3198,1),(8684,NULL,143,3199,1),(8685,NULL,143,3200,1),(8686,NULL,143,3201,1),(8687,NULL,143,3202,1),(8688,NULL,143,3203,1),(8689,NULL,143,3204,1),(8690,NULL,143,3205,1),(8691,NULL,143,3206,1),(8692,NULL,143,3207,1),(8693,NULL,143,3208,1),(8694,NULL,143,3209,1),(8695,NULL,143,3210,1),(8696,NULL,143,3211,1),(8697,NULL,143,3212,1),(8698,NULL,143,3213,1),(8699,NULL,143,3214,1),(8700,NULL,143,3215,1),(8701,NULL,143,3216,1),(8702,NULL,143,3217,1),(8703,NULL,143,3218,1),(8704,NULL,143,3219,1),(8705,NULL,143,3220,1),(8706,NULL,143,3221,1),(8707,NULL,143,3222,1),(8708,NULL,143,3223,1),(8709,NULL,143,3224,1),(8710,NULL,143,3225,1),(8711,NULL,143,3226,1),(8712,NULL,143,3227,1),(8713,NULL,143,3228,1),(8714,NULL,143,3229,1),(8715,NULL,143,3230,1),(8716,NULL,143,3231,1),(8717,NULL,143,3232,1),(8718,NULL,143,3233,1),(8719,NULL,143,3234,1),(8720,NULL,143,3235,1),(8721,NULL,143,3236,1),(8722,NULL,143,3237,1),(8723,NULL,143,3238,1),(8724,NULL,143,3239,1),(8725,NULL,143,3240,1),(8726,NULL,143,3241,1),(8727,NULL,143,3242,1),(8728,NULL,143,3243,1),(8729,NULL,143,3244,1),(8730,NULL,143,3245,1),(8731,NULL,143,3246,1),(8732,NULL,143,3247,1),(8733,NULL,143,3248,1),(8734,NULL,143,3249,1),(8735,NULL,144,3178,1),(8736,NULL,144,3179,1),(8737,NULL,144,3180,1),(8738,NULL,144,3181,1),(8739,NULL,144,3182,1),(8740,NULL,144,3183,1),(8741,NULL,144,3184,1),(8742,NULL,144,3185,1),(8743,NULL,144,3186,1),(8744,NULL,144,3187,1),(8745,NULL,144,3188,1),(8746,NULL,144,3189,1),(8747,NULL,144,3190,1),(8748,NULL,144,3191,1),(8749,NULL,144,3192,1),(8750,NULL,144,3193,1),(8751,NULL,144,3194,1),(8752,NULL,144,3195,1),(8753,NULL,144,3196,1),(8754,NULL,144,3197,1),(8755,NULL,144,3198,1),(8756,NULL,144,3199,1),(8757,NULL,144,3200,1),(8758,NULL,144,3201,1),(8759,NULL,144,3202,1),(8760,NULL,144,3203,1),(8761,NULL,144,3204,1),(8762,NULL,144,3205,1),(8763,NULL,144,3206,1),(8764,NULL,144,3207,1),(8765,NULL,144,3208,1),(8766,NULL,144,3209,1),(8767,NULL,144,3210,1),(8768,NULL,144,3211,1),(8769,NULL,144,3212,1),(8770,NULL,144,3213,1),(8771,NULL,144,3214,1),(8772,NULL,144,3215,1),(8773,NULL,144,3216,1),(8774,NULL,144,3217,1),(8775,NULL,144,3218,1),(8776,NULL,144,3219,1),(8777,NULL,144,3220,1),(8778,NULL,144,3221,1),(8779,NULL,144,3222,1),(8780,NULL,144,3223,1),(8781,NULL,144,3224,1),(8782,NULL,144,3225,1),(8783,NULL,144,3226,1),(8784,NULL,144,3227,1),(8785,NULL,144,3228,1),(8786,NULL,144,3229,1),(8787,NULL,144,3230,1),(8788,NULL,144,3231,1),(8789,NULL,144,3232,1),(8790,NULL,144,3233,1),(8791,NULL,144,3234,1),(8792,NULL,144,3235,1),(8793,NULL,144,3236,1),(8794,NULL,144,3237,1),(8795,NULL,144,3238,1),(8796,NULL,144,3239,1),(8797,NULL,144,3240,1),(8798,NULL,144,3241,1),(8799,NULL,144,3242,1),(8800,NULL,144,3243,1),(8801,NULL,144,3244,1),(8802,NULL,144,3245,1),(8803,NULL,144,3246,1),(8804,NULL,144,3247,1),(8805,NULL,144,3248,1),(8806,NULL,144,3249,1),(8807,NULL,145,3178,1),(8808,NULL,145,3179,1),(8809,NULL,145,3180,1),(8810,NULL,145,3181,1),(8811,NULL,145,3182,1),(8812,NULL,145,3183,1),(8813,NULL,145,3184,1),(8814,NULL,145,3185,1),(8815,NULL,145,3186,1),(8816,NULL,145,3187,1),(8817,NULL,145,3188,1),(8818,NULL,145,3189,1),(8819,NULL,145,3190,1),(8820,NULL,145,3191,1),(8821,NULL,145,3192,1),(8822,NULL,145,3193,1),(8823,NULL,145,3194,1),(8824,NULL,145,3195,1),(8825,NULL,145,3196,1),(8826,NULL,145,3197,1),(8827,NULL,145,3198,1),(8828,NULL,145,3199,1),(8829,NULL,145,3200,1),(8830,NULL,145,3201,1),(8831,NULL,145,3202,1),(8832,NULL,145,3203,1),(8833,NULL,145,3204,1),(8834,NULL,145,3205,1),(8835,NULL,145,3206,1),(8836,NULL,145,3207,1),(8837,NULL,145,3208,1),(8838,NULL,145,3209,1),(8839,NULL,145,3210,1),(8840,NULL,145,3211,1),(8841,NULL,145,3212,1),(8842,NULL,145,3213,1),(8843,NULL,145,3214,1),(8844,NULL,145,3215,1),(8845,NULL,145,3216,1),(8846,NULL,145,3217,1),(8847,NULL,145,3218,1),(8848,NULL,145,3219,1),(8849,NULL,145,3220,1),(8850,NULL,145,3221,1),(8851,NULL,145,3222,1),(8852,NULL,145,3223,1),(8853,NULL,145,3224,1),(8854,NULL,145,3225,1),(8855,NULL,145,3226,1),(8856,NULL,145,3227,1),(8857,NULL,145,3228,1),(8858,NULL,145,3229,1),(8859,NULL,145,3230,1),(8860,NULL,145,3231,1),(8861,NULL,145,3232,1),(8862,NULL,145,3233,1),(8863,NULL,145,3234,1),(8864,NULL,145,3235,1),(8865,NULL,145,3236,1),(8866,NULL,145,3237,1),(8867,NULL,145,3238,1),(8868,NULL,145,3239,1),(8869,NULL,145,3240,1),(8870,NULL,145,3241,1),(8871,NULL,145,3242,1),(8872,NULL,145,3243,1),(8873,NULL,145,3244,1),(8874,NULL,145,3245,1),(8875,NULL,145,3246,1),(8876,NULL,145,3247,1),(8877,NULL,145,3248,1),(8878,NULL,145,3249,1),(8879,NULL,146,2926,1),(8880,NULL,146,2927,1),(8881,NULL,146,2928,1),(8882,NULL,146,2929,1),(8883,NULL,146,2930,1),(8884,NULL,146,2931,1),(8885,NULL,146,2932,1),(8886,NULL,146,2933,1),(8887,NULL,146,2934,1),(8888,NULL,146,2935,1),(8889,NULL,146,2936,1),(8890,NULL,146,2937,1),(8891,NULL,146,2938,1),(8892,NULL,146,2939,1),(8893,NULL,146,2940,1),(8894,NULL,146,2941,1),(8895,NULL,146,2942,1),(8896,NULL,146,2943,1),(8897,NULL,146,2944,1),(8898,NULL,146,2945,1),(8899,NULL,146,2946,1),(8900,NULL,146,2947,1),(8901,NULL,146,2948,1),(8902,NULL,146,2949,1),(8903,NULL,146,2950,1),(8904,NULL,146,2951,1),(8905,NULL,146,2952,1),(8906,NULL,146,2953,1),(8907,NULL,146,2954,1),(8908,NULL,146,2955,1),(8909,NULL,146,2956,1),(8910,NULL,146,2957,1),(8911,NULL,146,2958,1),(8912,NULL,146,2959,1),(8913,NULL,146,2960,1),(8914,NULL,146,2961,1),(8915,NULL,146,2962,1),(8916,NULL,146,2963,1),(8917,NULL,146,2964,1),(8918,NULL,146,2965,1),(8919,NULL,146,2966,1),(8920,NULL,146,2967,1),(8921,NULL,146,2968,1),(8922,NULL,146,2969,3),(8923,NULL,146,2970,3),(8924,NULL,146,2971,3),(8925,NULL,146,2972,3),(8926,NULL,146,2973,1),(8927,NULL,146,2974,1),(8928,NULL,146,2975,1),(8929,NULL,146,2976,1),(8930,NULL,146,2977,1),(8931,NULL,146,2978,1),(8932,NULL,146,2979,1),(8933,NULL,146,2980,1),(8934,NULL,146,2981,1),(8935,NULL,146,2982,1),(8936,NULL,146,2983,1),(8937,NULL,146,2984,1),(8938,NULL,146,2985,1),(8939,NULL,146,2986,1),(8940,NULL,146,2987,1),(8941,NULL,146,2988,1),(8942,NULL,146,2989,1),(8943,NULL,146,2990,1),(8944,NULL,146,2991,1),(8945,NULL,146,2992,1),(8946,NULL,146,2993,1),(8947,NULL,146,2994,1),(8948,NULL,146,2995,1),(8949,NULL,146,2996,1),(8950,NULL,146,2997,1),(8951,NULL,146,2998,1),(8952,NULL,146,2999,1),(8953,NULL,146,3000,1),(8954,NULL,146,3001,1),(8955,NULL,146,3002,1),(8956,NULL,146,3003,1),(8957,NULL,146,3004,1),(8958,NULL,146,3005,1),(8959,NULL,146,3006,1),(8960,NULL,146,3007,1),(8961,NULL,146,3008,1),(8962,NULL,146,3009,1),(8963,NULL,146,3010,1),(8964,NULL,146,3011,1),(8965,NULL,146,3012,1),(8966,NULL,146,3013,1),(8967,NULL,146,3014,1),(8968,NULL,146,3015,1),(8969,NULL,147,3097,1),(8970,NULL,147,3098,1),(8971,NULL,147,3099,1),(8972,NULL,147,3100,1),(8973,NULL,147,3101,1),(8974,NULL,147,3102,1),(8975,NULL,147,3103,1),(8976,NULL,147,3104,1),(8977,NULL,147,3105,1),(8978,NULL,147,3106,1),(8979,NULL,147,3107,1),(8980,NULL,147,3108,1),(8981,NULL,147,3109,1),(8982,NULL,147,3110,1),(8983,NULL,147,3111,1),(8984,NULL,147,3112,1),(8985,NULL,147,3113,1),(8986,NULL,147,3114,1),(8987,NULL,147,3115,1),(8988,NULL,147,3116,1),(8989,NULL,147,3117,1),(8990,NULL,147,3118,1),(8991,NULL,147,3119,1),(8992,NULL,147,3120,1),(8993,NULL,147,3121,1),(8994,NULL,147,3122,1),(8995,NULL,147,3123,1),(8996,NULL,147,3124,1),(8997,NULL,147,3125,1),(8998,NULL,147,3126,1),(8999,NULL,147,3127,1),(9000,NULL,147,3128,1),(9001,NULL,147,3129,1),(9002,NULL,147,3130,1),(9003,NULL,147,3131,1),(9004,NULL,147,3132,1),(9005,NULL,147,3133,1),(9006,NULL,147,3134,1),(9007,NULL,147,3135,1),(9008,NULL,147,3136,1),(9009,NULL,147,3137,1),(9010,NULL,147,3138,1),(9011,NULL,147,3139,1),(9012,NULL,147,3140,1),(9013,NULL,147,3141,1),(9014,NULL,147,3142,1),(9015,NULL,147,3143,1),(9016,NULL,147,3144,1),(9017,NULL,147,3145,1),(9018,NULL,147,3146,3),(9019,NULL,147,3147,3),(9020,NULL,147,3148,3),(9021,NULL,147,3149,1),(9022,NULL,147,3150,1),(9023,NULL,147,3151,1),(9024,NULL,147,3152,1),(9025,NULL,147,3153,1),(9026,NULL,147,3154,1),(9027,NULL,147,3155,1),(9028,NULL,147,3156,1),(9029,NULL,147,3157,1),(9030,NULL,147,3158,1),(9031,NULL,147,3159,1),(9032,NULL,147,3160,1),(9033,NULL,147,3161,1),(9034,NULL,147,3162,1),(9035,NULL,147,3163,1),(9036,NULL,147,3164,1),(9037,NULL,147,3165,1),(9038,NULL,147,3166,1),(9039,NULL,147,3167,1),(9040,NULL,147,3168,1),(9041,NULL,147,3169,1),(9042,NULL,147,3170,1),(9043,NULL,147,3171,1),(9044,NULL,147,3172,1),(9045,NULL,147,3173,1),(9046,NULL,147,3174,1),(9047,NULL,147,3175,1),(9048,NULL,147,3176,1),(9049,NULL,147,3177,1),(9050,NULL,148,2705,1),(9051,NULL,148,2706,1),(9052,NULL,148,2707,1),(9053,NULL,148,2708,1),(9054,NULL,148,2709,1),(9055,NULL,148,2710,1),(9056,NULL,148,2711,1),(9057,NULL,148,2712,1),(9058,NULL,148,2713,1),(9059,NULL,148,2714,1),(9060,NULL,148,2715,1),(9061,NULL,148,2716,1),(9062,NULL,148,2717,1),(9063,NULL,148,2718,1),(9064,NULL,148,2719,1),(9065,NULL,148,2720,1),(9066,NULL,148,2721,1),(9067,NULL,148,2722,1),(9068,NULL,148,2723,1),(9069,NULL,148,2724,1),(9070,NULL,148,2725,1),(9071,NULL,148,2726,1),(9072,NULL,148,2727,1),(9073,NULL,148,2728,1),(9074,NULL,148,2729,1),(9075,NULL,148,2730,1),(9076,NULL,148,2731,1),(9077,NULL,148,2732,1),(9078,NULL,148,2733,1),(9079,NULL,148,2734,1),(9080,NULL,148,2735,1),(9081,NULL,148,2736,1),(9082,NULL,148,2737,1),(9083,NULL,148,2738,1),(9084,NULL,148,2739,1),(9085,NULL,148,2740,1),(9086,NULL,148,2741,1),(9087,NULL,148,2742,1),(9088,NULL,148,2743,1),(9089,NULL,148,2744,1),(9090,NULL,148,2745,1),(9091,NULL,148,2746,1),(9092,NULL,148,2747,1),(9093,NULL,148,2748,1),(9094,NULL,148,2749,1),(9095,NULL,148,2750,1),(9096,NULL,148,2751,1),(9097,NULL,148,2752,1),(9098,NULL,148,2753,1),(9099,NULL,148,2754,1),(9100,NULL,148,2755,1),(9101,NULL,148,2756,1),(9102,NULL,148,2757,1),(9103,NULL,148,2758,1),(9104,NULL,148,2759,1),(9105,NULL,148,2760,1),(9106,NULL,148,2761,1),(9107,NULL,148,2762,1),(9108,NULL,148,2763,1),(9109,NULL,148,2764,1),(9110,NULL,148,2765,1),(9111,NULL,148,2766,1),(9112,NULL,148,2767,1),(9113,NULL,148,2768,1),(9114,NULL,148,2769,1),(9115,NULL,148,2770,1),(9116,NULL,148,2771,1),(9117,NULL,148,2772,1),(9118,NULL,148,2773,1),(9119,NULL,148,2774,1),(9120,NULL,148,2775,1),(9121,NULL,148,2776,1),(9122,NULL,148,2777,1),(9123,NULL,148,2778,1),(9124,NULL,148,2779,1),(9125,NULL,148,2780,1),(9126,NULL,148,2781,1),(9127,NULL,148,2782,1),(9128,NULL,148,2783,1),(9129,NULL,148,2784,1),(9130,NULL,148,2785,1),(9131,NULL,148,2786,1),(9132,NULL,148,2787,1),(9133,NULL,148,2788,1),(9134,NULL,148,2789,1),(9135,NULL,148,2790,1),(9136,NULL,148,2791,1),(9137,NULL,148,2792,1),(9138,NULL,148,2793,1),(9139,NULL,148,2794,1),(9140,NULL,148,2795,1),(9141,NULL,148,2796,1),(9142,NULL,148,2797,1),(9143,NULL,148,2798,1),(9144,NULL,148,2799,1),(9145,NULL,148,2800,1),(9146,NULL,148,2801,1),(9147,NULL,148,2802,1),(9148,NULL,148,2803,1),(9149,NULL,148,2804,1),(9150,NULL,149,2705,1),(9151,NULL,149,2706,1),(9152,NULL,149,2707,1),(9153,NULL,149,2708,1),(9154,NULL,149,2709,1),(9155,NULL,149,2710,1),(9156,NULL,149,2711,1),(9157,NULL,149,2712,1),(9158,NULL,149,2713,1),(9159,NULL,149,2714,1),(9160,NULL,149,2715,1),(9161,NULL,149,2716,1),(9162,NULL,149,2717,1),(9163,NULL,149,2718,1),(9164,NULL,149,2719,1),(9165,NULL,149,2720,1),(9166,NULL,149,2721,1),(9167,NULL,149,2722,1),(9168,NULL,149,2723,1),(9169,NULL,149,2724,1),(9170,NULL,149,2725,1),(9171,NULL,149,2726,1),(9172,NULL,149,2727,1),(9173,NULL,149,2728,1),(9174,NULL,149,2729,1),(9175,NULL,149,2730,1),(9176,NULL,149,2731,1),(9177,NULL,149,2732,1),(9178,NULL,149,2733,1),(9179,NULL,149,2734,1),(9180,NULL,149,2735,1),(9181,NULL,149,2736,1),(9182,NULL,149,2737,1),(9183,NULL,149,2738,1),(9184,NULL,149,2739,1),(9185,NULL,149,2740,1),(9186,NULL,149,2741,1),(9187,NULL,149,2742,1),(9188,NULL,149,2743,1),(9189,NULL,149,2744,1),(9190,NULL,149,2745,1),(9191,NULL,149,2746,1),(9192,NULL,149,2747,1),(9193,NULL,149,2748,1),(9194,NULL,149,2749,1),(9195,NULL,149,2750,1),(9196,NULL,149,2751,1),(9197,NULL,149,2752,1),(9198,NULL,149,2753,1),(9199,NULL,149,2754,1),(9200,NULL,149,2755,1),(9201,NULL,149,2756,1),(9202,NULL,149,2757,1),(9203,NULL,149,2758,1),(9204,NULL,149,2759,1),(9205,NULL,149,2760,1),(9206,NULL,149,2761,1),(9207,NULL,149,2762,1),(9208,NULL,149,2763,1),(9209,NULL,149,2764,1),(9210,NULL,149,2765,1),(9211,NULL,149,2766,1),(9212,NULL,149,2767,1),(9213,NULL,149,2768,1),(9214,NULL,149,2769,1),(9215,NULL,149,2770,1),(9216,NULL,149,2771,1),(9217,NULL,149,2772,1),(9218,NULL,149,2773,1),(9219,NULL,149,2774,1),(9220,NULL,149,2775,1),(9221,NULL,149,2776,1),(9222,NULL,149,2777,1),(9223,NULL,149,2778,3),(9224,NULL,149,2779,3),(9225,NULL,149,2780,1),(9226,NULL,149,2781,1),(9227,NULL,149,2782,1),(9228,NULL,149,2783,1),(9229,NULL,149,2784,1),(9230,NULL,149,2785,1),(9231,NULL,149,2786,1),(9232,NULL,149,2787,1),(9233,NULL,149,2788,1),(9234,NULL,149,2789,1),(9235,NULL,149,2790,1),(9236,NULL,149,2791,1),(9237,NULL,149,2792,1),(9238,NULL,149,2793,1),(9239,NULL,149,2794,1),(9240,NULL,149,2795,1),(9241,NULL,149,2796,1),(9242,NULL,149,2797,1),(9243,NULL,149,2798,1),(9244,NULL,149,2799,1),(9245,NULL,149,2800,1),(9246,NULL,149,2801,1),(9247,NULL,149,2802,1),(9248,NULL,149,2803,1),(9249,NULL,149,2804,1);

/*Table structure for table `user` */

DROP TABLE IF EXISTS `user`;

CREATE TABLE `user` (
  `user_id` int(11) NOT NULL AUTO_INCREMENT,
  `username` char(20) CHARACTER SET utf8 COLLATE utf8_general_ci NOT NULL DEFAULT '未命名用户',
  `phone` char(11) NOT NULL,
  `portrait` char(40) CHARACTER SET utf8 COLLATE utf8_general_ci NOT NULL DEFAULT 'default.png',
  `password` char(20) DEFAULT NULL,
  `age` int(2) DEFAULT NULL,
  `gender` char(1) DEFAULT NULL,
  `email` char(40) DEFAULT NULL,
  `introduce` char(255) CHARACTER SET utf8 COLLATE utf8_general_ci DEFAULT '无',
  `balance` double NOT NULL DEFAULT '0',
  PRIMARY KEY (`user_id`)
) ENGINE=InnoDB AUTO_INCREMENT=14 DEFAULT CHARSET=utf8;

/*Data for the table `user` */

insert  into `user`(`user_id`,`username`,`phone`,`portrait`,`password`,`age`,`gender`,`email`,`introduce`,`balance`) values (1,'超级用户就是我啦啦啦','15319730308','1623292424067935200.png',NULL,20,'0','1223176327@qq.com','爱看电影，爱看电影，爱看电影',1077744362.12345),(2,'itsmepcy','15009234469','1623140242602163951.jpeg',NULL,19,'0','2962386332@qq.com','我是不朽哒',9240.1),(3,'Lving_in_salt','15504177732','1623290528498462089.jpg',NULL,1000000,'1','15504177732@163.com','1',1e17),(4,'未命名用户','','default.png',NULL,NULL,NULL,NULL,'无',0),(5,'未命名用户','undefined','default.png',NULL,NULL,NULL,NULL,'无',0),(6,'未命名用户','18329202135','1623122149512608973.png',NULL,NULL,NULL,NULL,'无',10000000),(7,'slwslw','15319170360','default.png',NULL,122,'0','1245467852@qq.com','gx',10328.5),(8,'未命名用户','1531917','default.png',NULL,NULL,NULL,NULL,'无',0),(9,'未命名用户','18700050280','default.png',NULL,NULL,NULL,NULL,'无',99999999965),(10,'未命名用户','18629233628','default.png',NULL,NULL,NULL,NULL,'无',1358024342),(11,'KaiSaiii','18064373749','1623291561368878029.jpg',NULL,21,'0','514955048@qq.com','我的外表可能会吓到你，但请搞清楚——我和你是一伙的，而且我们将血战到底。',1e36),(12,'未命名用户','13096982359','default.png',NULL,NULL,NULL,NULL,'无',999416),(13,'未命名用户','15722376796','default.png',NULL,NULL,NULL,NULL,'无',0);

/*!40101 SET SQL_MODE=@OLD_SQL_MODE */;
/*!40014 SET FOREIGN_KEY_CHECKS=@OLD_FOREIGN_KEY_CHECKS */;
/*!40014 SET UNIQUE_CHECKS=@OLD_UNIQUE_CHECKS */;
/*!40111 SET SQL_NOTES=@OLD_SQL_NOTES */;
